{
"type": "FeatureCollection",
"name": "sekolah_negeri_selangor",
"crs": { "type": "name", "properties": { "name": "urn:ogc:def:crs:OGC:1.3:CRS84" } },
"features": [
{ "type": "Feature", "properties": { "Nama_Sekol": "SEKOLAH JENIS KEBANGSAAN (CINA) CHEN MOH", "PPD": "PPD PETALING UTAMA", "PBT": "MBPJ", "JenisWarta": "Tiada", "Tahap_Seko": "Sekolah Rendah", "Koordinat_": 3.084978, "Koordinat1": 101.643996, "web_name": "SEKOLAH JENIS KEBANGSAAN (CINA) CHEN MOH", "web_code": "-", "web_type": "Tiada", "web_district": "Petaling", "web_ppd": "PPD PETALING UTAMA", "web_level": "Sekolah Rendah", "web_address": "-", "web_pbt": "MBPJ" }, "geometry": { "type": "Point", "coordinates": [ 101.643996, 3.084978 ] } },
{ "type": "Feature", "properties": { "Nama_Sekol": "SEKOLAH JENIS KEBANGSAAN (CINA) CHUNG HWA DAMANSARA", "PPD": "PPD PETALING UTAMA", "PBT": "MBPJ", "JenisWarta": "TM_KPM", "Tahap_Seko": "Sekolah Rendah", "Koordinat_": 3.130676, "Koordinat1": 101.631245, "web_name": "SEKOLAH JENIS KEBANGSAAN (CINA) CHUNG HWA DAMANSARA", "web_code": "-", "web_type": "TM_KPM", "web_district": "Petaling", "web_ppd": "PPD PETALING UTAMA", "web_level": "Sekolah Rendah", "web_address": "-", "web_pbt": "MBPJ" }, "geometry": { "type": "Point", "coordinates": [ 101.631245, 3.130676 ] } },
{ "type": "Feature", "properties": { "Nama_Sekol": "SEKOLAH JENIS KEBANGSAAN (CINA) DAMANSARA", "PPD": "PPD PETALING UTAMA", "PBT": "MBPJ", "JenisWarta": "TM_KPM", "Tahap_Seko": "Sekolah Rendah", "Koordinat_": 3.137736561, "Koordinat1": 101.5996511, "web_name": "SEKOLAH JENIS KEBANGSAAN (CINA) DAMANSARA", "web_code": "-", "web_type": "TM_KPM", "web_district": "Petaling", "web_ppd": "PPD PETALING UTAMA", "web_level": "Sekolah Rendah", "web_address": "-", "web_pbt": "MBPJ" }, "geometry": { "type": "Point", "coordinates": [ 101.599651100000074, 3.137736561000054 ] } },
{ "type": "Feature", "properties": { "Nama_Sekol": "SEKOLAH JENIS KEBANGSAAN (CINA) DESA JAYA 2", "PPD": "PPD PETALING UTAMA", "PBT": "MBPJ", "JenisWarta": "TM_KPM", "Tahap_Seko": "Sekolah Rendah", "Koordinat_": 3.185571, "Koordinat1": 101.605483, "web_name": "SEKOLAH JENIS KEBANGSAAN (CINA) DESA JAYA 2", "web_code": "-", "web_type": "TM_KPM", "web_district": "Petaling", "web_ppd": "PPD PETALING UTAMA", "web_level": "Sekolah Rendah", "web_address": "-", "web_pbt": "MBPJ" }, "geometry": { "type": "Point", "coordinates": [ 101.605483, 3.185571 ] } },
{ "type": "Feature", "properties": { "Nama_Sekol": "SEKOLAH JENIS KEBANGSAAN (CINA) PUAY CHAI", "PPD": "PPD PETALING UTAMA", "PBT": "MBPJ", "JenisWarta": "TM_KPM", "Tahap_Seko": "Sekolah Rendah", "Koordinat_": 3.116747, "Koordinat1": 101.625574, "web_name": "SEKOLAH JENIS KEBANGSAAN (CINA) PUAY CHAI", "web_code": "-", "web_type": "TM_KPM", "web_district": "Petaling", "web_ppd": "PPD PETALING UTAMA", "web_level": "Sekolah Rendah", "web_address": "-", "web_pbt": "MBPJ" }, "geometry": { "type": "Point", "coordinates": [ 101.625574, 3.116747 ] } },
{ "type": "Feature", "properties": { "Nama_Sekol": "SEKOLAH JENIS KEBANGSAAN (CINA) PUAY CHAI 2", "PPD": "PPD PETALING UTAMA", "PBT": "MBPJ", "JenisWarta": "TM_KPM", "Tahap_Seko": "Sekolah Rendah", "Koordinat_": 3.146541, "Koordinat1": 101.610986, "web_name": "SEKOLAH JENIS KEBANGSAAN (CINA) PUAY CHAI 2", "web_code": "-", "web_type": "TM_KPM", "web_district": "Petaling", "web_ppd": "PPD PETALING UTAMA", "web_level": "Sekolah Rendah", "web_address": "-", "web_pbt": "MBPJ" }, "geometry": { "type": "Point", "coordinates": [ 101.610986, 3.146541 ] } },
{ "type": "Feature", "properties": { "Nama_Sekol": "SEKOLAH JENIS KEBANGSAAN (CINA) SUNGAI BULOH", "PPD": "PPD PETALING UTAMA", "PBT": "MBSA", "JenisWarta": "TM_KPM", "Tahap_Seko": "Sekolah Rendah", "Koordinat_": 3.195002778, "Koordinat1": 101.5687528, "web_name": "SEKOLAH JENIS KEBANGSAAN (CINA) SUNGAI BULOH", "web_code": "-", "web_type": "TM_KPM", "web_district": "Petaling", "web_ppd": "PPD PETALING UTAMA", "web_level": "Sekolah Rendah", "web_address": "-", "web_pbt": "MBSA" }, "geometry": { "type": "Point", "coordinates": [ 101.568752800000084, 3.19500277800006 ] } },
{ "type": "Feature", "properties": { "Nama_Sekol": "SEKOLAH JENIS KEBANGSAAN (CINA) SUNGAI WAY", "PPD": "PPD PETALING UTAMA", "PBT": "MBPJ", "JenisWarta": "Tiada", "Tahap_Seko": "Sekolah Rendah", "Koordinat_": 3.087843, "Koordinat1": 101.620993, "web_name": "SEKOLAH JENIS KEBANGSAAN (CINA) SUNGAI WAY", "web_code": "-", "web_type": "Tiada", "web_district": "Petaling", "web_ppd": "PPD PETALING UTAMA", "web_level": "Sekolah Rendah", "web_address": "-", "web_pbt": "MBPJ" }, "geometry": { "type": "Point", "coordinates": [ 101.620993, 3.087843 ] } },
{ "type": "Feature", "properties": { "Nama_Sekol": "SEKOLAH JENIS KEBANGSAAN (CINA) YUK CHAI", "PPD": "PPD PETALING UTAMA", "PBT": "MBPJ", "JenisWarta": "TM_KPM", "Tahap_Seko": "Sekolah Rendah", "Koordinat_": 3.117208, "Koordinat1": 101.607006, "web_name": "SEKOLAH JENIS KEBANGSAAN (CINA) YUK CHAI", "web_code": "-", "web_type": "TM_KPM", "web_district": "Petaling", "web_ppd": "PPD PETALING UTAMA", "web_level": "Sekolah Rendah", "web_address": "-", "web_pbt": "MBPJ" }, "geometry": { "type": "Point", "coordinates": [ 101.607006, 3.117208 ] } },
{ "type": "Feature", "properties": { "Nama_Sekol": "SEKOLAH JENIS KEBANGSAAN (CINA) YUK CHYUN", "PPD": "PPD PETALING UTAMA", "PBT": "MBPJ", "JenisWarta": "Tiada", "Tahap_Seko": "Sekolah Rendah", "Koordinat_": 3.077336874, "Koordinat1": 101.6518992, "web_name": "SEKOLAH JENIS KEBANGSAAN (CINA) YUK CHYUN", "web_code": "-", "web_type": "Tiada", "web_district": "Petaling", "web_ppd": "PPD PETALING UTAMA", "web_level": "Sekolah Rendah", "web_address": "-", "web_pbt": "MBPJ" }, "geometry": { "type": "Point", "coordinates": [ 101.651899200000059, 3.077336874000025 ] } },
{ "type": "Feature", "properties": { "Nama_Sekol": "SEKOLAH JENIS KEBANGSAAN (TAMIL) LDG EFFINGHAM", "PPD": "PPD PETALING UTAMA", "PBT": "MBPJ", "JenisWarta": "Tiada", "Tahap_Seko": "Sekolah Rendah", "Koordinat_": 3.132672, "Koordinat1": 101.603873, "web_name": "SEKOLAH JENIS KEBANGSAAN (TAMIL) LDG EFFINGHAM", "web_code": "-", "web_type": "Tiada", "web_district": "Petaling", "web_ppd": "PPD PETALING UTAMA", "web_level": "Sekolah Rendah", "web_address": "-", "web_pbt": "MBPJ" }, "geometry": { "type": "Point", "coordinates": [ 101.603873, 3.132672 ] } },
{ "type": "Feature", "properties": { "Nama_Sekol": "SEKOLAH JENIS KEBANGSAAN (TAMIL) PJS 1", "PPD": "PPD PETALING UTAMA", "PBT": "MBPJ", "JenisWarta": "Tiada", "Tahap_Seko": "Sekolah Rendah", "Koordinat_": 3.078849271, "Koordinat1": 101.655172, "web_name": "SEKOLAH JENIS KEBANGSAAN (TAMIL) PJS 1", "web_code": "-", "web_type": "Tiada", "web_district": "Petaling", "web_ppd": "PPD PETALING UTAMA", "web_level": "Sekolah Rendah", "web_address": "-", "web_pbt": "MBPJ" }, "geometry": { "type": "Point", "coordinates": [ 101.655172, 3.078849271000024 ] } },
{ "type": "Feature", "properties": { "Nama_Sekol": "SEKOLAH JENIS KEBANGSAAN (TAMIL) RRI SUNGAI BULOH", "PPD": "PPD PETALING UTAMA", "PBT": "MBSA", "JenisWarta": "Tiada", "Tahap_Seko": "Sekolah Rendah", "Koordinat_": 3.162058333, "Koordinat1": 101.5601833, "web_name": "SEKOLAH JENIS KEBANGSAAN (TAMIL) RRI SUNGAI BULOH", "web_code": "-", "web_type": "Tiada", "web_district": "Petaling", "web_ppd": "PPD PETALING UTAMA", "web_level": "Sekolah Rendah", "web_address": "-", "web_pbt": "MBSA" }, "geometry": { "type": "Point", "coordinates": [ 101.560183300000062, 3.162058333000061 ] } },
{ "type": "Feature", "properties": { "Nama_Sekol": "SEKOLAH JENIS KEBANGSAAN (TAMIL) SEAPORT", "PPD": "PPD PETALING UTAMA", "PBT": "MBPJ", "JenisWarta": "Tiada", "Tahap_Seko": "Sekolah Rendah", "Koordinat_": 3.076393144, "Koordinat1": 101.618439, "web_name": "SEKOLAH JENIS KEBANGSAAN (TAMIL) SEAPORT", "web_code": "-", "web_type": "Tiada", "web_district": "Petaling", "web_ppd": "PPD PETALING UTAMA", "web_level": "Sekolah Rendah", "web_address": "-", "web_pbt": "MBPJ" }, "geometry": { "type": "Point", "coordinates": [ 101.618439, 3.076393144000065 ] } },
{ "type": "Feature", "properties": { "Nama_Sekol": "SEKOLAH JENIS KEBANGSAAN (TAMIL) VIVEKANANDA", "PPD": "PPD PETALING UTAMA", "PBT": "MBPJ", "JenisWarta": "Tiada", "Tahap_Seko": "Sekolah Rendah", "Koordinat_": 3.096696, "Koordinat1": 101.636729, "web_name": "SEKOLAH JENIS KEBANGSAAN (TAMIL) VIVEKANANDA", "web_code": "-", "web_type": "Tiada", "web_district": "Petaling", "web_ppd": "PPD PETALING UTAMA", "web_level": "Sekolah Rendah", "web_address": "-", "web_pbt": "MBPJ" }, "geometry": { "type": "Point", "coordinates": [ 101.636729, 3.096696 ] } },
{ "type": "Feature", "properties": { "Nama_Sekol": "SEKOLAH KEBANGSAAN (1) PETALING JAYA", "PPD": "PPD PETALING UTAMA", "PBT": "MBPJ", "JenisWarta": "Tiada", "Tahap_Seko": "Sekolah Rendah", "Koordinat_": 3.084936802, "Koordinat1": 101.6491984, "web_name": "SEKOLAH KEBANGSAAN (1) PETALING JAYA", "web_code": "-", "web_type": "Tiada", "web_district": "Petaling", "web_ppd": "PPD PETALING UTAMA", "web_level": "Sekolah Rendah", "web_address": "-", "web_pbt": "MBPJ" }, "geometry": { "type": "Point", "coordinates": [ 101.649198400000046, 3.084936802000072 ] } },
{ "type": "Feature", "properties": { "Nama_Sekol": "SEKOLAH KEBANGSAAN (2) JALAN SELANGOR", "PPD": "PPD PETALING UTAMA", "PBT": "MBPJ", "JenisWarta": "TM_KPM", "Tahap_Seko": "Sekolah Rendah", "Koordinat_": 3.09155154, "Koordinat1": 101.6452128, "web_name": "SEKOLAH KEBANGSAAN (2) JALAN SELANGOR", "web_code": "-", "web_type": "TM_KPM", "web_district": "Petaling", "web_ppd": "PPD PETALING UTAMA", "web_level": "Sekolah Rendah", "web_address": "-", "web_pbt": "MBPJ" }, "geometry": { "type": "Point", "coordinates": [ 101.645212800000081, 3.091551540000069 ] } },
{ "type": "Feature", "properties": { "Nama_Sekol": "SEKOLAH KEBANGSAAN (2) PETALING JAYA", "PPD": "PPD PETALING UTAMA", "PBT": "MBPJ", "JenisWarta": "Tiada", "Tahap_Seko": "Sekolah Rendah", "Koordinat_": 3.084865, "Koordinat1": 101.64897, "web_name": "SEKOLAH KEBANGSAAN (2) PETALING JAYA", "web_code": "-", "web_type": "Tiada", "web_district": "Petaling", "web_ppd": "PPD PETALING UTAMA", "web_level": "Sekolah Rendah", "web_address": "-", "web_pbt": "MBPJ" }, "geometry": { "type": "Point", "coordinates": [ 101.64897, 3.084865 ] } },
{ "type": "Feature", "properties": { "Nama_Sekol": "SEKOLAH KEBANGSAAN (2) SULTAN ALAM SHAH", "PPD": "PPD PETALING UTAMA", "PBT": "MBPJ", "JenisWarta": "TM_KPM", "Tahap_Seko": "Sekolah Rendah", "Koordinat_": 3.111685, "Koordinat1": 101.64742, "web_name": "SEKOLAH KEBANGSAAN (2) SULTAN ALAM SHAH", "web_code": "-", "web_type": "TM_KPM", "web_district": "Petaling", "web_ppd": "PPD PETALING UTAMA", "web_level": "Sekolah Rendah", "web_address": "-", "web_pbt": "MBPJ" }, "geometry": { "type": "Point", "coordinates": [ 101.64742, 3.111685 ] } },
{ "type": "Feature", "properties": { "Nama_Sekol": "SEKOLAH KEBANGSAAN (L) BUKIT BINTANG (1)", "PPD": "PPD PETALING UTAMA", "PBT": "MBPJ", "JenisWarta": "Tiada", "Tahap_Seko": "Sekolah Rendah", "Koordinat_": 3.098035279, "Koordinat1": 101.6366485, "web_name": "SEKOLAH KEBANGSAAN (L) BUKIT BINTANG (1)", "web_code": "-", "web_type": "Tiada", "web_district": "Petaling", "web_ppd": "PPD PETALING UTAMA", "web_level": "Sekolah Rendah", "web_address": "-", "web_pbt": "MBPJ" }, "geometry": { "type": "Point", "coordinates": [ 101.636648500000035, 3.098035279000044 ] } },
{ "type": "Feature", "properties": { "Nama_Sekol": "SEKOLAH KEBANGSAAN ASSUNTA (2)", "PPD": "PPD PETALING UTAMA", "PBT": "MBPJ", "JenisWarta": "Tiada", "Tahap_Seko": "Sekolah Rendah", "Koordinat_": 3.092605, "Koordinat1": 101.645022, "web_name": "SEKOLAH KEBANGSAAN ASSUNTA (2)", "web_code": "-", "web_type": "Tiada", "web_district": "Petaling", "web_ppd": "PPD PETALING UTAMA", "web_level": "Sekolah Rendah", "web_address": "-", "web_pbt": "MBPJ" }, "geometry": { "type": "Point", "coordinates": [ 101.645022, 3.092605 ] } },
{ "type": "Feature", "properties": { "Nama_Sekol": "SEKOLAH KEBANGSAAN ASSUNTA SATU", "PPD": "PPD PETALING UTAMA", "PBT": "MBPJ", "JenisWarta": "Tiada", "Tahap_Seko": "Sekolah Rendah", "Koordinat_": 3.092784, "Koordinat1": 101.644583, "web_name": "SEKOLAH KEBANGSAAN ASSUNTA SATU", "web_code": "-", "web_type": "Tiada", "web_district": "Petaling", "web_ppd": "PPD PETALING UTAMA", "web_level": "Sekolah Rendah", "web_address": "-", "web_pbt": "MBPJ" }, "geometry": { "type": "Point", "coordinates": [ 101.644583, 3.092784 ] } },
{ "type": "Feature", "properties": { "Nama_Sekol": "SEKOLAH KEBANGSAAN BANDAR BARU SRI DAMANSARA", "PPD": "PPD PETALING UTAMA", "PBT": "MBPJ", "JenisWarta": "Tiada", "Tahap_Seko": "Sekolah Rendah", "Koordinat_": 3.206248, "Koordinat1": 101.624316, "web_name": "SEKOLAH KEBANGSAAN BANDAR BARU SRI DAMANSARA", "web_code": "-", "web_type": "Tiada", "web_district": "Petaling", "web_ppd": "PPD PETALING UTAMA", "web_level": "Sekolah Rendah", "web_address": "-", "web_pbt": "MBPJ" }, "geometry": { "type": "Point", "coordinates": [ 101.624316, 3.206248 ] } },
{ "type": "Feature", "properties": { "Nama_Sekol": "SEKOLAH KEBANGSAAN BANDAR BARU SRI DAMANSARA 2", "PPD": "PPD PETALING UTAMA", "PBT": "MBPJ", "JenisWarta": "TM_KPM", "Tahap_Seko": "Sekolah Rendah", "Koordinat_": 3.196095, "Koordinat1": 101.607499, "web_name": "SEKOLAH KEBANGSAAN BANDAR BARU SRI DAMANSARA 2", "web_code": "-", "web_type": "TM_KPM", "web_district": "Petaling", "web_ppd": "PPD PETALING UTAMA", "web_level": "Sekolah Rendah", "web_address": "-", "web_pbt": "MBPJ" }, "geometry": { "type": "Point", "coordinates": [ 101.607499, 3.196095 ] } },
{ "type": "Feature", "properties": { "Nama_Sekol": "SEKOLAH KEBANGSAAN BANDAR SRI DAMANSARA 1", "PPD": "PPD PETALING UTAMA", "PBT": "MBPJ", "JenisWarta": "Tiada", "Tahap_Seko": "Sekolah Rendah", "Koordinat_": 3.191964179, "Koordinat1": 101.605797, "web_name": "SEKOLAH KEBANGSAAN BANDAR SRI DAMANSARA 1", "web_code": "-", "web_type": "Tiada", "web_district": "Petaling", "web_ppd": "PPD PETALING UTAMA", "web_level": "Sekolah Rendah", "web_address": "-", "web_pbt": "MBPJ" }, "geometry": { "type": "Point", "coordinates": [ 101.605797, 3.191964179000024 ] } },
{ "type": "Feature", "properties": { "Nama_Sekol": "SEKOLAH KEBANGSAAN BANDAR SRI DAMANSARA 3", "PPD": "PPD PETALING UTAMA", "PBT": "MBPJ", "JenisWarta": "Tiada", "Tahap_Seko": "Sekolah Rendah", "Koordinat_": 3.187781, "Koordinat1": 101.616104, "web_name": "SEKOLAH KEBANGSAAN BANDAR SRI DAMANSARA 3", "web_code": "-", "web_type": "Tiada", "web_district": "Petaling", "web_ppd": "PPD PETALING UTAMA", "web_level": "Sekolah Rendah", "web_address": "-", "web_pbt": "MBPJ" }, "geometry": { "type": "Point", "coordinates": [ 101.616104, 3.187781 ] } },
{ "type": "Feature", "properties": { "Nama_Sekol": "SEKOLAH KEBANGSAAN BANDAR UTAMA DAMANSARA", "PPD": "PPD PETALING UTAMA", "PBT": "MBPJ", "JenisWarta": "Tiada", "Tahap_Seko": "Sekolah Rendah", "Koordinat_": 3.131549456, "Koordinat1": 101.6079809, "web_name": "SEKOLAH KEBANGSAAN BANDAR UTAMA DAMANSARA", "web_code": "-", "web_type": "Tiada", "web_district": "Petaling", "web_ppd": "PPD PETALING UTAMA", "web_level": "Sekolah Rendah", "web_address": "-", "web_pbt": "MBPJ" }, "geometry": { "type": "Point", "coordinates": [ 101.607980900000086, 3.131549456000073 ] } },
{ "type": "Feature", "properties": { "Nama_Sekol": "SEKOLAH KEBANGSAAN BANDAR UTAMA DAMANSARA (4)", "PPD": "PPD PETALING UTAMA", "PBT": "MBPJ", "JenisWarta": "TM_KPM", "Tahap_Seko": "Sekolah Rendah", "Koordinat_": 3.151993, "Koordinat1": 101.611217, "web_name": "SEKOLAH KEBANGSAAN BANDAR UTAMA DAMANSARA (4)", "web_code": "-", "web_type": "TM_KPM", "web_district": "Petaling", "web_ppd": "PPD PETALING UTAMA", "web_level": "Sekolah Rendah", "web_address": "-", "web_pbt": "MBPJ" }, "geometry": { "type": "Point", "coordinates": [ 101.611217, 3.151993 ] } },
{ "type": "Feature", "properties": { "Nama_Sekol": "SEKOLAH KEBANGSAAN BANDAR UTAMA DAMANSARA 2", "PPD": "PPD PETALING UTAMA", "PBT": "MBPJ", "JenisWarta": "Tiada", "Tahap_Seko": "Sekolah Rendah", "Koordinat_": 3.141298467, "Koordinat1": 101.6149353, "web_name": "SEKOLAH KEBANGSAAN BANDAR UTAMA DAMANSARA 2", "web_code": "-", "web_type": "Tiada", "web_district": "Petaling", "web_ppd": "PPD PETALING UTAMA", "web_level": "Sekolah Rendah", "web_address": "-", "web_pbt": "MBPJ" }, "geometry": { "type": "Point", "coordinates": [ 101.61493530000007, 3.14129846700007 ] } },
{ "type": "Feature", "properties": { "Nama_Sekol": "SEKOLAH KEBANGSAAN BUKIT LANJAN", "PPD": "PPD PETALING UTAMA", "PBT": "MBPJ", "JenisWarta": "Tiada", "Tahap_Seko": "Sekolah Rendah", "Koordinat_": 3.168533, "Koordinat1": 101.604063, "web_name": "SEKOLAH KEBANGSAAN BUKIT LANJAN", "web_code": "-", "web_type": "Tiada", "web_district": "Petaling", "web_ppd": "PPD PETALING UTAMA", "web_level": "Sekolah Rendah", "web_address": "-", "web_pbt": "MBPJ" }, "geometry": { "type": "Point", "coordinates": [ 101.604063, 3.168533 ] } },
{ "type": "Feature", "properties": { "Nama_Sekol": "SEKOLAH KEBANGSAAN DAMANSARA DAMAI 1", "PPD": "PPD PETALING UTAMA", "PBT": "MBPJ", "JenisWarta": "Tiada", "Tahap_Seko": "Sekolah Rendah", "Koordinat_": 3.193696, "Koordinat1": 101.592722, "web_name": "SEKOLAH KEBANGSAAN DAMANSARA DAMAI 1", "web_code": "-", "web_type": "Tiada", "web_district": "Petaling", "web_ppd": "PPD PETALING UTAMA", "web_level": "Sekolah Rendah", "web_address": "-", "web_pbt": "MBPJ" }, "geometry": { "type": "Point", "coordinates": [ 101.592722, 3.193696 ] } },
{ "type": "Feature", "properties": { "Nama_Sekol": "SEKOLAH KEBANGSAAN DAMANSARA DAMAI 2", "PPD": "PPD PETALING UTAMA", "PBT": "MBPJ", "JenisWarta": "Tiada", "Tahap_Seko": "Sekolah Rendah", "Koordinat_": 3.192237752, "Koordinat1": 101.5837297, "web_name": "SEKOLAH KEBANGSAAN DAMANSARA DAMAI 2", "web_code": "-", "web_type": "Tiada", "web_district": "Petaling", "web_ppd": "PPD PETALING UTAMA", "web_level": "Sekolah Rendah", "web_address": "-", "web_pbt": "MBPJ" }, "geometry": { "type": "Point", "coordinates": [ 101.583729700000049, 3.19223775200004 ] } },
{ "type": "Feature", "properties": { "Nama_Sekol": "SEKOLAH KEBANGSAAN DAMANSARA JAYA (1)", "PPD": "PPD PETALING UTAMA", "PBT": "MBPJ", "JenisWarta": "Tiada", "Tahap_Seko": "Sekolah Rendah", "Koordinat_": 3.123255, "Koordinat1": 101.616577, "web_name": "SEKOLAH KEBANGSAAN DAMANSARA JAYA (1)", "web_code": "-", "web_type": "Tiada", "web_district": "Petaling", "web_ppd": "PPD PETALING UTAMA", "web_level": "Sekolah Rendah", "web_address": "-", "web_pbt": "MBPJ" }, "geometry": { "type": "Point", "coordinates": [ 101.616577, 3.123255 ] } },
{ "type": "Feature", "properties": { "Nama_Sekol": "SEKOLAH KEBANGSAAN DAMANSARA JAYA (2)", "PPD": "PPD PETALING UTAMA", "PBT": "MBPJ", "JenisWarta": "Tiada", "Tahap_Seko": "Sekolah Rendah", "Koordinat_": 3.123527, "Koordinat1": 101.616475, "web_name": "SEKOLAH KEBANGSAAN DAMANSARA JAYA (2)", "web_code": "-", "web_type": "Tiada", "web_district": "Petaling", "web_ppd": "PPD PETALING UTAMA", "web_level": "Sekolah Rendah", "web_address": "-", "web_pbt": "MBPJ" }, "geometry": { "type": "Point", "coordinates": [ 101.616475, 3.123527 ] } },
{ "type": "Feature", "properties": { "Nama_Sekol": "SEKOLAH KEBANGSAAN DAMANSARA UTAMA", "PPD": "PPD PETALING UTAMA", "PBT": "MBPJ", "JenisWarta": "Tiada", "Tahap_Seko": "Sekolah Rendah", "Koordinat_": 3.140003, "Koordinat1": 101.622771, "web_name": "SEKOLAH KEBANGSAAN DAMANSARA UTAMA", "web_code": "-", "web_type": "Tiada", "web_district": "Petaling", "web_ppd": "PPD PETALING UTAMA", "web_level": "Sekolah Rendah", "web_address": "-", "web_pbt": "MBPJ" }, "geometry": { "type": "Point", "coordinates": [ 101.622771, 3.140003 ] } },
{ "type": "Feature", "properties": { "Nama_Sekol": "SEKOLAH KEBANGSAAN JALAN SELANGOR (SATU)", "PPD": "PPD PETALING UTAMA", "PBT": "MBPJ", "JenisWarta": "TM_KPM", "Tahap_Seko": "Sekolah Rendah", "Koordinat_": 3.09153, "Koordinat1": 101.645067, "web_name": "SEKOLAH KEBANGSAAN JALAN SELANGOR (SATU)", "web_code": "-", "web_type": "TM_KPM", "web_district": "Petaling", "web_ppd": "PPD PETALING UTAMA", "web_level": "Sekolah Rendah", "web_address": "-", "web_pbt": "MBPJ" }, "geometry": { "type": "Point", "coordinates": [ 101.645067, 3.09153 ] } },
{ "type": "Feature", "properties": { "Nama_Sekol": "SEKOLAH KEBANGSAAN KAMPUNG TUNKU", "PPD": "PPD PETALING UTAMA", "PBT": "MBPJ", "JenisWarta": "Tiada", "Tahap_Seko": "Sekolah Rendah", "Koordinat_": 3.09847, "Koordinat1": 101.619988, "web_name": "SEKOLAH KEBANGSAAN KAMPUNG TUNKU", "web_code": "-", "web_type": "Tiada", "web_district": "Petaling", "web_ppd": "PPD PETALING UTAMA", "web_level": "Sekolah Rendah", "web_address": "-", "web_pbt": "MBPJ" }, "geometry": { "type": "Point", "coordinates": [ 101.619988, 3.09847 ] } },
{ "type": "Feature", "properties": { "Nama_Sekol": "SEKOLAH KEBANGSAAN KELANA JAYA (1)", "PPD": "PPD PETALING UTAMA", "PBT": "MBPJ", "JenisWarta": "Tiada", "Tahap_Seko": "Sekolah Rendah", "Koordinat_": 3.105271, "Koordinat1": 101.607623, "web_name": "SEKOLAH KEBANGSAAN KELANA JAYA (1)", "web_code": "-", "web_type": "Tiada", "web_district": "Petaling", "web_ppd": "PPD PETALING UTAMA", "web_level": "Sekolah Rendah", "web_address": "-", "web_pbt": "MBPJ" }, "geometry": { "type": "Point", "coordinates": [ 101.607623, 3.105271 ] } },
{ "type": "Feature", "properties": { "Nama_Sekol": "SEKOLAH KEBANGSAAN KELANA JAYA (2)", "PPD": "PPD PETALING UTAMA", "PBT": "MBPJ", "JenisWarta": "Tiada", "Tahap_Seko": "Sekolah Rendah", "Koordinat_": 3.105779, "Koordinat1": 101.607784, "web_name": "SEKOLAH KEBANGSAAN KELANA JAYA (2)", "web_code": "-", "web_type": "Tiada", "web_district": "Petaling", "web_ppd": "PPD PETALING UTAMA", "web_level": "Sekolah Rendah", "web_address": "-", "web_pbt": "MBPJ" }, "geometry": { "type": "Point", "coordinates": [ 101.607784, 3.105779 ] } },
{ "type": "Feature", "properties": { "Nama_Sekol": "SEKOLAH KEBANGSAAN LA SALLE PJ", "PPD": "PPD PETALING UTAMA", "PBT": "MBPJ", "JenisWarta": "Tiada", "Tahap_Seko": "Sekolah Rendah", "Koordinat_": 3.1005, "Koordinat1": 101.652714, "web_name": "SEKOLAH KEBANGSAAN LA SALLE PJ", "web_code": "-", "web_type": "Tiada", "web_district": "Petaling", "web_ppd": "PPD PETALING UTAMA", "web_level": "Sekolah Rendah", "web_address": "-", "web_pbt": "MBPJ" }, "geometry": { "type": "Point", "coordinates": [ 101.652714, 3.1005 ] } },
{ "type": "Feature", "properties": { "Nama_Sekol": "SEKOLAH KEBANGSAAN LEMBAH SUBANG", "PPD": "PPD PETALING UTAMA", "PBT": "MBPJ", "JenisWarta": "Tiada", "Tahap_Seko": "Sekolah Rendah", "Koordinat_": 3.115315, "Koordinat1": 101.58076, "web_name": "SEKOLAH KEBANGSAAN LEMBAH SUBANG", "web_code": "-", "web_type": "Tiada", "web_district": "Petaling", "web_ppd": "PPD PETALING UTAMA", "web_level": "Sekolah Rendah", "web_address": "-", "web_pbt": "MBPJ" }, "geometry": { "type": "Point", "coordinates": [ 101.58076, 3.115315 ] } },
{ "type": "Feature", "properties": { "Nama_Sekol": "SEKOLAH KEBANGSAAN METHODIST PJ", "PPD": "PPD PETALING UTAMA", "PBT": "MBPJ", "JenisWarta": "Tiada", "Tahap_Seko": "Sekolah Rendah", "Koordinat_": 3.110226, "Koordinat1": 101.656153, "web_name": "SEKOLAH KEBANGSAAN METHODIST PJ", "web_code": "-", "web_type": "Tiada", "web_district": "Petaling", "web_ppd": "PPD PETALING UTAMA", "web_level": "Sekolah Rendah", "web_address": "-", "web_pbt": "MBPJ" }, "geometry": { "type": "Point", "coordinates": [ 101.656153, 3.110226 ] } },
{ "type": "Feature", "properties": { "Nama_Sekol": "SEKOLAH KEBANGSAAN PETALING JAYA", "PPD": "PPD PETALING UTAMA", "PBT": "MBPJ", "JenisWarta": "Tiada", "Tahap_Seko": "Sekolah Rendah", "Koordinat_": 3.088755, "Koordinat1": 101.651947, "web_name": "SEKOLAH KEBANGSAAN PETALING JAYA", "web_code": "-", "web_type": "Tiada", "web_district": "Petaling", "web_ppd": "PPD PETALING UTAMA", "web_level": "Sekolah Rendah", "web_address": "-", "web_pbt": "MBPJ" }, "geometry": { "type": "Point", "coordinates": [ 101.651947, 3.088755 ] } },
{ "type": "Feature", "properties": { "Nama_Sekol": "SEKOLAH KEBANGSAAN SATU SULTAN ALAM SHAH", "PPD": "PPD PETALING UTAMA", "PBT": "MBPJ", "JenisWarta": "TM_KPM", "Tahap_Seko": "Sekolah Rendah", "Koordinat_": 3.111825, "Koordinat1": 101.646986, "web_name": "SEKOLAH KEBANGSAAN SATU SULTAN ALAM SHAH", "web_code": "-", "web_type": "TM_KPM", "web_district": "Petaling", "web_ppd": "PPD PETALING UTAMA", "web_level": "Sekolah Rendah", "web_address": "-", "web_pbt": "MBPJ" }, "geometry": { "type": "Point", "coordinates": [ 101.646986, 3.111825 ] } },
{ "type": "Feature", "properties": { "Nama_Sekol": "SEKOLAH KEBANGSAAN SEKSYEN 11 KOTA DAMANSARA", "PPD": "PPD PETALING UTAMA", "PBT": "MBPJ", "JenisWarta": "TM_KPM", "Tahap_Seko": "Sekolah Rendah", "Koordinat_": 3.160164, "Koordinat1": 101.593681, "web_name": "SEKOLAH KEBANGSAAN SEKSYEN 11 KOTA DAMANSARA", "web_code": "-", "web_type": "TM_KPM", "web_district": "Petaling", "web_ppd": "PPD PETALING UTAMA", "web_level": "Sekolah Rendah", "web_address": "-", "web_pbt": "MBPJ" }, "geometry": { "type": "Point", "coordinates": [ 101.593681, 3.160164 ] } },
{ "type": "Feature", "properties": { "Nama_Sekol": "SEKOLAH KEBANGSAAN SEKSYEN 6 KOTA DAMANSARA", "PPD": "PPD PETALING UTAMA", "PBT": "MBPJ", "JenisWarta": "TM_KPM", "Tahap_Seko": "Sekolah Rendah", "Koordinat_": 3.156303, "Koordinat1": 101.575983, "web_name": "SEKOLAH KEBANGSAAN SEKSYEN 6 KOTA DAMANSARA", "web_code": "-", "web_type": "TM_KPM", "web_district": "Petaling", "web_ppd": "PPD PETALING UTAMA", "web_level": "Sekolah Rendah", "web_address": "-", "web_pbt": "MBPJ" }, "geometry": { "type": "Point", "coordinates": [ 101.575983, 3.156303 ] } },
{ "type": "Feature", "properties": { "Nama_Sekol": "SEKOLAH KEBANGSAAN SEKSYEN 7 KOTA DAMANSARA", "PPD": "PPD PETALING UTAMA", "PBT": "MBPJ", "JenisWarta": "Tiada", "Tahap_Seko": "Sekolah Rendah", "Koordinat_": 3.168543, "Koordinat1": 101.574653, "web_name": "SEKOLAH KEBANGSAAN SEKSYEN 7 KOTA DAMANSARA", "web_code": "-", "web_type": "Tiada", "web_district": "Petaling", "web_ppd": "PPD PETALING UTAMA", "web_level": "Sekolah Rendah", "web_address": "-", "web_pbt": "MBPJ" }, "geometry": { "type": "Point", "coordinates": [ 101.574653, 3.168543 ] } },
{ "type": "Feature", "properties": { "Nama_Sekol": "SEKOLAH KEBANGSAAN SEKSYEN 9 KOTA DAMANSARA", "PPD": "PPD PETALING UTAMA", "PBT": "MBPJ", "JenisWarta": "TM_KPM", "Tahap_Seko": "Sekolah Rendah", "Koordinat_": 3.174427, "Koordinat1": 101.583021, "web_name": "SEKOLAH KEBANGSAAN SEKSYEN 9 KOTA DAMANSARA", "web_code": "-", "web_type": "TM_KPM", "web_district": "Petaling", "web_ppd": "PPD PETALING UTAMA", "web_level": "Sekolah Rendah", "web_address": "-", "web_pbt": "MBPJ" }, "geometry": { "type": "Point", "coordinates": [ 101.583021, 3.174427 ] } },
{ "type": "Feature", "properties": { "Nama_Sekol": "SEKOLAH KEBANGSAAN SRI DAMAI", "PPD": "PPD PETALING UTAMA", "PBT": "MBPJ", "JenisWarta": "TM_KPM", "Tahap_Seko": "Sekolah Rendah", "Koordinat_": 3.12167, "Koordinat1": 101.63416, "web_name": "SEKOLAH KEBANGSAAN SRI DAMAI", "web_code": "-", "web_type": "TM_KPM", "web_district": "Petaling", "web_ppd": "PPD PETALING UTAMA", "web_level": "Sekolah Rendah", "web_address": "-", "web_pbt": "MBPJ" }, "geometry": { "type": "Point", "coordinates": [ 101.63416, 3.12167 ] } },
{ "type": "Feature", "properties": { "Nama_Sekol": "SEKOLAH KEBANGSAAN SRI KELANA", "PPD": "PPD PETALING UTAMA", "PBT": "MBPJ", "JenisWarta": "TM_KPM", "Tahap_Seko": "Sekolah Rendah", "Koordinat_": 3.098663, "Koordinat1": 101.605843, "web_name": "SEKOLAH KEBANGSAAN SRI KELANA", "web_code": "-", "web_type": "TM_KPM", "web_district": "Petaling", "web_ppd": "PPD PETALING UTAMA", "web_level": "Sekolah Rendah", "web_address": "-", "web_pbt": "MBPJ" }, "geometry": { "type": "Point", "coordinates": [ 101.605843, 3.098663 ] } },
{ "type": "Feature", "properties": { "Nama_Sekol": "SEKOLAH KEBANGSAAN SRI PETALING", "PPD": "PPD PETALING UTAMA", "PBT": "MBPJ", "JenisWarta": "TM_KPM", "Tahap_Seko": "Sekolah Rendah", "Koordinat_": 3.109209, "Koordinat1": 101.639823, "web_name": "SEKOLAH KEBANGSAAN SRI PETALING", "web_code": "-", "web_type": "TM_KPM", "web_district": "Petaling", "web_ppd": "PPD PETALING UTAMA", "web_level": "Sekolah Rendah", "web_address": "-", "web_pbt": "MBPJ" }, "geometry": { "type": "Point", "coordinates": [ 101.639823, 3.109209 ] } },
{ "type": "Feature", "properties": { "Nama_Sekol": "SEKOLAH KEBANGSAAN SUNGEI WAY", "PPD": "PPD PETALING UTAMA", "PBT": "MBPJ", "JenisWarta": "TM_KPM", "Tahap_Seko": "Sekolah Rendah", "Koordinat_": 3.085003, "Koordinat1": 101.616104, "web_name": "SEKOLAH KEBANGSAAN SUNGEI WAY", "web_code": "-", "web_type": "TM_KPM", "web_district": "Petaling", "web_ppd": "PPD PETALING UTAMA", "web_level": "Sekolah Rendah", "web_address": "-", "web_pbt": "MBPJ" }, "geometry": { "type": "Point", "coordinates": [ 101.616104, 3.085003 ] } },
{ "type": "Feature", "properties": { "Nama_Sekol": "SEKOLAH KEBANGSAAN TAMAN DATO HARUN (2)", "PPD": "PPD PETALING UTAMA", "PBT": "MBPJ", "JenisWarta": "Tiada", "Tahap_Seko": "Sekolah Rendah", "Koordinat_": 3.077245666, "Koordinat1": 101.6359391, "web_name": "SEKOLAH KEBANGSAAN TAMAN DATO HARUN (2)", "web_code": "-", "web_type": "Tiada", "web_district": "Petaling", "web_ppd": "PPD PETALING UTAMA", "web_level": "Sekolah Rendah", "web_address": "-", "web_pbt": "MBPJ" }, "geometry": { "type": "Point", "coordinates": [ 101.635939100000087, 3.077245666000067 ] } },
{ "type": "Feature", "properties": { "Nama_Sekol": "SEKOLAH KEBANGSAAN TAMAN DATO' HARUN (SATU)", "PPD": "PPD PETALING UTAMA", "PBT": "MBPJ", "JenisWarta": "Tiada", "Tahap_Seko": "Sekolah Rendah", "Koordinat_": 3.077653, "Koordinat1": 101.63597, "web_name": "SEKOLAH KEBANGSAAN TAMAN DATO' HARUN (SATU)", "web_code": "-", "web_type": "Tiada", "web_district": "Petaling", "web_ppd": "PPD PETALING UTAMA", "web_level": "Sekolah Rendah", "web_address": "-", "web_pbt": "MBPJ" }, "geometry": { "type": "Point", "coordinates": [ 101.63597, 3.077653 ] } },
{ "type": "Feature", "properties": { "Nama_Sekol": "SEKOLAH KEBANGSAAN TAMAN MEDAN", "PPD": "PPD PETALING UTAMA", "PBT": "MBPJ", "JenisWarta": "TM_KPM", "Tahap_Seko": "Sekolah Rendah", "Koordinat_": 3.078336, "Koordinat1": 101.629993, "web_name": "SEKOLAH KEBANGSAAN TAMAN MEDAN", "web_code": "-", "web_type": "TM_KPM", "web_district": "Petaling", "web_ppd": "PPD PETALING UTAMA", "web_level": "Sekolah Rendah", "web_address": "-", "web_pbt": "MBPJ" }, "geometry": { "type": "Point", "coordinates": [ 101.629993, 3.078336 ] } },
{ "type": "Feature", "properties": { "Nama_Sekol": "SEKOLAH KEBANGSAAN TAMAN MEGAH", "PPD": "PPD PETALING UTAMA", "PBT": "MBPJ", "JenisWarta": "TM_KPM", "Tahap_Seko": "Sekolah Rendah", "Koordinat_": 3.116173, "Koordinat1": 101.606793, "web_name": "SEKOLAH KEBANGSAAN TAMAN MEGAH", "web_code": "-", "web_type": "TM_KPM", "web_district": "Petaling", "web_ppd": "PPD PETALING UTAMA", "web_level": "Sekolah Rendah", "web_address": "-", "web_pbt": "MBPJ" }, "geometry": { "type": "Point", "coordinates": [ 101.606793, 3.116173 ] } },
{ "type": "Feature", "properties": { "Nama_Sekol": "SEKOLAH KEBANGSAAN TAMAN SEA", "PPD": "PPD PETALING UTAMA", "PBT": "MBPJ", "JenisWarta": "TM_KPM", "Tahap_Seko": "Sekolah Rendah", "Koordinat_": 3.124168, "Koordinat1": 101.626063, "web_name": "SEKOLAH KEBANGSAAN TAMAN SEA", "web_code": "-", "web_type": "TM_KPM", "web_district": "Petaling", "web_ppd": "PPD PETALING UTAMA", "web_level": "Sekolah Rendah", "web_address": "-", "web_pbt": "MBPJ" }, "geometry": { "type": "Point", "coordinates": [ 101.626063, 3.124168 ] } },
{ "type": "Feature", "properties": { "Nama_Sekol": "SEKOLAH KEBANGSAAN TROPICANA", "PPD": "PPD PETALING UTAMA", "PBT": "MBPJ", "JenisWarta": "TM_KPM", "Tahap_Seko": "Sekolah Rendah", "Koordinat_": 3.129659657, "Koordinat1": 101.5984597, "web_name": "SEKOLAH KEBANGSAAN TROPICANA", "web_code": "-", "web_type": "TM_KPM", "web_district": "Petaling", "web_ppd": "PPD PETALING UTAMA", "web_level": "Sekolah Rendah", "web_address": "-", "web_pbt": "MBPJ" }, "geometry": { "type": "Point", "coordinates": [ 101.598459700000035, 3.129659657000047 ] } },
{ "type": "Feature", "properties": { "Nama_Sekol": "KOLEJ TINGKATAN ENAM BANDAR UTAMA", "PPD": "PPD PETALING UTAMA", "PBT": "MBPJ", "JenisWarta": "Tiada", "Tahap_Seko": "Sekolah Menengah", "Koordinat_": 3.14299, "Koordinat1": 101.61425, "web_name": "KOLEJ TINGKATAN ENAM BANDAR UTAMA", "web_code": "-", "web_type": "Tiada", "web_district": "Petaling", "web_ppd": "PPD PETALING UTAMA", "web_level": "Sekolah Menengah", "web_address": "-", "web_pbt": "MBPJ" }, "geometry": { "type": "Point", "coordinates": [ 101.61425, 3.14299 ] } },
{ "type": "Feature", "properties": { "Nama_Sekol": "KOLEJ TINGKATAN ENAM PETALING JAYA", "PPD": "PPD PETALING UTAMA", "PBT": "MBPJ", "JenisWarta": "Tiada", "Tahap_Seko": "Sekolah Menengah", "Koordinat_": 3.07585, "Koordinat1": 101.623715, "web_name": "KOLEJ TINGKATAN ENAM PETALING JAYA", "web_code": "-", "web_type": "Tiada", "web_district": "Petaling", "web_ppd": "PPD PETALING UTAMA", "web_level": "Sekolah Menengah", "web_address": "-", "web_pbt": "MBPJ" }, "geometry": { "type": "Point", "coordinates": [ 101.623715, 3.07585 ] } },
{ "type": "Feature", "properties": { "Nama_Sekol": "SEKOLAH MENENGAH KEBANGSAAN (L) BUKIT BINTANG", "PPD": "PPD PETALING UTAMA", "PBT": "MBPJ", "JenisWarta": "Tiada", "Tahap_Seko": "Sekolah Menengah", "Koordinat_": 3.108451, "Koordinat1": 101.640969, "web_name": "SEKOLAH MENENGAH KEBANGSAAN (L) BUKIT BINTANG", "web_code": "-", "web_type": "Tiada", "web_district": "Petaling", "web_ppd": "PPD PETALING UTAMA", "web_level": "Sekolah Menengah", "web_address": "-", "web_pbt": "MBPJ" }, "geometry": { "type": "Point", "coordinates": [ 101.640969, 3.108451 ] } },
{ "type": "Feature", "properties": { "Nama_Sekol": "SEKOLAH MENENGAH KEBANGSAAN (P) SRI AMAN", "PPD": "PPD PETALING UTAMA", "PBT": "MBPJ", "JenisWarta": "TM_KPM", "Tahap_Seko": "Sekolah Menengah", "Koordinat_": 3.102159, "Koordinat1": 101.628305, "web_name": "SEKOLAH MENENGAH KEBANGSAAN (P) SRI AMAN", "web_code": "-", "web_type": "TM_KPM", "web_district": "Petaling", "web_ppd": "PPD PETALING UTAMA", "web_level": "Sekolah Menengah", "web_address": "-", "web_pbt": "MBPJ" }, "geometry": { "type": "Point", "coordinates": [ 101.628305, 3.102159 ] } },
{ "type": "Feature", "properties": { "Nama_Sekol": "SEKOLAH MENENGAH KEBANGSAAN (P) TMN PETALING", "PPD": "PPD PETALING UTAMA", "PBT": "MBPJ", "JenisWarta": "TM_KPM", "Tahap_Seko": "Sekolah Menengah", "Koordinat_": 3.088812, "Koordinat1": 101.658382, "web_name": "SEKOLAH MENENGAH KEBANGSAAN (P) TMN PETALING", "web_code": "-", "web_type": "TM_KPM", "web_district": "Petaling", "web_ppd": "PPD PETALING UTAMA", "web_level": "Sekolah Menengah", "web_address": "-", "web_pbt": "MBPJ" }, "geometry": { "type": "Point", "coordinates": [ 101.658382, 3.088812 ] } },
{ "type": "Feature", "properties": { "Nama_Sekol": "SEKOLAH MENENGAH KEBANGSAAN ASSUNTA", "PPD": "PPD PETALING UTAMA", "PBT": "MBPJ", "JenisWarta": "Tiada", "Tahap_Seko": "Sekolah Menengah", "Koordinat_": 3.100148, "Koordinat1": 101.650123, "web_name": "SEKOLAH MENENGAH KEBANGSAAN ASSUNTA", "web_code": "-", "web_type": "Tiada", "web_district": "Petaling", "web_ppd": "PPD PETALING UTAMA", "web_level": "Sekolah Menengah", "web_address": "-", "web_pbt": "MBPJ" }, "geometry": { "type": "Point", "coordinates": [ 101.650123, 3.100148 ] } },
{ "type": "Feature", "properties": { "Nama_Sekol": "SEKOLAH MENENGAH KEBANGSAAN BANDAR SRI DAMANSARA 1", "PPD": "PPD PETALING UTAMA", "PBT": "MBPJ", "JenisWarta": "TM_KPM", "Tahap_Seko": "Sekolah Menengah", "Koordinat_": 3.185183518, "Koordinat1": 101.6042125, "web_name": "SEKOLAH MENENGAH KEBANGSAAN BANDAR SRI DAMANSARA 1", "web_code": "-", "web_type": "TM_KPM", "web_district": "Petaling", "web_ppd": "PPD PETALING UTAMA", "web_level": "Sekolah Menengah", "web_address": "-", "web_pbt": "MBPJ" }, "geometry": { "type": "Point", "coordinates": [ 101.604212500000074, 3.185183518000031 ] } },
{ "type": "Feature", "properties": { "Nama_Sekol": "SEKOLAH MENENGAH KEBANGSAAN BANDAR SRI DAMANSARA 2", "PPD": "PPD PETALING UTAMA", "PBT": "MBPJ", "JenisWarta": "Tiada", "Tahap_Seko": "Sekolah Menengah", "Koordinat_": 3.191392, "Koordinat1": 101.603882, "web_name": "SEKOLAH MENENGAH KEBANGSAAN BANDAR SRI DAMANSARA 2", "web_code": "-", "web_type": "Tiada", "web_district": "Petaling", "web_ppd": "PPD PETALING UTAMA", "web_level": "Sekolah Menengah", "web_address": "-", "web_pbt": "MBPJ" }, "geometry": { "type": "Point", "coordinates": [ 101.603882, 3.191392 ] } },
{ "type": "Feature", "properties": { "Nama_Sekol": "SEKOLAH MENENGAH KEBANGSAAN BANDAR UTAMA DAMANSARA (2)", "PPD": "PPD PETALING UTAMA", "PBT": "MBPJ", "JenisWarta": "TM_KPM", "Tahap_Seko": "Sekolah Menengah", "Koordinat_": 3.139251, "Koordinat1": 101.61086, "web_name": "SEKOLAH MENENGAH KEBANGSAAN BANDAR UTAMA DAMANSARA (2)", "web_code": "-", "web_type": "TM_KPM", "web_district": "Petaling", "web_ppd": "PPD PETALING UTAMA", "web_level": "Sekolah Menengah", "web_address": "-", "web_pbt": "MBPJ" }, "geometry": { "type": "Point", "coordinates": [ 101.61086, 3.139251 ] } },
{ "type": "Feature", "properties": { "Nama_Sekol": "SEKOLAH MENENGAH KEBANGSAAN BANDAR UTAMA DAMANSARA (4)", "PPD": "PPD PETALING UTAMA", "PBT": "MBPJ", "JenisWarta": "TM_KPM", "Tahap_Seko": "Sekolah Menengah", "Koordinat_": 3.154266, "Koordinat1": 101.611157, "web_name": "SEKOLAH MENENGAH KEBANGSAAN BANDAR UTAMA DAMANSARA (4)", "web_code": "-", "web_type": "TM_KPM", "web_district": "Petaling", "web_ppd": "PPD PETALING UTAMA", "web_level": "Sekolah Menengah", "web_address": "-", "web_pbt": "MBPJ" }, "geometry": { "type": "Point", "coordinates": [ 101.611157, 3.154266 ] } },
{ "type": "Feature", "properties": { "Nama_Sekol": "SEKOLAH MENENGAH KEBANGSAAN BANDAR UTAMA DAMANSARA 3", "PPD": "PPD PETALING UTAMA", "PBT": "MBPJ", "JenisWarta": "TM_KPM", "Tahap_Seko": "Sekolah Menengah", "Koordinat_": 3.140064, "Koordinat1": 101.606583, "web_name": "SEKOLAH MENENGAH KEBANGSAAN BANDAR UTAMA DAMANSARA 3", "web_code": "-", "web_type": "TM_KPM", "web_district": "Petaling", "web_ppd": "PPD PETALING UTAMA", "web_level": "Sekolah Menengah", "web_address": "-", "web_pbt": "MBPJ" }, "geometry": { "type": "Point", "coordinates": [ 101.606583, 3.140064 ] } },
{ "type": "Feature", "properties": { "Nama_Sekol": "SEKOLAH MENENGAH KEBANGSAAN DAMANSARA DAMAI 1", "PPD": "PPD PETALING UTAMA", "PBT": "MBPJ", "JenisWarta": "Tiada", "Tahap_Seko": "Sekolah Menengah", "Koordinat_": 3.191547, "Koordinat1": 101.592321, "web_name": "SEKOLAH MENENGAH KEBANGSAAN DAMANSARA DAMAI 1", "web_code": "-", "web_type": "Tiada", "web_district": "Petaling", "web_ppd": "PPD PETALING UTAMA", "web_level": "Sekolah Menengah", "web_address": "-", "web_pbt": "MBPJ" }, "geometry": { "type": "Point", "coordinates": [ 101.592321, 3.191547 ] } },
{ "type": "Feature", "properties": { "Nama_Sekol": "SEKOLAH MENENGAH KEBANGSAAN DAMANSARA JAYA", "PPD": "PPD PETALING UTAMA", "PBT": "MBPJ", "JenisWarta": "TM_KPM", "Tahap_Seko": "Sekolah Menengah", "Koordinat_": 3.131193, "Koordinat1": 101.616083, "web_name": "SEKOLAH MENENGAH KEBANGSAAN DAMANSARA JAYA", "web_code": "-", "web_type": "TM_KPM", "web_district": "Petaling", "web_ppd": "PPD PETALING UTAMA", "web_level": "Sekolah Menengah", "web_address": "-", "web_pbt": "MBPJ" }, "geometry": { "type": "Point", "coordinates": [ 101.616083, 3.131193 ] } },
{ "type": "Feature", "properties": { "Nama_Sekol": "SEKOLAH MENENGAH KEBANGSAAN DAMANSARA UTAMA", "PPD": "PPD PETALING UTAMA", "PBT": "MBPJ", "JenisWarta": "TM_KPM", "Tahap_Seko": "Sekolah Menengah", "Koordinat_": 3.13711434, "Koordinat1": 101.6254042, "web_name": "SEKOLAH MENENGAH KEBANGSAAN DAMANSARA UTAMA", "web_code": "-", "web_type": "TM_KPM", "web_district": "Petaling", "web_ppd": "PPD PETALING UTAMA", "web_level": "Sekolah Menengah", "web_address": "-", "web_pbt": "MBPJ" }, "geometry": { "type": "Point", "coordinates": [ 101.625404200000048, 3.137114340000039 ] } },
{ "type": "Feature", "properties": { "Nama_Sekol": "SEKOLAH MENENGAH KEBANGSAAN KATHOLIK", "PPD": "PPD PETALING UTAMA", "PBT": "MBPJ", "JenisWarta": "Tiada", "Tahap_Seko": "Sekolah Menengah", "Koordinat_": 3.107431, "Koordinat1": 101.651843, "web_name": "SEKOLAH MENENGAH KEBANGSAAN KATHOLIK", "web_code": "-", "web_type": "Tiada", "web_district": "Petaling", "web_ppd": "PPD PETALING UTAMA", "web_level": "Sekolah Menengah", "web_address": "-", "web_pbt": "MBPJ" }, "geometry": { "type": "Point", "coordinates": [ 101.651843, 3.107431 ] } },
{ "type": "Feature", "properties": { "Nama_Sekol": "SEKOLAH MENENGAH KEBANGSAAN KELANA JAYA", "PPD": "PPD PETALING UTAMA", "PBT": "MBPJ", "JenisWarta": "TM_KPM", "Tahap_Seko": "Sekolah Menengah", "Koordinat_": 3.107753, "Koordinat1": 101.597058, "web_name": "SEKOLAH MENENGAH KEBANGSAAN KELANA JAYA", "web_code": "-", "web_type": "TM_KPM", "web_district": "Petaling", "web_ppd": "PPD PETALING UTAMA", "web_level": "Sekolah Menengah", "web_address": "-", "web_pbt": "MBPJ" }, "geometry": { "type": "Point", "coordinates": [ 101.597058, 3.107753 ] } },
{ "type": "Feature", "properties": { "Nama_Sekol": "SEKOLAH MENENGAH KEBANGSAAN LA SALLE PJ", "PPD": "PPD PETALING UTAMA", "PBT": "MBPJ", "JenisWarta": "Tiada", "Tahap_Seko": "Sekolah Menengah", "Koordinat_": 3.10047, "Koordinat1": 101.653624, "web_name": "SEKOLAH MENENGAH KEBANGSAAN LA SALLE PJ", "web_code": "-", "web_type": "Tiada", "web_district": "Petaling", "web_ppd": "PPD PETALING UTAMA", "web_level": "Sekolah Menengah", "web_address": "-", "web_pbt": "MBPJ" }, "geometry": { "type": "Point", "coordinates": [ 101.653624, 3.10047 ] } },
{ "type": "Feature", "properties": { "Nama_Sekol": "SEKOLAH MENENGAH KEBANGSAAN LEMBAH SUBANG", "PPD": "PPD PETALING UTAMA", "PBT": "MBPJ", "JenisWarta": "Tiada", "Tahap_Seko": "Sekolah Menengah", "Koordinat_": 3.114712, "Koordinat1": 101.580152, "web_name": "SEKOLAH MENENGAH KEBANGSAAN LEMBAH SUBANG", "web_code": "-", "web_type": "Tiada", "web_district": "Petaling", "web_ppd": "PPD PETALING UTAMA", "web_level": "Sekolah Menengah", "web_address": "-", "web_pbt": "MBPJ" }, "geometry": { "type": "Point", "coordinates": [ 101.580152, 3.114712 ] } },
{ "type": "Feature", "properties": { "Nama_Sekol": "SEKOLAH MENENGAH KEBANGSAAN SEKSYEN 10 KOTA DAMANSARA", "PPD": "PPD PETALING UTAMA", "PBT": "MBPJ", "JenisWarta": "TM_KPM", "Tahap_Seko": "Sekolah Menengah", "Koordinat_": 3.169447, "Koordinat1": 101.579437, "web_name": "SEKOLAH MENENGAH KEBANGSAAN SEKSYEN 10 KOTA DAMANSARA", "web_code": "-", "web_type": "TM_KPM", "web_district": "Petaling", "web_ppd": "PPD PETALING UTAMA", "web_level": "Sekolah Menengah", "web_address": "-", "web_pbt": "MBPJ" }, "geometry": { "type": "Point", "coordinates": [ 101.579437, 3.169447 ] } },
{ "type": "Feature", "properties": { "Nama_Sekol": "SEKOLAH MENENGAH KEBANGSAAN SEKSYEN 4 KOTA DAMANSARA", "PPD": "PPD PETALING UTAMA", "PBT": "MBPJ", "JenisWarta": "TM_KPM", "Tahap_Seko": "Sekolah Menengah", "Koordinat_": 3.151698, "Koordinat1": 101.581739, "web_name": "SEKOLAH MENENGAH KEBANGSAAN SEKSYEN 4 KOTA DAMANSARA", "web_code": "-", "web_type": "TM_KPM", "web_district": "Petaling", "web_ppd": "PPD PETALING UTAMA", "web_level": "Sekolah Menengah", "web_address": "-", "web_pbt": "MBPJ" }, "geometry": { "type": "Point", "coordinates": [ 101.581739, 3.151698 ] } },
{ "type": "Feature", "properties": { "Nama_Sekol": "SEKOLAH MENENGAH KEBANGSAAN SEKSYEN 8 KOTA DAMANSARA", "PPD": "PPD PETALING UTAMA", "PBT": "MBPJ", "JenisWarta": "Tiada", "Tahap_Seko": "Sekolah Menengah", "Koordinat_": 3.177869, "Koordinat1": 101.579193, "web_name": "SEKOLAH MENENGAH KEBANGSAAN SEKSYEN 8 KOTA DAMANSARA", "web_code": "-", "web_type": "Tiada", "web_district": "Petaling", "web_ppd": "PPD PETALING UTAMA", "web_level": "Sekolah Menengah", "web_address": "-", "web_pbt": "MBPJ" }, "geometry": { "type": "Point", "coordinates": [ 101.579193, 3.177869 ] } },
{ "type": "Feature", "properties": { "Nama_Sekol": "SEKOLAH MENENGAH KEBANGSAAN SRI PERMATA", "PPD": "PPD PETALING UTAMA", "PBT": "MBPJ", "JenisWarta": "Tiada", "Tahap_Seko": "Sekolah Menengah", "Koordinat_": 3.102434, "Koordinat1": 101.613541, "web_name": "SEKOLAH MENENGAH KEBANGSAAN SRI PERMATA", "web_code": "-", "web_type": "Tiada", "web_district": "Petaling", "web_ppd": "PPD PETALING UTAMA", "web_level": "Sekolah Menengah", "web_address": "-", "web_pbt": "MBPJ" }, "geometry": { "type": "Point", "coordinates": [ 101.613541, 3.102434 ] } },
{ "type": "Feature", "properties": { "Nama_Sekol": "SEKOLAH MENENGAH KEBANGSAAN SRI UTAMA", "PPD": "PPD PETALING UTAMA", "PBT": "MBPJ", "JenisWarta": "TM_KPM", "Tahap_Seko": "Sekolah Menengah", "Koordinat_": 3.098364, "Koordinat1": 101.631003, "web_name": "SEKOLAH MENENGAH KEBANGSAAN SRI UTAMA", "web_code": "-", "web_type": "TM_KPM", "web_district": "Petaling", "web_ppd": "PPD PETALING UTAMA", "web_level": "Sekolah Menengah", "web_address": "-", "web_pbt": "MBPJ" }, "geometry": { "type": "Point", "coordinates": [ 101.631003, 3.098364 ] } },
{ "type": "Feature", "properties": { "Nama_Sekol": "SEKOLAH MENENGAH KEBANGSAAN SULTAN ABDUL SAMAD", "PPD": "PPD PETALING UTAMA", "PBT": "MBPJ", "JenisWarta": "TM_KPM", "Tahap_Seko": "Sekolah Menengah", "Koordinat_": 3.116947222, "Koordinat1": 101.6439806, "web_name": "SEKOLAH MENENGAH KEBANGSAAN SULTAN ABDUL SAMAD", "web_code": "-", "web_type": "TM_KPM", "web_district": "Petaling", "web_ppd": "PPD PETALING UTAMA", "web_level": "Sekolah Menengah", "web_address": "-", "web_pbt": "MBPJ" }, "geometry": { "type": "Point", "coordinates": [ 101.643980600000077, 3.116947222000022 ] } },
{ "type": "Feature", "properties": { "Nama_Sekol": "SEKOLAH MENENGAH KEBANGSAAN TAMAN DATO' HARUN", "PPD": "PPD PETALING UTAMA", "PBT": "MBPJ", "JenisWarta": "Tiada", "Tahap_Seko": "Sekolah Menengah", "Koordinat_": 3.077819, "Koordinat1": 101.63488, "web_name": "SEKOLAH MENENGAH KEBANGSAAN TAMAN DATO' HARUN", "web_code": "-", "web_type": "Tiada", "web_district": "Petaling", "web_ppd": "PPD PETALING UTAMA", "web_level": "Sekolah Menengah", "web_address": "-", "web_pbt": "MBPJ" }, "geometry": { "type": "Point", "coordinates": [ 101.63488, 3.077819 ] } },
{ "type": "Feature", "properties": { "Nama_Sekol": "SEKOLAH MENENGAH KEBANGSAAN TAMAN MEDAN", "PPD": "PPD PETALING UTAMA", "PBT": "MBPJ", "JenisWarta": "Tiada", "Tahap_Seko": "Sekolah Menengah", "Koordinat_": 3.076125, "Koordinat1": 101.635782, "web_name": "SEKOLAH MENENGAH KEBANGSAAN TAMAN MEDAN", "web_code": "-", "web_type": "Tiada", "web_district": "Petaling", "web_ppd": "PPD PETALING UTAMA", "web_level": "Sekolah Menengah", "web_address": "-", "web_pbt": "MBPJ" }, "geometry": { "type": "Point", "coordinates": [ 101.635782, 3.076125 ] } },
{ "type": "Feature", "properties": { "Nama_Sekol": "SEKOLAH MENENGAH KEBANGSAAN TAMAN SEA", "PPD": "PPD PETALING UTAMA", "PBT": "MBPJ", "JenisWarta": "TM_KPM", "Tahap_Seko": "Sekolah Menengah", "Koordinat_": 3.110415, "Koordinat1": 101.616569, "web_name": "SEKOLAH MENENGAH KEBANGSAAN TAMAN SEA", "web_code": "-", "web_type": "TM_KPM", "web_district": "Petaling", "web_ppd": "PPD PETALING UTAMA", "web_level": "Sekolah Menengah", "web_address": "-", "web_pbt": "MBPJ" }, "geometry": { "type": "Point", "coordinates": [ 101.616569, 3.110415 ] } },
{ "type": "Feature", "properties": { "Nama_Sekol": "SEKOLAH MENENGAH KEBANGSAAN TROPICANA", "PPD": "PPD PETALING UTAMA", "PBT": "MBPJ", "JenisWarta": "TM_KPM", "Tahap_Seko": "Sekolah Menengah", "Koordinat_": 3.128614, "Koordinat1": 101.597215, "web_name": "SEKOLAH MENENGAH KEBANGSAAN TROPICANA", "web_code": "-", "web_type": "TM_KPM", "web_district": "Petaling", "web_ppd": "PPD PETALING UTAMA", "web_level": "Sekolah Menengah", "web_address": "-", "web_pbt": "MBPJ" }, "geometry": { "type": "Point", "coordinates": [ 101.597215, 3.128614 ] } },
{ "type": "Feature", "properties": { "Nama_Sekol": "SEKOLAH JENIS KEBANGSAAN (CINA) BUKIT SERDANG SERI KEMBANGAN", "PPD": "PPD PETALING PERDANA", "PBT": "MBSJ", "JenisWarta": "Tiada", "Tahap_Seko": "Sekolah Rendah", "Koordinat_": 3.011283, "Koordinat1": 101.672679, "web_name": "SEKOLAH JENIS KEBANGSAAN (CINA) BUKIT SERDANG SERI KEMBANGAN", "web_code": "-", "web_type": "Tiada", "web_district": "Petaling", "web_ppd": "PPD PETALING PERDANA", "web_level": "Sekolah Rendah", "web_address": "-", "web_pbt": "MBSJ" }, "geometry": { "type": "Point", "coordinates": [ 101.672679, 3.011283 ] } },
{ "type": "Feature", "properties": { "Nama_Sekol": "SEKOLAH JENIS KEBANGSAAN (CINA) CHEE WEN", "PPD": "PPD PETALING PERDANA", "PBT": "MBSJ", "JenisWarta": "TM_KPM", "Tahap_Seko": "Sekolah Rendah", "Koordinat_": 3.050303, "Koordinat1": 101.60301, "web_name": "SEKOLAH JENIS KEBANGSAAN (CINA) CHEE WEN", "web_code": "-", "web_type": "TM_KPM", "web_district": "Petaling", "web_ppd": "PPD PETALING PERDANA", "web_level": "Sekolah Rendah", "web_address": "-", "web_pbt": "MBSJ" }, "geometry": { "type": "Point", "coordinates": [ 101.60301, 3.050303 ] } },
{ "type": "Feature", "properties": { "Nama_Sekol": "SEKOLAH JENIS KEBANGSAAN (CINA) HAN MING", "PPD": "PPD PETALING PERDANA", "PBT": "MBSJ", "JenisWarta": "Tiada", "Tahap_Seko": "Sekolah Rendah", "Koordinat_": 2.996312041, "Koordinat1": 101.6224576, "web_name": "SEKOLAH JENIS KEBANGSAAN (CINA) HAN MING", "web_code": "-", "web_type": "Tiada", "web_district": "Petaling", "web_ppd": "PPD PETALING PERDANA", "web_level": "Sekolah Rendah", "web_address": "-", "web_pbt": "MBSJ" }, "geometry": { "type": "Point", "coordinates": [ 101.622457600000075, 2.996312041000067 ] } },
{ "type": "Feature", "properties": { "Nama_Sekol": "SEKOLAH JENIS KEBANGSAAN (CINA) KHENG CHEE", "PPD": "PPD PETALING PERDANA", "PBT": "MBSJ", "JenisWarta": "TM_KPM", "Tahap_Seko": "Sekolah Rendah", "Koordinat_": 3.021995, "Koordinat1": 101.628867, "web_name": "SEKOLAH JENIS KEBANGSAAN (CINA) KHENG CHEE", "web_code": "-", "web_type": "TM_KPM", "web_district": "Petaling", "web_ppd": "PPD PETALING PERDANA", "web_level": "Sekolah Rendah", "web_address": "-", "web_pbt": "MBSJ" }, "geometry": { "type": "Point", "coordinates": [ 101.628867, 3.021995 ] } },
{ "type": "Feature", "properties": { "Nama_Sekol": "SEKOLAH JENIS KEBANGSAAN (CINA) KUNG MAN", "PPD": "PPD PETALING PERDANA", "PBT": "MBSJ", "JenisWarta": "Tiada", "Tahap_Seko": "Sekolah Rendah", "Koordinat_": 3.015323, "Koordinat1": 101.720713, "web_name": "SEKOLAH JENIS KEBANGSAAN (CINA) KUNG MAN", "web_code": "-", "web_type": "Tiada", "web_district": "Petaling", "web_ppd": "PPD PETALING PERDANA", "web_level": "Sekolah Rendah", "web_address": "-", "web_pbt": "MBSJ" }, "geometry": { "type": "Point", "coordinates": [ 101.720713, 3.015323 ] } },
{ "type": "Feature", "properties": { "Nama_Sekol": "SEKOLAH JENIS KEBANGSAAN (CINA) LICK HUNG", "PPD": "PPD PETALING PERDANA", "PBT": "MBSJ", "JenisWarta": "Tiada", "Tahap_Seko": "Sekolah Rendah", "Koordinat_": 3.066181, "Koordinat1": 101.577357, "web_name": "SEKOLAH JENIS KEBANGSAAN (CINA) LICK HUNG", "web_code": "-", "web_type": "Tiada", "web_district": "Petaling", "web_ppd": "PPD PETALING PERDANA", "web_level": "Sekolah Rendah", "web_address": "-", "web_pbt": "MBSJ" }, "geometry": { "type": "Point", "coordinates": [ 101.577357, 3.066181 ] } },
{ "type": "Feature", "properties": { "Nama_Sekol": "SEKOLAH JENIS KEBANGSAAN (CINA) POI MIN", "PPD": "PPD PETALING PERDANA", "PBT": "MBSJ", "JenisWarta": "Tiada", "Tahap_Seko": "Sekolah Rendah", "Koordinat_": 3.0403749, "Koordinat1": 101.6093589, "web_name": "SEKOLAH JENIS KEBANGSAAN (CINA) POI MIN", "web_code": "-", "web_type": "Tiada", "web_district": "Petaling", "web_ppd": "PPD PETALING PERDANA", "web_level": "Sekolah Rendah", "web_address": "-", "web_pbt": "MBSJ" }, "geometry": { "type": "Point", "coordinates": [ 101.609358900000075, 3.040374900000074 ] } },
{ "type": "Feature", "properties": { "Nama_Sekol": "SEKOLAH JENIS KEBANGSAAN (CINA) SERDANG BARU (1)", "PPD": "PPD PETALING PERDANA", "PBT": "MBSJ", "JenisWarta": "TM_KPM", "Tahap_Seko": "Sekolah Rendah", "Koordinat_": 3.025453, "Koordinat1": 101.700773, "web_name": "SEKOLAH JENIS KEBANGSAAN (CINA) SERDANG BARU (1)", "web_code": "-", "web_type": "TM_KPM", "web_district": "Petaling", "web_ppd": "PPD PETALING PERDANA", "web_level": "Sekolah Rendah", "web_address": "-", "web_pbt": "MBSJ" }, "geometry": { "type": "Point", "coordinates": [ 101.700773, 3.025453 ] } },
{ "type": "Feature", "properties": { "Nama_Sekol": "SEKOLAH JENIS KEBANGSAAN (CINA) SERDANG BARU (2)", "PPD": "PPD PETALING PERDANA", "PBT": "MBSJ", "JenisWarta": "Tiada", "Tahap_Seko": "Sekolah Rendah", "Koordinat_": 3.012946477, "Koordinat1": 101.709361, "web_name": "SEKOLAH JENIS KEBANGSAAN (CINA) SERDANG BARU (2)", "web_code": "-", "web_type": "Tiada", "web_district": "Petaling", "web_ppd": "PPD PETALING PERDANA", "web_level": "Sekolah Rendah", "web_address": "-", "web_pbt": "MBSJ" }, "geometry": { "type": "Point", "coordinates": [ 101.709361, 3.012946477000071 ] } },
{ "type": "Feature", "properties": { "Nama_Sekol": "SEKOLAH JENIS KEBANGSAAN (CINA) SHIN CHENG (HARCROFT)", "PPD": "PPD PETALING PERDANA", "PBT": "MBSJ", "JenisWarta": "Tiada", "Tahap_Seko": "Sekolah Rendah", "Koordinat_": 3.040173, "Koordinat1": 101.630863, "web_name": "SEKOLAH JENIS KEBANGSAAN (CINA) SHIN CHENG (HARCROFT)", "web_code": "-", "web_type": "Tiada", "web_district": "Petaling", "web_ppd": "PPD PETALING PERDANA", "web_level": "Sekolah Rendah", "web_address": "-", "web_pbt": "MBSJ" }, "geometry": { "type": "Point", "coordinates": [ 101.630863, 3.040173 ] } },
{ "type": "Feature", "properties": { "Nama_Sekol": "SEKOLAH JENIS KEBANGSAAN (CINA) SUBANG", "PPD": "PPD PETALING PERDANA", "PBT": "MBSA", "JenisWarta": "Tiada", "Tahap_Seko": "Sekolah Rendah", "Koordinat_": 3.143568779, "Koordinat1": 101.5347528, "web_name": "SEKOLAH JENIS KEBANGSAAN (CINA) SUBANG", "web_code": "-", "web_type": "Tiada", "web_district": "Petaling", "web_ppd": "PPD PETALING PERDANA", "web_level": "Sekolah Rendah", "web_address": "-", "web_pbt": "MBSA" }, "geometry": { "type": "Point", "coordinates": [ 101.534752800000035, 3.14356877900002 ] } },
{ "type": "Feature", "properties": { "Nama_Sekol": "SEKOLAH JENIS KEBANGSAAN (CINA) TUN TAN CHENG LOCK", "PPD": "PPD PETALING PERDANA", "PBT": "MBSJ", "JenisWarta": "TM_KPM", "Tahap_Seko": "Sekolah Rendah", "Koordinat_": 3.036407, "Koordinat1": 101.589756, "web_name": "SEKOLAH JENIS KEBANGSAAN (CINA) TUN TAN CHENG LOCK", "web_code": "-", "web_type": "TM_KPM", "web_district": "Petaling", "web_ppd": "PPD PETALING PERDANA", "web_level": "Sekolah Rendah", "web_address": "-", "web_pbt": "MBSJ" }, "geometry": { "type": "Point", "coordinates": [ 101.589756, 3.036407 ] } },
{ "type": "Feature", "properties": { "Nama_Sekol": "SEKOLAH JENIS KEBANGSAAN (CINA) TUN TAN SIEW SIN", "PPD": "PPD PETALING PERDANA", "PBT": "MBSJ", "JenisWarta": "Tiada", "Tahap_Seko": "Sekolah Rendah", "Koordinat_": 3.021221, "Koordinat1": 101.573365, "web_name": "SEKOLAH JENIS KEBANGSAAN (CINA) TUN TAN SIEW SIN", "web_code": "-", "web_type": "Tiada", "web_district": "Petaling", "web_ppd": "PPD PETALING PERDANA", "web_level": "Sekolah Rendah", "web_address": "-", "web_pbt": "MBSJ" }, "geometry": { "type": "Point", "coordinates": [ 101.573365, 3.021221 ] } },
{ "type": "Feature", "properties": { "Nama_Sekol": "SEKOLAH JENIS KEBANGSAAN (CINA) YAK CHEE", "PPD": "PPD PETALING PERDANA", "PBT": "MBSJ", "JenisWarta": "TM_KPM", "Tahap_Seko": "Sekolah Rendah", "Koordinat_": 3.056043, "Koordinat1": 101.642063, "web_name": "SEKOLAH JENIS KEBANGSAAN (CINA) YAK CHEE", "web_code": "-", "web_type": "TM_KPM", "web_district": "Petaling", "web_ppd": "PPD PETALING PERDANA", "web_level": "Sekolah Rendah", "web_address": "-", "web_pbt": "MBSJ" }, "geometry": { "type": "Point", "coordinates": [ 101.642063, 3.056043 ] } },
{ "type": "Feature", "properties": { "Nama_Sekol": "SEKOLAH JENIS KEBANGSAAN (TAMIL) CASTLEFIELD", "PPD": "PPD PETALING PERDANA", "PBT": "MBSJ", "JenisWarta": "Tiada", "Tahap_Seko": "Sekolah Rendah", "Koordinat_": 3.028473, "Koordinat1": 101.614173, "web_name": "SEKOLAH JENIS KEBANGSAAN (TAMIL) CASTLEFIELD", "web_code": "-", "web_type": "Tiada", "web_district": "Petaling", "web_ppd": "PPD PETALING PERDANA", "web_level": "Sekolah Rendah", "web_address": "-", "web_pbt": "MBSJ" }, "geometry": { "type": "Point", "coordinates": [ 101.614173, 3.028473 ] } },
{ "type": "Feature", "properties": { "Nama_Sekol": "SEKOLAH JENIS KEBANGSAAN (TAMIL) F E S SERDANG", "PPD": "PPD PETALING PERDANA", "PBT": "MBSJ", "JenisWarta": "Tiada", "Tahap_Seko": "Sekolah Rendah", "Koordinat_": 2.999068477, "Koordinat1": 101.7013069, "web_name": "SEKOLAH JENIS KEBANGSAAN (TAMIL) F E S SERDANG", "web_code": "-", "web_type": "Tiada", "web_district": "Petaling", "web_ppd": "PPD PETALING PERDANA", "web_level": "Sekolah Rendah", "web_address": "-", "web_pbt": "MBSJ" }, "geometry": { "type": "Point", "coordinates": [ 101.701306900000077, 2.999068477000037 ] } },
{ "type": "Feature", "properties": { "Nama_Sekol": "SEKOLAH JENIS KEBANGSAAN (TAMIL) HICOM", "PPD": "PPD PETALING PERDANA", "PBT": "MBSA", "JenisWarta": "Tiada", "Tahap_Seko": "Sekolah Rendah", "Koordinat_": 3.019865, "Koordinat1": 101.564861, "web_name": "SEKOLAH JENIS KEBANGSAAN (TAMIL) HICOM", "web_code": "-", "web_type": "Tiada", "web_district": "Petaling", "web_ppd": "PPD PETALING PERDANA", "web_level": "Sekolah Rendah", "web_address": "-", "web_pbt": "MBSA" }, "geometry": { "type": "Point", "coordinates": [ 101.564861, 3.019865 ] } },
{ "type": "Feature", "properties": { "Nama_Sekol": "SEKOLAH JENIS KEBANGSAAN (TAMIL) LADANG EBOR", "PPD": "PPD PETALING PERDANA", "PBT": "MBSJ", "JenisWarta": "Tiada", "Tahap_Seko": "Sekolah Rendah", "Koordinat_": 3.064007, "Koordinat1": 101.558782, "web_name": "SEKOLAH JENIS KEBANGSAAN (TAMIL) LADANG EBOR", "web_code": "-", "web_type": "Tiada", "web_district": "Petaling", "web_ppd": "PPD PETALING PERDANA", "web_level": "Sekolah Rendah", "web_address": "-", "web_pbt": "MBSJ" }, "geometry": { "type": "Point", "coordinates": [ 101.558782, 3.064007 ] } },
{ "type": "Feature", "properties": { "Nama_Sekol": "SEKOLAH JENIS KEBANGSAAN (TAMIL) LADANG MIDLANDS", "PPD": "PPD PETALING PERDANA", "PBT": "MBSA", "JenisWarta": "Tiada", "Tahap_Seko": "Sekolah Rendah", "Koordinat_": 3.06826035, "Koordinat1": 101.4871213, "web_name": "SEKOLAH JENIS KEBANGSAAN (TAMIL) LADANG MIDLANDS", "web_code": "-", "web_type": "Tiada", "web_district": "Petaling", "web_ppd": "PPD PETALING PERDANA", "web_level": "Sekolah Rendah", "web_address": "-", "web_pbt": "MBSA" }, "geometry": { "type": "Point", "coordinates": [ 101.487121300000069, 3.06826035000006 ] } },
{ "type": "Feature", "properties": { "Nama_Sekol": "SEKOLAH JENIS KEBANGSAAN (TAMIL) LDG GLENMARIE", "PPD": "PPD PETALING PERDANA", "PBT": "MBSA", "JenisWarta": "Tiada", "Tahap_Seko": "Sekolah Rendah", "Koordinat_": 3.101272455, "Koordinat1": 101.560209, "web_name": "SEKOLAH JENIS KEBANGSAAN (TAMIL) LDG GLENMARIE", "web_code": "-", "web_type": "Tiada", "web_district": "Petaling", "web_ppd": "PPD PETALING PERDANA", "web_level": "Sekolah Rendah", "web_address": "-", "web_pbt": "MBSA" }, "geometry": { "type": "Point", "coordinates": [ 101.560209, 3.101272455000071 ] } },
{ "type": "Feature", "properties": { "Nama_Sekol": "SEKOLAH JENIS KEBANGSAAN (TAMIL) LDG KINRARA", "PPD": "PPD PETALING PERDANA", "PBT": "MBSJ", "JenisWarta": "Tiada", "Tahap_Seko": "Sekolah Rendah", "Koordinat_": 3.056838, "Koordinat1": 101.648923, "web_name": "SEKOLAH JENIS KEBANGSAAN (TAMIL) LDG KINRARA", "web_code": "-", "web_type": "Tiada", "web_district": "Petaling", "web_ppd": "PPD PETALING PERDANA", "web_level": "Sekolah Rendah", "web_address": "-", "web_pbt": "MBSJ" }, "geometry": { "type": "Point", "coordinates": [ 101.648923, 3.056838 ] } },
{ "type": "Feature", "properties": { "Nama_Sekol": "SEKOLAH JENIS KEBANGSAAN (TAMIL) LDG RASAK", "PPD": "PPD PETALING PERDANA", "PBT": "MBSA", "JenisWarta": "Tiada", "Tahap_Seko": "Sekolah Rendah", "Koordinat_": 3.170398, "Koordinat1": 101.509855, "web_name": "SEKOLAH JENIS KEBANGSAAN (TAMIL) LDG RASAK", "web_code": "-", "web_type": "Tiada", "web_district": "Petaling", "web_ppd": "PPD PETALING PERDANA", "web_level": "Sekolah Rendah", "web_address": "-", "web_pbt": "MBSA" }, "geometry": { "type": "Point", "coordinates": [ 101.509855, 3.170398 ] } },
{ "type": "Feature", "properties": { "Nama_Sekol": "SEKOLAH JENIS KEBANGSAAN (TAMIL) LDG SEAFIELD", "PPD": "PPD PETALING PERDANA", "PBT": "MBSJ", "JenisWarta": "Tiada", "Tahap_Seko": "Sekolah Rendah", "Koordinat_": 3.020810717, "Koordinat1": 101.5729745, "web_name": "SEKOLAH JENIS KEBANGSAAN (TAMIL) LDG SEAFIELD", "web_code": "-", "web_type": "Tiada", "web_district": "Petaling", "web_ppd": "PPD PETALING PERDANA", "web_level": "Sekolah Rendah", "web_address": "-", "web_pbt": "MBSJ" }, "geometry": { "type": "Point", "coordinates": [ 101.572974500000043, 3.020810717000074 ] } },
{ "type": "Feature", "properties": { "Nama_Sekol": "SEKOLAH JENIS KEBANGSAAN (TAMIL) PUCHONG", "PPD": "PPD PETALING PERDANA", "PBT": "MBSJ", "JenisWarta": "TM_KPM", "Tahap_Seko": "Sekolah Rendah", "Koordinat_": 3.001541, "Koordinat1": 101.621509, "web_name": "SEKOLAH JENIS KEBANGSAAN (TAMIL) PUCHONG", "web_code": "-", "web_type": "TM_KPM", "web_district": "Petaling", "web_ppd": "PPD PETALING PERDANA", "web_level": "Sekolah Rendah", "web_address": "-", "web_pbt": "MBSJ" }, "geometry": { "type": "Point", "coordinates": [ 101.621509, 3.001541 ] } },
{ "type": "Feature", "properties": { "Nama_Sekol": "SEKOLAH JENIS KEBANGSAAN (TAMIL) SG RENGGAM", "PPD": "PPD PETALING PERDANA", "PBT": "MBSA", "JenisWarta": "Tiada", "Tahap_Seko": "Sekolah Rendah", "Koordinat_": 3.048425, "Koordinat1": 101.516476, "web_name": "SEKOLAH JENIS KEBANGSAAN (TAMIL) SG RENGGAM", "web_code": "-", "web_type": "Tiada", "web_district": "Petaling", "web_ppd": "PPD PETALING PERDANA", "web_level": "Sekolah Rendah", "web_address": "-", "web_pbt": "MBSA" }, "geometry": { "type": "Point", "coordinates": [ 101.516476, 3.048425 ] } },
{ "type": "Feature", "properties": { "Nama_Sekol": "SEKOLAH JENIS KEBANGSAAN (TAMIL) TUN SAMBANTHAN", "PPD": "PPD PETALING PERDANA", "PBT": "MBSJ", "JenisWarta": "TM_KPM", "Tahap_Seko": "Sekolah Rendah", "Koordinat_": 3.035243956, "Koordinat1": 101.5896347, "web_name": "SEKOLAH JENIS KEBANGSAAN (TAMIL) TUN SAMBANTHAN", "web_code": "-", "web_type": "TM_KPM", "web_district": "Petaling", "web_ppd": "PPD PETALING PERDANA", "web_level": "Sekolah Rendah", "web_address": "-", "web_pbt": "MBSJ" }, "geometry": { "type": "Point", "coordinates": [ 101.589634700000033, 3.035243956000045 ] } },
{ "type": "Feature", "properties": { "Nama_Sekol": "SEKOLAH KEBANGSAAN ALAM MEGAH (3)", "PPD": "PPD PETALING PERDANA", "PBT": "MBSA", "JenisWarta": "Tiada", "Tahap_Seko": "Sekolah Rendah", "Koordinat_": 3.002773, "Koordinat1": 101.567743, "web_name": "SEKOLAH KEBANGSAAN ALAM MEGAH (3)", "web_code": "-", "web_type": "Tiada", "web_district": "Petaling", "web_ppd": "PPD PETALING PERDANA", "web_level": "Sekolah Rendah", "web_address": "-", "web_pbt": "MBSA" }, "geometry": { "type": "Point", "coordinates": [ 101.567743, 3.002773 ] } },
{ "type": "Feature", "properties": { "Nama_Sekol": "SEKOLAH KEBANGSAAN ALAM MEGAH DUA", "PPD": "PPD PETALING PERDANA", "PBT": "MBSA", "JenisWarta": "TM_KPM", "Tahap_Seko": "Sekolah Rendah", "Koordinat_": 3.010083, "Koordinat1": 101.570763, "web_name": "SEKOLAH KEBANGSAAN ALAM MEGAH DUA", "web_code": "-", "web_type": "TM_KPM", "web_district": "Petaling", "web_ppd": "PPD PETALING PERDANA", "web_level": "Sekolah Rendah", "web_address": "-", "web_pbt": "MBSA" }, "geometry": { "type": "Point", "coordinates": [ 101.570763, 3.010083 ] } },
{ "type": "Feature", "properties": { "Nama_Sekol": "SEKOLAH KEBANGSAAN BANDAR ANGGERIK", "PPD": "PPD PETALING PERDANA", "PBT": "MBSA", "JenisWarta": "TM_KPM", "Tahap_Seko": "Sekolah Rendah", "Koordinat_": 3.088043, "Koordinat1": 101.508713, "web_name": "SEKOLAH KEBANGSAAN BANDAR ANGGERIK", "web_code": "-", "web_type": "TM_KPM", "web_district": "Petaling", "web_ppd": "PPD PETALING PERDANA", "web_level": "Sekolah Rendah", "web_address": "-", "web_pbt": "MBSA" }, "geometry": { "type": "Point", "coordinates": [ 101.508713, 3.088043 ] } },
{ "type": "Feature", "properties": { "Nama_Sekol": "SEKOLAH KEBANGSAAN BANDAR SUNWAY", "PPD": "PPD PETALING PERDANA", "PBT": "MBSJ", "JenisWarta": "Tiada", "Tahap_Seko": "Sekolah Rendah", "Koordinat_": 3.068343, "Koordinat1": 101.617323, "web_name": "SEKOLAH KEBANGSAAN BANDAR SUNWAY", "web_code": "-", "web_type": "Tiada", "web_district": "Petaling", "web_ppd": "PPD PETALING PERDANA", "web_level": "Sekolah Rendah", "web_address": "-", "web_pbt": "MBSJ" }, "geometry": { "type": "Point", "coordinates": [ 101.617323, 3.068343 ] } },
{ "type": "Feature", "properties": { "Nama_Sekol": "SEKOLAH KEBANGSAAN BUKIT JELUTONG", "PPD": "PPD PETALING PERDANA", "PBT": "MBSA", "JenisWarta": "Tiada", "Tahap_Seko": "Sekolah Rendah", "Koordinat_": 3.106663, "Koordinat1": 101.531193, "web_name": "SEKOLAH KEBANGSAAN BUKIT JELUTONG", "web_code": "-", "web_type": "Tiada", "web_district": "Petaling", "web_ppd": "PPD PETALING PERDANA", "web_level": "Sekolah Rendah", "web_address": "-", "web_pbt": "MBSA" }, "geometry": { "type": "Point", "coordinates": [ 101.531193, 3.106663 ] } },
{ "type": "Feature", "properties": { "Nama_Sekol": "SEKOLAH KEBANGSAAN BUKIT KUCHAI", "PPD": "PPD PETALING PERDANA", "PBT": "MBSJ", "JenisWarta": "TM_KPM", "Tahap_Seko": "Sekolah Rendah", "Koordinat_": 3.055703, "Koordinat1": 101.635437, "web_name": "SEKOLAH KEBANGSAAN BUKIT KUCHAI", "web_code": "-", "web_type": "TM_KPM", "web_district": "Petaling", "web_ppd": "PPD PETALING PERDANA", "web_level": "Sekolah Rendah", "web_address": "-", "web_pbt": "MBSJ" }, "geometry": { "type": "Point", "coordinates": [ 101.635437, 3.055703 ] } },
{ "type": "Feature", "properties": { "Nama_Sekol": "SEKOLAH KEBANGSAAN DATO' ONN JAAFAR", "PPD": "PPD PETALING PERDANA", "PBT": "MBSJ", "JenisWarta": "TM_KPM", "Tahap_Seko": "Sekolah Rendah", "Koordinat_": 3.036151363, "Koordinat1": 101.5889642, "web_name": "SEKOLAH KEBANGSAAN DATO' ONN JAAFAR", "web_code": "-", "web_type": "TM_KPM", "web_district": "Petaling", "web_ppd": "PPD PETALING PERDANA", "web_level": "Sekolah Rendah", "web_address": "-", "web_pbt": "MBSJ" }, "geometry": { "type": "Point", "coordinates": [ 101.588964200000078, 3.036151363000045 ] } },
{ "type": "Feature", "properties": { "Nama_Sekol": "SEKOLAH KEBANGSAAN DENAI ALAM", "PPD": "PPD PETALING PERDANA", "PBT": "MBSA", "JenisWarta": "Tiada", "Tahap_Seko": "Sekolah Rendah", "Koordinat_": 3.153243076, "Koordinat1": 101.5136021, "web_name": "SEKOLAH KEBANGSAAN DENAI ALAM", "web_code": "-", "web_type": "Tiada", "web_district": "Petaling", "web_ppd": "PPD PETALING PERDANA", "web_level": "Sekolah Rendah", "web_address": "-", "web_pbt": "MBSA" }, "geometry": { "type": "Point", "coordinates": [ 101.513602100000071, 3.153243076000024 ] } },
{ "type": "Feature", "properties": { "Nama_Sekol": "SEKOLAH KEBANGSAAN HICOM", "PPD": "PPD PETALING PERDANA", "PBT": "MBSA", "JenisWarta": "Tiada", "Tahap_Seko": "Sekolah Rendah", "Koordinat_": 3.026392, "Koordinat1": 101.569715, "web_name": "SEKOLAH KEBANGSAAN HICOM", "web_code": "-", "web_type": "Tiada", "web_district": "Petaling", "web_ppd": "PPD PETALING PERDANA", "web_level": "Sekolah Rendah", "web_address": "-", "web_pbt": "MBSA" }, "geometry": { "type": "Point", "coordinates": [ 101.569715, 3.026392 ] } },
{ "type": "Feature", "properties": { "Nama_Sekol": "SEKOLAH KEBANGSAAN JALAN U3", "PPD": "PPD PETALING PERDANA", "PBT": "MBSA", "JenisWarta": "TM_KPM", "Tahap_Seko": "Sekolah Rendah", "Koordinat_": 3.153687, "Koordinat1": 101.544414, "web_name": "SEKOLAH KEBANGSAAN JALAN U3", "web_code": "-", "web_type": "TM_KPM", "web_district": "Petaling", "web_ppd": "PPD PETALING PERDANA", "web_level": "Sekolah Rendah", "web_address": "-", "web_pbt": "MBSA" }, "geometry": { "type": "Point", "coordinates": [ 101.544414, 3.153687 ] } },
{ "type": "Feature", "properties": { "Nama_Sekol": "SEKOLAH KEBANGSAAN KAMPUNG LINDUNGAN", "PPD": "PPD PETALING PERDANA", "PBT": "MBPJ", "JenisWarta": "Tiada", "Tahap_Seko": "Sekolah Rendah", "Koordinat_": 3.080854, "Koordinat1": 101.607168, "web_name": "SEKOLAH KEBANGSAAN KAMPUNG LINDUNGAN", "web_code": "-", "web_type": "Tiada", "web_district": "Petaling", "web_ppd": "PPD PETALING PERDANA", "web_level": "Sekolah Rendah", "web_address": "-", "web_pbt": "MBPJ" }, "geometry": { "type": "Point", "coordinates": [ 101.607168, 3.080854 ] } },
{ "type": "Feature", "properties": { "Nama_Sekol": "SEKOLAH KEBANGSAAN PADANG JAWA", "PPD": "PPD PETALING PERDANA", "PBT": "MBSA", "JenisWarta": "Tiada", "Tahap_Seko": "Sekolah Rendah", "Koordinat_": 3.052781, "Koordinat1": 101.491382, "web_name": "SEKOLAH KEBANGSAAN PADANG JAWA", "web_code": "-", "web_type": "Tiada", "web_district": "Petaling", "web_ppd": "PPD PETALING PERDANA", "web_level": "Sekolah Rendah", "web_address": "-", "web_pbt": "MBSA" }, "geometry": { "type": "Point", "coordinates": [ 101.491382, 3.052781 ] } },
{ "type": "Feature", "properties": { "Nama_Sekol": "SEKOLAH KEBANGSAAN PENDIDIKAN KHAS SELANGOR", "PPD": "PPD PETALING PERDANA", "PBT": "MBSA", "JenisWarta": "Tiada", "Tahap_Seko": "Sekolah Rendah", "Koordinat_": 3.048451, "Koordinat1": 101.515344, "web_name": "SEKOLAH KEBANGSAAN PENDIDIKAN KHAS SELANGOR", "web_code": "-", "web_type": "Tiada", "web_district": "Petaling", "web_ppd": "PPD PETALING PERDANA", "web_level": "Sekolah Rendah", "web_address": "-", "web_pbt": "MBSA" }, "geometry": { "type": "Point", "coordinates": [ 101.515344, 3.048451 ] } },
{ "type": "Feature", "properties": { "Nama_Sekol": "SEKOLAH KEBANGSAAN PERDANA JAYA SS19", "PPD": "PPD PETALING PERDANA", "PBT": "MBSJ", "JenisWarta": "Tiada", "Tahap_Seko": "Sekolah Rendah", "Koordinat_": 3.077891, "Koordinat1": 101.573703, "web_name": "SEKOLAH KEBANGSAAN PERDANA JAYA SS19", "web_code": "-", "web_type": "Tiada", "web_district": "Petaling", "web_ppd": "PPD PETALING PERDANA", "web_level": "Sekolah Rendah", "web_address": "-", "web_pbt": "MBSJ" }, "geometry": { "type": "Point", "coordinates": [ 101.573703, 3.077891 ] } },
{ "type": "Feature", "properties": { "Nama_Sekol": "SEKOLAH KEBANGSAAN PUCHONG", "PPD": "PPD PETALING PERDANA", "PBT": "MBSJ", "JenisWarta": "TM_KPM", "Tahap_Seko": "Sekolah Rendah", "Koordinat_": 2.996286, "Koordinat1": 101.624551, "web_name": "SEKOLAH KEBANGSAAN PUCHONG", "web_code": "-", "web_type": "TM_KPM", "web_district": "Petaling", "web_ppd": "PPD PETALING PERDANA", "web_level": "Sekolah Rendah", "web_address": "-", "web_pbt": "MBSJ" }, "geometry": { "type": "Point", "coordinates": [ 101.624551, 2.996286 ] } },
{ "type": "Feature", "properties": { "Nama_Sekol": "SEKOLAH KEBANGSAAN PUCHONG INDAH", "PPD": "PPD PETALING PERDANA", "PBT": "MBSJ", "JenisWarta": "Tiada", "Tahap_Seko": "Sekolah Rendah", "Koordinat_": 3.010969, "Koordinat1": 101.606534, "web_name": "SEKOLAH KEBANGSAAN PUCHONG INDAH", "web_code": "-", "web_type": "Tiada", "web_district": "Petaling", "web_ppd": "PPD PETALING PERDANA", "web_level": "Sekolah Rendah", "web_address": "-", "web_pbt": "MBSJ" }, "geometry": { "type": "Point", "coordinates": [ 101.606534, 3.010969 ] } },
{ "type": "Feature", "properties": { "Nama_Sekol": "SEKOLAH KEBANGSAAN PUCHONG JAYA", "PPD": "PPD PETALING PERDANA", "PBT": "MBSJ", "JenisWarta": "Tiada", "Tahap_Seko": "Sekolah Rendah", "Koordinat_": 3.057156, "Koordinat1": 101.626266, "web_name": "SEKOLAH KEBANGSAAN PUCHONG JAYA", "web_code": "-", "web_type": "Tiada", "web_district": "Petaling", "web_ppd": "PPD PETALING PERDANA", "web_level": "Sekolah Rendah", "web_address": "-", "web_pbt": "MBSJ" }, "geometry": { "type": "Point", "coordinates": [ 101.626266, 3.057156 ] } },
{ "type": "Feature", "properties": { "Nama_Sekol": "SEKOLAH KEBANGSAAN PUCHONG JAYA 2", "PPD": "PPD PETALING PERDANA", "PBT": "MBSJ", "JenisWarta": "TM_KPM", "Tahap_Seko": "Sekolah Rendah", "Koordinat_": 3.063963, "Koordinat1": 101.623895, "web_name": "SEKOLAH KEBANGSAAN PUCHONG JAYA 2", "web_code": "-", "web_type": "TM_KPM", "web_district": "Petaling", "web_ppd": "PPD PETALING PERDANA", "web_level": "Sekolah Rendah", "web_address": "-", "web_pbt": "MBSJ" }, "geometry": { "type": "Point", "coordinates": [ 101.623895, 3.063963 ] } },
{ "type": "Feature", "properties": { "Nama_Sekol": "SEKOLAH KEBANGSAAN PUCHONG PERDANA", "PPD": "PPD PETALING PERDANA", "PBT": "MBSJ", "JenisWarta": "TM_KPM", "Tahap_Seko": "Sekolah Rendah", "Koordinat_": 3.004802, "Koordinat1": 101.60177, "web_name": "SEKOLAH KEBANGSAAN PUCHONG PERDANA", "web_code": "-", "web_type": "TM_KPM", "web_district": "Petaling", "web_ppd": "PPD PETALING PERDANA", "web_level": "Sekolah Rendah", "web_address": "-", "web_pbt": "MBSJ" }, "geometry": { "type": "Point", "coordinates": [ 101.60177, 3.004802 ] } },
{ "type": "Feature", "properties": { "Nama_Sekol": "SEKOLAH KEBANGSAAN PUCHONG UTAMA", "PPD": "PPD PETALING PERDANA", "PBT": "MBSJ", "JenisWarta": "TM_KPM", "Tahap_Seko": "Sekolah Rendah", "Koordinat_": 2.989375, "Koordinat1": 101.611361, "web_name": "SEKOLAH KEBANGSAAN PUCHONG UTAMA", "web_code": "-", "web_type": "TM_KPM", "web_district": "Petaling", "web_ppd": "PPD PETALING PERDANA", "web_level": "Sekolah Rendah", "web_address": "-", "web_pbt": "MBSJ" }, "geometry": { "type": "Point", "coordinates": [ 101.611361, 2.989375 ] } },
{ "type": "Feature", "properties": { "Nama_Sekol": "SEKOLAH KEBANGSAAN PUCHONG UTAMA 2", "PPD": "PPD PETALING PERDANA", "PBT": "MBSJ", "JenisWarta": "Tiada", "Tahap_Seko": "Sekolah Rendah", "Koordinat_": 2.981671, "Koordinat1": 101.613049, "web_name": "SEKOLAH KEBANGSAAN PUCHONG UTAMA 2", "web_code": "-", "web_type": "Tiada", "web_district": "Petaling", "web_ppd": "PPD PETALING PERDANA", "web_level": "Sekolah Rendah", "web_address": "-", "web_pbt": "MBSJ" }, "geometry": { "type": "Point", "coordinates": [ 101.613049, 2.981671 ] } },
{ "type": "Feature", "properties": { "Nama_Sekol": "SEKOLAH KEBANGSAAN PUCHONG UTAMA 3", "PPD": "PPD PETALING PERDANA", "PBT": "MBSJ", "JenisWarta": "Tiada", "Tahap_Seko": "Sekolah Rendah", "Koordinat_": 3.000973, "Koordinat1": 101.612973, "web_name": "SEKOLAH KEBANGSAAN PUCHONG UTAMA 3", "web_code": "-", "web_type": "Tiada", "web_district": "Petaling", "web_ppd": "PPD PETALING PERDANA", "web_level": "Sekolah Rendah", "web_address": "-", "web_pbt": "MBSJ" }, "geometry": { "type": "Point", "coordinates": [ 101.612973, 3.000973 ] } },
{ "type": "Feature", "properties": { "Nama_Sekol": "SEKOLAH KEBANGSAAN PUNCAK PERDANA", "PPD": "PPD PETALING PERDANA", "PBT": "MBSA", "JenisWarta": "Tiada", "Tahap_Seko": "Sekolah Rendah", "Koordinat_": 3.141422, "Koordinat1": 101.496389, "web_name": "SEKOLAH KEBANGSAAN PUNCAK PERDANA", "web_code": "-", "web_type": "Tiada", "web_district": "Petaling", "web_ppd": "PPD PETALING PERDANA", "web_level": "Sekolah Rendah", "web_address": "-", "web_pbt": "MBSA" }, "geometry": { "type": "Point", "coordinates": [ 101.496389, 3.141422 ] } },
{ "type": "Feature", "properties": { "Nama_Sekol": "SEKOLAH KEBANGSAAN PUSAT BANDAR PUCHONG (1)", "PPD": "PPD PETALING PERDANA", "PBT": "MBSJ", "JenisWarta": "Tiada", "Tahap_Seko": "Sekolah Rendah", "Koordinat_": 3.027503, "Koordinat1": 101.621937, "web_name": "SEKOLAH KEBANGSAAN PUSAT BANDAR PUCHONG (1)", "web_code": "-", "web_type": "Tiada", "web_district": "Petaling", "web_ppd": "PPD PETALING PERDANA", "web_level": "Sekolah Rendah", "web_address": "-", "web_pbt": "MBSJ" }, "geometry": { "type": "Point", "coordinates": [ 101.621937, 3.027503 ] } },
{ "type": "Feature", "properties": { "Nama_Sekol": "SEKOLAH KEBANGSAAN PUSAT BANDAR PUCHONG 2", "PPD": "PPD PETALING PERDANA", "PBT": "MBSJ", "JenisWarta": "TM_KPM", "Tahap_Seko": "Sekolah Rendah", "Koordinat_": 3.027874, "Koordinat1": 101.628018, "web_name": "SEKOLAH KEBANGSAAN PUSAT BANDAR PUCHONG 2", "web_code": "-", "web_type": "TM_KPM", "web_district": "Petaling", "web_ppd": "PPD PETALING PERDANA", "web_level": "Sekolah Rendah", "web_address": "-", "web_pbt": "MBSJ" }, "geometry": { "type": "Point", "coordinates": [ 101.628018, 3.027874 ] } },
{ "type": "Feature", "properties": { "Nama_Sekol": "SEKOLAH KEBANGSAAN PUTRA HEIGHTS 2", "PPD": "PPD PETALING PERDANA", "PBT": "MBSJ", "JenisWarta": "TM_KPM", "Tahap_Seko": "Sekolah Rendah", "Koordinat_": 2.999893, "Koordinat1": 101.564423, "web_name": "SEKOLAH KEBANGSAAN PUTRA HEIGHTS 2", "web_code": "-", "web_type": "TM_KPM", "web_district": "Petaling", "web_ppd": "PPD PETALING PERDANA", "web_level": "Sekolah Rendah", "web_address": "-", "web_pbt": "MBSJ" }, "geometry": { "type": "Point", "coordinates": [ 101.564423, 2.999893 ] } },
{ "type": "Feature", "properties": { "Nama_Sekol": "SEKOLAH KEBANGSAAN RAJA MUDA", "PPD": "PPD PETALING PERDANA", "PBT": "MBSA", "JenisWarta": "TM_KPM", "Tahap_Seko": "Sekolah Rendah", "Koordinat_": 3.077176, "Koordinat1": 101.510443, "web_name": "SEKOLAH KEBANGSAAN RAJA MUDA", "web_code": "-", "web_type": "TM_KPM", "web_district": "Petaling", "web_ppd": "PPD PETALING PERDANA", "web_level": "Sekolah Rendah", "web_address": "-", "web_pbt": "MBSA" }, "geometry": { "type": "Point", "coordinates": [ 101.510443, 3.077176 ] } },
{ "type": "Feature", "properties": { "Nama_Sekol": "SEKOLAH KEBANGSAAN SAUJANA PUCHONG", "PPD": "PPD PETALING PERDANA", "PBT": "MBSJ", "JenisWarta": "Tiada", "Tahap_Seko": "Sekolah Rendah", "Koordinat_": 2.988249, "Koordinat1": 101.639605, "web_name": "SEKOLAH KEBANGSAAN SAUJANA PUCHONG", "web_code": "-", "web_type": "Tiada", "web_district": "Petaling", "web_ppd": "PPD PETALING PERDANA", "web_level": "Sekolah Rendah", "web_address": "-", "web_pbt": "MBSJ" }, "geometry": { "type": "Point", "coordinates": [ 101.639605, 2.988249 ] } },
{ "type": "Feature", "properties": { "Nama_Sekol": "SEKOLAH KEBANGSAAN SEAFIELD", "PPD": "PPD PETALING PERDANA", "PBT": "MBSJ", "JenisWarta": "TM_KPM", "Tahap_Seko": "Sekolah Rendah", "Koordinat_": 3.055743, "Koordinat1": 101.588553, "web_name": "SEKOLAH KEBANGSAAN SEAFIELD", "web_code": "-", "web_type": "TM_KPM", "web_district": "Petaling", "web_ppd": "PPD PETALING PERDANA", "web_level": "Sekolah Rendah", "web_address": "-", "web_pbt": "MBSJ" }, "geometry": { "type": "Point", "coordinates": [ 101.588553, 3.055743 ] } },
{ "type": "Feature", "properties": { "Nama_Sekol": "SEKOLAH KEBANGSAAN SEAFIELD 3", "PPD": "PPD PETALING PERDANA", "PBT": "MBSJ", "JenisWarta": "TM_KPM", "Tahap_Seko": "Sekolah Rendah", "Koordinat_": 3.043786, "Koordinat1": 101.591931, "web_name": "SEKOLAH KEBANGSAAN SEAFIELD 3", "web_code": "-", "web_type": "TM_KPM", "web_district": "Petaling", "web_ppd": "PPD PETALING PERDANA", "web_level": "Sekolah Rendah", "web_address": "-", "web_pbt": "MBSJ" }, "geometry": { "type": "Point", "coordinates": [ 101.591931, 3.043786 ] } },
{ "type": "Feature", "properties": { "Nama_Sekol": "SEKOLAH KEBANGSAAN SEKSYEN 1 BANDAR KINRARA", "PPD": "PPD PETALING PERDANA", "PBT": "MBSJ", "JenisWarta": "TM_KPM", "Tahap_Seko": "Sekolah Rendah", "Koordinat_": 3.054055, "Koordinat1": 101.643605, "web_name": "SEKOLAH KEBANGSAAN SEKSYEN 1 BANDAR KINRARA", "web_code": "-", "web_type": "TM_KPM", "web_district": "Petaling", "web_ppd": "PPD PETALING PERDANA", "web_level": "Sekolah Rendah", "web_address": "-", "web_pbt": "MBSJ" }, "geometry": { "type": "Point", "coordinates": [ 101.643605, 3.054055 ] } },
{ "type": "Feature", "properties": { "Nama_Sekol": "SEKOLAH KEBANGSAAN SEKSYEN 13", "PPD": "PPD PETALING PERDANA", "PBT": "MBSA", "JenisWarta": "Tiada", "Tahap_Seko": "Sekolah Rendah", "Koordinat_": 3.083302, "Koordinat1": 101.538545, "web_name": "SEKOLAH KEBANGSAAN SEKSYEN 13", "web_code": "-", "web_type": "Tiada", "web_district": "Petaling", "web_ppd": "PPD PETALING PERDANA", "web_level": "Sekolah Rendah", "web_address": "-", "web_pbt": "MBSA" }, "geometry": { "type": "Point", "coordinates": [ 101.538545, 3.083302 ] } },
{ "type": "Feature", "properties": { "Nama_Sekol": "SEKOLAH KEBANGSAAN SEKSYEN 17 SHAH ALAM", "PPD": "PPD PETALING PERDANA", "PBT": "MBSA", "JenisWarta": "TM_KPM", "Tahap_Seko": "Sekolah Rendah", "Koordinat_": 3.044182, "Koordinat1": 101.503507, "web_name": "SEKOLAH KEBANGSAAN SEKSYEN 17 SHAH ALAM", "web_code": "-", "web_type": "TM_KPM", "web_district": "Petaling", "web_ppd": "PPD PETALING PERDANA", "web_level": "Sekolah Rendah", "web_address": "-", "web_pbt": "MBSA" }, "geometry": { "type": "Point", "coordinates": [ 101.503507, 3.044182 ] } },
{ "type": "Feature", "properties": { "Nama_Sekol": "SEKOLAH KEBANGSAAN SEKSYEN 18", "PPD": "PPD PETALING PERDANA", "PBT": "MBSA", "JenisWarta": "TM_KPM", "Tahap_Seko": "Sekolah Rendah", "Koordinat_": 3.049447, "Koordinat1": 101.519715, "web_name": "SEKOLAH KEBANGSAAN SEKSYEN 18", "web_code": "-", "web_type": "TM_KPM", "web_district": "Petaling", "web_ppd": "PPD PETALING PERDANA", "web_level": "Sekolah Rendah", "web_address": "-", "web_pbt": "MBSA" }, "geometry": { "type": "Point", "coordinates": [ 101.519715, 3.049447 ] } },
{ "type": "Feature", "properties": { "Nama_Sekol": "SEKOLAH KEBANGSAAN SEKSYEN 19", "PPD": "PPD PETALING PERDANA", "PBT": "MBSA", "JenisWarta": "Tiada", "Tahap_Seko": "Sekolah Rendah", "Koordinat_": 3.052503, "Koordinat1": 101.526382, "web_name": "SEKOLAH KEBANGSAAN SEKSYEN 19", "web_code": "-", "web_type": "Tiada", "web_district": "Petaling", "web_ppd": "PPD PETALING PERDANA", "web_level": "Sekolah Rendah", "web_address": "-", "web_pbt": "MBSA" }, "geometry": { "type": "Point", "coordinates": [ 101.526382, 3.052503 ] } },
{ "type": "Feature", "properties": { "Nama_Sekol": "SEKOLAH KEBANGSAAN SEKSYEN 2 BANDAR KINRARA", "PPD": "PPD PETALING PERDANA", "PBT": "MBSJ", "JenisWarta": "TM_KPM", "Tahap_Seko": "Sekolah Rendah", "Koordinat_": 3.051975, "Koordinat1": 101.635926, "web_name": "SEKOLAH KEBANGSAAN SEKSYEN 2 BANDAR KINRARA", "web_code": "-", "web_type": "TM_KPM", "web_district": "Petaling", "web_ppd": "PPD PETALING PERDANA", "web_level": "Sekolah Rendah", "web_address": "-", "web_pbt": "MBSJ" }, "geometry": { "type": "Point", "coordinates": [ 101.635926, 3.051975 ] } },
{ "type": "Feature", "properties": { "Nama_Sekol": "SEKOLAH KEBANGSAAN SEKSYEN 20", "PPD": "PPD PETALING PERDANA", "PBT": "MBSA", "JenisWarta": "TM_KPM", "Tahap_Seko": "Sekolah Rendah", "Koordinat_": 3.055507439, "Koordinat1": 101.5407611, "web_name": "SEKOLAH KEBANGSAAN SEKSYEN 20", "web_code": "-", "web_type": "TM_KPM", "web_district": "Petaling", "web_ppd": "PPD PETALING PERDANA", "web_level": "Sekolah Rendah", "web_address": "-", "web_pbt": "MBSA" }, "geometry": { "type": "Point", "coordinates": [ 101.540761100000054, 3.055507439000053 ] } },
{ "type": "Feature", "properties": { "Nama_Sekol": "SEKOLAH KEBANGSAAN SEKSYEN 24", "PPD": "PPD PETALING PERDANA", "PBT": "MBSA", "JenisWarta": "TM_KPM", "Tahap_Seko": "Sekolah Rendah", "Koordinat_": 3.040506, "Koordinat1": 101.518768, "web_name": "SEKOLAH KEBANGSAAN SEKSYEN 24", "web_code": "-", "web_type": "TM_KPM", "web_district": "Petaling", "web_ppd": "PPD PETALING PERDANA", "web_level": "Sekolah Rendah", "web_address": "-", "web_pbt": "MBSA" }, "geometry": { "type": "Point", "coordinates": [ 101.518768, 3.040506 ] } },
{ "type": "Feature", "properties": { "Nama_Sekol": "SEKOLAH KEBANGSAAN SEKSYEN 27 (2)", "PPD": "PPD PETALING PERDANA", "PBT": "MBSA", "JenisWarta": "Tiada", "Tahap_Seko": "Sekolah Rendah", "Koordinat_": 3.016785, "Koordinat1": 101.570449, "web_name": "SEKOLAH KEBANGSAAN SEKSYEN 27 (2)", "web_code": "-", "web_type": "Tiada", "web_district": "Petaling", "web_ppd": "PPD PETALING PERDANA", "web_level": "Sekolah Rendah", "web_address": "-", "web_pbt": "MBSA" }, "geometry": { "type": "Point", "coordinates": [ 101.570449, 3.016785 ] } },
{ "type": "Feature", "properties": { "Nama_Sekol": "SEKOLAH KEBANGSAAN SEKSYEN 27(1)", "PPD": "PPD PETALING PERDANA", "PBT": "MBSA", "JenisWarta": "Tiada", "Tahap_Seko": "Sekolah Rendah", "Koordinat_": 3.020538037, "Koordinat1": 101.5656256, "web_name": "SEKOLAH KEBANGSAAN SEKSYEN 27(1)", "web_code": "-", "web_type": "Tiada", "web_district": "Petaling", "web_ppd": "PPD PETALING PERDANA", "web_level": "Sekolah Rendah", "web_address": "-", "web_pbt": "MBSA" }, "geometry": { "type": "Point", "coordinates": [ 101.565625600000033, 3.020538037000051 ] } },
{ "type": "Feature", "properties": { "Nama_Sekol": "SEKOLAH KEBANGSAAN SEKSYEN 7", "PPD": "PPD PETALING PERDANA", "PBT": "MBSA", "JenisWarta": "TM_KPM", "Tahap_Seko": "Sekolah Rendah", "Koordinat_": 3.071723, "Koordinat1": 101.485098, "web_name": "SEKOLAH KEBANGSAAN SEKSYEN 7", "web_code": "-", "web_type": "TM_KPM", "web_district": "Petaling", "web_ppd": "PPD PETALING PERDANA", "web_level": "Sekolah Rendah", "web_address": "-", "web_pbt": "MBSA" }, "geometry": { "type": "Point", "coordinates": [ 101.485098, 3.071723 ] } },
{ "type": "Feature", "properties": { "Nama_Sekol": "SEKOLAH KEBANGSAAN SEKSYEN 9 SHAH ALAM", "PPD": "PPD PETALING PERDANA", "PBT": "MBSA", "JenisWarta": "Tiada", "Tahap_Seko": "Sekolah Rendah", "Koordinat_": 3.087831978, "Koordinat1": 101.5215081, "web_name": "SEKOLAH KEBANGSAAN SEKSYEN 9 SHAH ALAM", "web_code": "-", "web_type": "Tiada", "web_district": "Petaling", "web_ppd": "PPD PETALING PERDANA", "web_level": "Sekolah Rendah", "web_address": "-", "web_pbt": "MBSA" }, "geometry": { "type": "Point", "coordinates": [ 101.521508100000062, 3.087831978000054 ] } },
{ "type": "Feature", "properties": { "Nama_Sekol": "SEKOLAH KEBANGSAAN SEKSYEN ENAM", "PPD": "PPD PETALING PERDANA", "PBT": "MBSA", "JenisWarta": "TM_KPM", "Tahap_Seko": "Sekolah Rendah", "Koordinat_": 3.084337, "Koordinat1": 101.510523, "web_name": "SEKOLAH KEBANGSAAN SEKSYEN ENAM", "web_code": "-", "web_type": "TM_KPM", "web_district": "Petaling", "web_ppd": "PPD PETALING PERDANA", "web_level": "Sekolah Rendah", "web_address": "-", "web_pbt": "MBSA" }, "geometry": { "type": "Point", "coordinates": [ 101.510523, 3.084337 ] } },
{ "type": "Feature", "properties": { "Nama_Sekol": "SEKOLAH KEBANGSAAN SERDANG", "PPD": "PPD PETALING PERDANA", "PBT": "MBSJ", "JenisWarta": "Tiada", "Tahap_Seko": "Sekolah Rendah", "Koordinat_": 2.999967, "Koordinat1": 101.700828, "web_name": "SEKOLAH KEBANGSAAN SERDANG", "web_code": "-", "web_type": "Tiada", "web_district": "Petaling", "web_ppd": "PPD PETALING PERDANA", "web_level": "Sekolah Rendah", "web_address": "-", "web_pbt": "MBSJ" }, "geometry": { "type": "Point", "coordinates": [ 101.700828, 2.999967 ] } },
{ "type": "Feature", "properties": { "Nama_Sekol": "SEKOLAH KEBANGSAAN SERI SELANGOR", "PPD": "PPD PETALING PERDANA", "PBT": "MBSJ", "JenisWarta": "TM_KPM", "Tahap_Seko": "Sekolah Rendah", "Koordinat_": 3.055971, "Koordinat1": 101.575827, "web_name": "SEKOLAH KEBANGSAAN SERI SELANGOR", "web_code": "-", "web_type": "TM_KPM", "web_district": "Petaling", "web_ppd": "PPD PETALING PERDANA", "web_level": "Sekolah Rendah", "web_address": "-", "web_pbt": "MBSJ" }, "geometry": { "type": "Point", "coordinates": [ 101.575827, 3.055971 ] } },
{ "type": "Feature", "properties": { "Nama_Sekol": "SEKOLAH KEBANGSAAN SETIA ALAM", "PPD": "PPD PETALING PERDANA", "PBT": "MBSA", "JenisWarta": "Tiada", "Tahap_Seko": "Sekolah Rendah", "Koordinat_": 3.094237, "Koordinat1": 101.454463, "web_name": "SEKOLAH KEBANGSAAN SETIA ALAM", "web_code": "-", "web_type": "Tiada", "web_district": "Petaling", "web_ppd": "PPD PETALING PERDANA", "web_level": "Sekolah Rendah", "web_address": "-", "web_pbt": "MBSA" }, "geometry": { "type": "Point", "coordinates": [ 101.454463, 3.094237 ] } },
{ "type": "Feature", "properties": { "Nama_Sekol": "SEKOLAH KEBANGSAAN SHAH ALAM", "PPD": "PPD PETALING PERDANA", "PBT": "MBSA", "JenisWarta": "TM_KPM", "Tahap_Seko": "Sekolah Rendah", "Koordinat_": 3.058479227, "Koordinat1": 101.5036536, "web_name": "SEKOLAH KEBANGSAAN SHAH ALAM", "web_code": "-", "web_type": "TM_KPM", "web_district": "Petaling", "web_ppd": "PPD PETALING PERDANA", "web_level": "Sekolah Rendah", "web_address": "-", "web_pbt": "MBSA" }, "geometry": { "type": "Point", "coordinates": [ 101.503653600000064, 3.058479227000021 ] } },
{ "type": "Feature", "properties": { "Nama_Sekol": "SEKOLAH KEBANGSAAN SRI SERDANG", "PPD": "PPD PETALING PERDANA", "PBT": "MBSJ", "JenisWarta": "Tiada", "Tahap_Seko": "Sekolah Rendah", "Koordinat_": 3.013461, "Koordinat1": 101.718191, "web_name": "SEKOLAH KEBANGSAAN SRI SERDANG", "web_code": "-", "web_type": "Tiada", "web_district": "Petaling", "web_ppd": "PPD PETALING PERDANA", "web_level": "Sekolah Rendah", "web_address": "-", "web_pbt": "MBSJ" }, "geometry": { "type": "Point", "coordinates": [ 101.718191, 3.013461 ] } },
{ "type": "Feature", "properties": { "Nama_Sekol": "SEKOLAH KEBANGSAAN SRI SUBANG JAYA", "PPD": "PPD PETALING PERDANA", "PBT": "MBSJ", "JenisWarta": "Tiada", "Tahap_Seko": "Sekolah Rendah", "Koordinat_": 3.064725, "Koordinat1": 101.589715, "web_name": "SEKOLAH KEBANGSAAN SRI SUBANG JAYA", "web_code": "-", "web_type": "Tiada", "web_district": "Petaling", "web_ppd": "PPD PETALING PERDANA", "web_level": "Sekolah Rendah", "web_address": "-", "web_pbt": "MBSJ" }, "geometry": { "type": "Point", "coordinates": [ 101.589715, 3.064725 ] } },
{ "type": "Feature", "properties": { "Nama_Sekol": "SEKOLAH KEBANGSAAN SS 19 SUBANG JAYA", "PPD": "PPD PETALING PERDANA", "PBT": "MBSJ", "JenisWarta": "Tiada", "Tahap_Seko": "Sekolah Rendah", "Koordinat_": 3.066568, "Koordinat1": 101.576275, "web_name": "SEKOLAH KEBANGSAAN SS 19 SUBANG JAYA", "web_code": "-", "web_type": "Tiada", "web_district": "Petaling", "web_ppd": "PPD PETALING PERDANA", "web_level": "Sekolah Rendah", "web_address": "-", "web_pbt": "MBSJ" }, "geometry": { "type": "Point", "coordinates": [ 101.576275, 3.066568 ] } },
{ "type": "Feature", "properties": { "Nama_Sekol": "SEKOLAH KEBANGSAAN SUBANG", "PPD": "PPD PETALING PERDANA", "PBT": "MBSA", "JenisWarta": "Tiada", "Tahap_Seko": "Sekolah Rendah", "Koordinat_": 3.151813, "Koordinat1": 101.531673, "web_name": "SEKOLAH KEBANGSAAN SUBANG", "web_code": "-", "web_type": "Tiada", "web_district": "Petaling", "web_ppd": "PPD PETALING PERDANA", "web_level": "Sekolah Rendah", "web_address": "-", "web_pbt": "MBSA" }, "geometry": { "type": "Point", "coordinates": [ 101.531673, 3.151813 ] } },
{ "type": "Feature", "properties": { "Nama_Sekol": "SEKOLAH KEBANGSAAN SUBANG BESTARI", "PPD": "PPD PETALING PERDANA", "PBT": "MBSA", "JenisWarta": "TM_KPM", "Tahap_Seko": "Sekolah Rendah", "Koordinat_": 3.174767, "Koordinat1": 101.547375, "web_name": "SEKOLAH KEBANGSAAN SUBANG BESTARI", "web_code": "-", "web_type": "TM_KPM", "web_district": "Petaling", "web_ppd": "PPD PETALING PERDANA", "web_level": "Sekolah Rendah", "web_address": "-", "web_pbt": "MBSA" }, "geometry": { "type": "Point", "coordinates": [ 101.547375, 3.174767 ] } },
{ "type": "Feature", "properties": { "Nama_Sekol": "SEKOLAH KEBANGSAAN SUBANG BESTARI DUA", "PPD": "PPD PETALING PERDANA", "PBT": "MBSA", "JenisWarta": "TM_KPM", "Tahap_Seko": "Sekolah Rendah", "Koordinat_": 3.179645551, "Koordinat1": 101.5430049, "web_name": "SEKOLAH KEBANGSAAN SUBANG BESTARI DUA", "web_code": "-", "web_type": "TM_KPM", "web_district": "Petaling", "web_ppd": "PPD PETALING PERDANA", "web_level": "Sekolah Rendah", "web_address": "-", "web_pbt": "MBSA" }, "geometry": { "type": "Point", "coordinates": [ 101.543004900000085, 3.179645551000021 ] } },
{ "type": "Feature", "properties": { "Nama_Sekol": "SEKOLAH KEBANGSAAN SUBANG JAYA", "PPD": "PPD PETALING PERDANA", "PBT": "MBSJ", "JenisWarta": "TM_KPM", "Tahap_Seko": "Sekolah Rendah", "Koordinat_": 3.069315, "Koordinat1": 101.588143, "web_name": "SEKOLAH KEBANGSAAN SUBANG JAYA", "web_code": "-", "web_type": "TM_KPM", "web_district": "Petaling", "web_ppd": "PPD PETALING PERDANA", "web_level": "Sekolah Rendah", "web_address": "-", "web_pbt": "MBSJ" }, "geometry": { "type": "Point", "coordinates": [ 101.588143, 3.069315 ] } },
{ "type": "Feature", "properties": { "Nama_Sekol": "SEKOLAH KEBANGSAAN TAMAN ALAM MEGAH", "PPD": "PPD PETALING PERDANA", "PBT": "MBSA", "JenisWarta": "TM_KPM", "Tahap_Seko": "Sekolah Rendah", "Koordinat_": 3.006114, "Koordinat1": 101.564993, "web_name": "SEKOLAH KEBANGSAAN TAMAN ALAM MEGAH", "web_code": "-", "web_type": "TM_KPM", "web_district": "Petaling", "web_ppd": "PPD PETALING PERDANA", "web_level": "Sekolah Rendah", "web_address": "-", "web_pbt": "MBSA" }, "geometry": { "type": "Point", "coordinates": [ 101.564993, 3.006114 ] } },
{ "type": "Feature", "properties": { "Nama_Sekol": "SEKOLAH KEBANGSAAN TAMAN BUKIT SUBANG", "PPD": "PPD PETALING PERDANA", "PBT": "MBSA", "JenisWarta": "Tiada", "Tahap_Seko": "Sekolah Rendah", "Koordinat_": 3.171918, "Koordinat1": 101.513598, "web_name": "SEKOLAH KEBANGSAAN TAMAN BUKIT SUBANG", "web_code": "-", "web_type": "Tiada", "web_district": "Petaling", "web_ppd": "PPD PETALING PERDANA", "web_level": "Sekolah Rendah", "web_address": "-", "web_pbt": "MBSA" }, "geometry": { "type": "Point", "coordinates": [ 101.513598, 3.171918 ] } },
{ "type": "Feature", "properties": { "Nama_Sekol": "SEKOLAH KEBANGSAAN TAMAN DESAMINIUM", "PPD": "PPD PETALING PERDANA", "PBT": "MBSJ", "JenisWarta": "Tiada", "Tahap_Seko": "Sekolah Rendah", "Koordinat_": 3.005567, "Koordinat1": 101.660559, "web_name": "SEKOLAH KEBANGSAAN TAMAN DESAMINIUM", "web_code": "-", "web_type": "Tiada", "web_district": "Petaling", "web_ppd": "PPD PETALING PERDANA", "web_level": "Sekolah Rendah", "web_address": "-", "web_pbt": "MBSJ" }, "geometry": { "type": "Point", "coordinates": [ 101.660559, 3.005567 ] } },
{ "type": "Feature", "properties": { "Nama_Sekol": "SEKOLAH KEBANGSAAN TAMAN SRI MUDA", "PPD": "PPD PETALING PERDANA", "PBT": "MBSA", "JenisWarta": "Tiada", "Tahap_Seko": "Sekolah Rendah", "Koordinat_": 3.032753, "Koordinat1": 101.529101, "web_name": "SEKOLAH KEBANGSAAN TAMAN SRI MUDA", "web_code": "-", "web_type": "Tiada", "web_district": "Petaling", "web_ppd": "PPD PETALING PERDANA", "web_level": "Sekolah Rendah", "web_address": "-", "web_pbt": "MBSA" }, "geometry": { "type": "Point", "coordinates": [ 101.529101, 3.032753 ] } },
{ "type": "Feature", "properties": { "Nama_Sekol": "SEKOLAH KEBANGSAAN TAMAN SRI MUDA 2", "PPD": "PPD PETALING PERDANA", "PBT": "MBSA", "JenisWarta": "Tiada", "Tahap_Seko": "Sekolah Rendah", "Koordinat_": 3.033976, "Koordinat1": 101.537465, "web_name": "SEKOLAH KEBANGSAAN TAMAN SRI MUDA 2", "web_code": "-", "web_type": "Tiada", "web_district": "Petaling", "web_ppd": "PPD PETALING PERDANA", "web_level": "Sekolah Rendah", "web_address": "-", "web_pbt": "MBSA" }, "geometry": { "type": "Point", "coordinates": [ 101.537465, 3.033976 ] } },
{ "type": "Feature", "properties": { "Nama_Sekol": "SEKOLAH KEBANGSAAN TAMAN SUNGAI BESI INDAH", "PPD": "PPD PETALING PERDANA", "PBT": "MBSJ", "JenisWarta": "TM_KPM", "Tahap_Seko": "Sekolah Rendah", "Koordinat_": 3.026011, "Koordinat1": 101.722598, "web_name": "SEKOLAH KEBANGSAAN TAMAN SUNGAI BESI INDAH", "web_code": "-", "web_type": "TM_KPM", "web_district": "Petaling", "web_ppd": "PPD PETALING PERDANA", "web_level": "Sekolah Rendah", "web_address": "-", "web_pbt": "MBSJ" }, "geometry": { "type": "Point", "coordinates": [ 101.722598, 3.026011 ] } },
{ "type": "Feature", "properties": { "Nama_Sekol": "SEKOLAH KEBANGSAAN TAMAN TUN DR ISMAIL JAYA", "PPD": "PPD PETALING PERDANA", "PBT": "MBSA", "JenisWarta": "TM_KPM", "Tahap_Seko": "Sekolah Rendah", "Koordinat_": 3.106402, "Koordinat1": 101.557458, "web_name": "SEKOLAH KEBANGSAAN TAMAN TUN DR ISMAIL JAYA", "web_code": "-", "web_type": "TM_KPM", "web_district": "Petaling", "web_ppd": "PPD PETALING PERDANA", "web_level": "Sekolah Rendah", "web_address": "-", "web_pbt": "MBSA" }, "geometry": { "type": "Point", "coordinates": [ 101.557458, 3.106402 ] } },
{ "type": "Feature", "properties": { "Nama_Sekol": "SEKOLAH KEBANGSAAN TAMAN UNIVERSITI", "PPD": "PPD PETALING PERDANA", "PBT": "MBSJ", "JenisWarta": "Tiada", "Tahap_Seko": "Sekolah Rendah", "Koordinat_": 3.005023, "Koordinat1": 101.690202, "web_name": "SEKOLAH KEBANGSAAN TAMAN UNIVERSITI", "web_code": "-", "web_type": "Tiada", "web_district": "Petaling", "web_ppd": "PPD PETALING PERDANA", "web_level": "Sekolah Rendah", "web_address": "-", "web_pbt": "MBSJ" }, "geometry": { "type": "Point", "coordinates": [ 101.690202, 3.005023 ] } },
{ "type": "Feature", "properties": { "Nama_Sekol": "SEKOLAH KEBANGSAAN TUDM SUBANG", "PPD": "PPD PETALING PERDANA", "PBT": "MBSA", "JenisWarta": "Tiada", "Tahap_Seko": "Sekolah Rendah", "Koordinat_": 3.118788, "Koordinat1": 101.540187, "web_name": "SEKOLAH KEBANGSAAN TUDM SUBANG", "web_code": "-", "web_type": "Tiada", "web_district": "Petaling", "web_ppd": "PPD PETALING PERDANA", "web_level": "Sekolah Rendah", "web_address": "-", "web_pbt": "MBSA" }, "geometry": { "type": "Point", "coordinates": [ 101.540187, 3.118788 ] } },
{ "type": "Feature", "properties": { "Nama_Sekol": "SEKOLAH KEBANGSAAN USJ 12", "PPD": "PPD PETALING PERDANA", "PBT": "MBSJ", "JenisWarta": "TM_KPM", "Tahap_Seko": "Sekolah Rendah", "Koordinat_": 3.042831, "Koordinat1": 101.574132, "web_name": "SEKOLAH KEBANGSAAN USJ 12", "web_code": "-", "web_type": "TM_KPM", "web_district": "Petaling", "web_ppd": "PPD PETALING PERDANA", "web_level": "Sekolah Rendah", "web_address": "-", "web_pbt": "MBSJ" }, "geometry": { "type": "Point", "coordinates": [ 101.574132, 3.042831 ] } },
{ "type": "Feature", "properties": { "Nama_Sekol": "SEKOLAH KEBANGSAAN USJ 2", "PPD": "PPD PETALING PERDANA", "PBT": "MBSJ", "JenisWarta": "TM_KPM", "Tahap_Seko": "Sekolah Rendah", "Koordinat_": 3.062573, "Koordinat1": 101.586323, "web_name": "SEKOLAH KEBANGSAAN USJ 2", "web_code": "-", "web_type": "TM_KPM", "web_district": "Petaling", "web_ppd": "PPD PETALING PERDANA", "web_level": "Sekolah Rendah", "web_address": "-", "web_pbt": "MBSJ" }, "geometry": { "type": "Point", "coordinates": [ 101.586323, 3.062573 ] } },
{ "type": "Feature", "properties": { "Nama_Sekol": "SEKOLAH KEBANGSAAN USJ 20", "PPD": "PPD PETALING PERDANA", "PBT": "MBSJ", "JenisWarta": "TM_KPM", "Tahap_Seko": "Sekolah Rendah", "Koordinat_": 3.028526, "Koordinat1": 101.587413, "web_name": "SEKOLAH KEBANGSAAN USJ 20", "web_code": "-", "web_type": "TM_KPM", "web_district": "Petaling", "web_ppd": "PPD PETALING PERDANA", "web_level": "Sekolah Rendah", "web_address": "-", "web_pbt": "MBSJ" }, "geometry": { "type": "Point", "coordinates": [ 101.587413, 3.028526 ] } },
{ "type": "Feature", "properties": { "Nama_Sekol": "KOLEJ TINGKATAN ENAM PUCHONG", "PPD": "PPD PETALING PERDANA", "PBT": "MBSJ", "JenisWarta": "TM_KPM", "Tahap_Seko": "Sekolah Menengah", "Koordinat_": 3.061081, "Koordinat1": 101.629476, "web_name": "KOLEJ TINGKATAN ENAM PUCHONG", "web_code": "-", "web_type": "TM_KPM", "web_district": "Petaling", "web_ppd": "PPD PETALING PERDANA", "web_level": "Sekolah Menengah", "web_address": "-", "web_pbt": "MBSJ" }, "geometry": { "type": "Point", "coordinates": [ 101.629476, 3.061081 ] } },
{ "type": "Feature", "properties": { "Nama_Sekol": "KOLEJ TINGKATAN ENAM SHAH ALAM", "PPD": "PPD PETALING PERDANA", "PBT": "MBSA", "JenisWarta": "TM_KPM", "Tahap_Seko": "Sekolah Menengah", "Koordinat_": 3.037899, "Koordinat1": 101.516285, "web_name": "KOLEJ TINGKATAN ENAM SHAH ALAM", "web_code": "-", "web_type": "TM_KPM", "web_district": "Petaling", "web_ppd": "PPD PETALING PERDANA", "web_level": "Sekolah Menengah", "web_address": "-", "web_pbt": "MBSA" }, "geometry": { "type": "Point", "coordinates": [ 101.516285, 3.037899 ] } },
{ "type": "Feature", "properties": { "Nama_Sekol": "KOLEJ VOKASIONAL SHAH ALAM", "PPD": "PPD PETALING PERDANA", "PBT": "MBSJ", "JenisWarta": "TM_KPM", "Tahap_Seko": "Sekolah Menengah", "Koordinat_": 3.047368, "Koordinat1": 101.554907, "web_name": "KOLEJ VOKASIONAL SHAH ALAM", "web_code": "-", "web_type": "TM_KPM", "web_district": "Petaling", "web_ppd": "PPD PETALING PERDANA", "web_level": "Sekolah Menengah", "web_address": "-", "web_pbt": "MBSJ" }, "geometry": { "type": "Point", "coordinates": [ 101.554907, 3.047368 ] } },
{ "type": "Feature", "properties": { "Nama_Sekol": "SAM BESTARI", "PPD": "PPD PETALING PERDANA", "PBT": "MBSJ", "JenisWarta": "Tiada", "Tahap_Seko": "Sekolah Menengah", "Koordinat_": 3.055346, "Koordinat1": 101.581144, "web_name": "SAM BESTARI", "web_code": "-", "web_type": "Tiada", "web_district": "Petaling", "web_ppd": "PPD PETALING PERDANA", "web_level": "Sekolah Menengah", "web_address": "-", "web_pbt": "MBSJ" }, "geometry": { "type": "Point", "coordinates": [ 101.581144, 3.055346 ] } },
{ "type": "Feature", "properties": { "Nama_Sekol": "SAMT TENGKU AMPUAN JEMAAH", "PPD": "PPD PETALING PERDANA", "PBT": "MBSA", "JenisWarta": "Tiada", "Tahap_Seko": "Sekolah Menengah", "Koordinat_": 3.077759, "Koordinat1": 101.525983, "web_name": "SAMT TENGKU AMPUAN JEMAAH", "web_code": "-", "web_type": "Tiada", "web_district": "Petaling", "web_ppd": "PPD PETALING PERDANA", "web_level": "Sekolah Menengah", "web_address": "-", "web_pbt": "MBSA" }, "geometry": { "type": "Point", "coordinates": [ 101.525983, 3.077759 ] } },
{ "type": "Feature", "properties": { "Nama_Sekol": "SEKOLAH MENENGAH KEBANGSAAN ALAM MEGAH", "PPD": "PPD PETALING PERDANA", "PBT": "MBSA", "JenisWarta": "TM_KPM", "Tahap_Seko": "Sekolah Menengah", "Koordinat_": 3.012397037, "Koordinat1": 101.5687952, "web_name": "SEKOLAH MENENGAH KEBANGSAAN ALAM MEGAH", "web_code": "-", "web_type": "TM_KPM", "web_district": "Petaling", "web_ppd": "PPD PETALING PERDANA", "web_level": "Sekolah Menengah", "web_address": "-", "web_pbt": "MBSA" }, "geometry": { "type": "Point", "coordinates": [ 101.568795200000068, 3.012397037000028 ] } },
{ "type": "Feature", "properties": { "Nama_Sekol": "SEKOLAH MENENGAH KEBANGSAAN ALAM MEGAH 2", "PPD": "PPD PETALING PERDANA", "PBT": "MBSA", "JenisWarta": "TM_KPM", "Tahap_Seko": "Sekolah Menengah", "Koordinat_": 3.004873, "Koordinat1": 101.564713, "web_name": "SEKOLAH MENENGAH KEBANGSAAN ALAM MEGAH 2", "web_code": "-", "web_type": "TM_KPM", "web_district": "Petaling", "web_ppd": "PPD PETALING PERDANA", "web_level": "Sekolah Menengah", "web_address": "-", "web_pbt": "MBSA" }, "geometry": { "type": "Point", "coordinates": [ 101.564713, 3.004873 ] } },
{ "type": "Feature", "properties": { "Nama_Sekol": "SEKOLAH MENENGAH KEBANGSAAN BANDAR PUCHONG JAYA (A)", "PPD": "PPD PETALING PERDANA", "PBT": "MBSJ", "JenisWarta": "TM_KPM", "Tahap_Seko": "Sekolah Menengah", "Koordinat_": 3.063752, "Koordinat1": 101.622968, "web_name": "SEKOLAH MENENGAH KEBANGSAAN BANDAR PUCHONG JAYA (A)", "web_code": "-", "web_type": "TM_KPM", "web_district": "Petaling", "web_ppd": "PPD PETALING PERDANA", "web_level": "Sekolah Menengah", "web_address": "-", "web_pbt": "MBSJ" }, "geometry": { "type": "Point", "coordinates": [ 101.622968, 3.063752 ] } },
{ "type": "Feature", "properties": { "Nama_Sekol": "SEKOLAH MENENGAH KEBANGSAAN BANDAR PUCHONG JAYA (B)", "PPD": "PPD PETALING PERDANA", "PBT": "MBSJ", "JenisWarta": "Tiada", "Tahap_Seko": "Sekolah Menengah", "Koordinat_": 3.043541, "Koordinat1": 101.626219, "web_name": "SEKOLAH MENENGAH KEBANGSAAN BANDAR PUCHONG JAYA (B)", "web_code": "-", "web_type": "Tiada", "web_district": "Petaling", "web_ppd": "PPD PETALING PERDANA", "web_level": "Sekolah Menengah", "web_address": "-", "web_pbt": "MBSJ" }, "geometry": { "type": "Point", "coordinates": [ 101.626219, 3.043541 ] } },
{ "type": "Feature", "properties": { "Nama_Sekol": "SEKOLAH MENENGAH KEBANGSAAN BANDAR PUNCAK JALIL", "PPD": "PPD PETALING PERDANA", "PBT": "MBSJ", "JenisWarta": "TM_KPM", "Tahap_Seko": "Sekolah Menengah", "Koordinat_": 3.027601786, "Koordinat1": 101.6780667, "web_name": "SEKOLAH MENENGAH KEBANGSAAN BANDAR PUNCAK JALIL", "web_code": "-", "web_type": "TM_KPM", "web_district": "Petaling", "web_ppd": "PPD PETALING PERDANA", "web_level": "Sekolah Menengah", "web_address": "-", "web_pbt": "MBSJ" }, "geometry": { "type": "Point", "coordinates": [ 101.678066700000045, 3.027601786000048 ] } },
{ "type": "Feature", "properties": { "Nama_Sekol": "SEKOLAH MENENGAH KEBANGSAAN BANDAR SUNWAY", "PPD": "PPD PETALING PERDANA", "PBT": "MBSJ", "JenisWarta": "Tiada", "Tahap_Seko": "Sekolah Menengah", "Koordinat_": 3.070252, "Koordinat1": 101.617425, "web_name": "SEKOLAH MENENGAH KEBANGSAAN BANDAR SUNWAY", "web_code": "-", "web_type": "Tiada", "web_district": "Petaling", "web_ppd": "PPD PETALING PERDANA", "web_level": "Sekolah Menengah", "web_address": "-", "web_pbt": "MBSJ" }, "geometry": { "type": "Point", "coordinates": [ 101.617425, 3.070252 ] } },
{ "type": "Feature", "properties": { "Nama_Sekol": "SEKOLAH MENENGAH KEBANGSAAN BUKIT JELUTONG", "PPD": "PPD PETALING PERDANA", "PBT": "MBSA", "JenisWarta": "Tiada", "Tahap_Seko": "Sekolah Menengah", "Koordinat_": 3.109003, "Koordinat1": 101.531473, "web_name": "SEKOLAH MENENGAH KEBANGSAAN BUKIT JELUTONG", "web_code": "-", "web_type": "Tiada", "web_district": "Petaling", "web_ppd": "PPD PETALING PERDANA", "web_level": "Sekolah Menengah", "web_address": "-", "web_pbt": "MBSA" }, "geometry": { "type": "Point", "coordinates": [ 101.531473, 3.109003 ] } },
{ "type": "Feature", "properties": { "Nama_Sekol": "SEKOLAH MENENGAH KEBANGSAAN PUCHONG", "PPD": "PPD PETALING PERDANA", "PBT": "MBSJ", "JenisWarta": "TM_KPM", "Tahap_Seko": "Sekolah Menengah", "Koordinat_": 3.000541, "Koordinat1": 101.621458, "web_name": "SEKOLAH MENENGAH KEBANGSAAN PUCHONG", "web_code": "-", "web_type": "TM_KPM", "web_district": "Petaling", "web_ppd": "PPD PETALING PERDANA", "web_level": "Sekolah Menengah", "web_address": "-", "web_pbt": "MBSJ" }, "geometry": { "type": "Point", "coordinates": [ 101.621458, 3.000541 ] } },
{ "type": "Feature", "properties": { "Nama_Sekol": "SEKOLAH MENENGAH KEBANGSAAN PUCHONG PERDANA", "PPD": "PPD PETALING PERDANA", "PBT": "MBSJ", "JenisWarta": "TM_KPM", "Tahap_Seko": "Sekolah Menengah", "Koordinat_": 3.005112, "Koordinat1": 101.600236, "web_name": "SEKOLAH MENENGAH KEBANGSAAN PUCHONG PERDANA", "web_code": "-", "web_type": "TM_KPM", "web_district": "Petaling", "web_ppd": "PPD PETALING PERDANA", "web_level": "Sekolah Menengah", "web_address": "-", "web_pbt": "MBSJ" }, "geometry": { "type": "Point", "coordinates": [ 101.600236, 3.005112 ] } },
{ "type": "Feature", "properties": { "Nama_Sekol": "SEKOLAH MENENGAH KEBANGSAAN PUCHONG PERMAI", "PPD": "PPD PETALING PERDANA", "PBT": "MBSJ", "JenisWarta": "Tiada", "Tahap_Seko": "Sekolah Menengah", "Koordinat_": 2.995003, "Koordinat1": 101.595826, "web_name": "SEKOLAH MENENGAH KEBANGSAAN PUCHONG PERMAI", "web_code": "-", "web_type": "Tiada", "web_district": "Petaling", "web_ppd": "PPD PETALING PERDANA", "web_level": "Sekolah Menengah", "web_address": "-", "web_pbt": "MBSJ" }, "geometry": { "type": "Point", "coordinates": [ 101.595826, 2.995003 ] } },
{ "type": "Feature", "properties": { "Nama_Sekol": "SEKOLAH MENENGAH KEBANGSAAN PUCHONG UTAMA (1)", "PPD": "PPD PETALING PERDANA", "PBT": "MBSJ", "JenisWarta": "TM_KPM", "Tahap_Seko": "Sekolah Menengah", "Koordinat_": 2.983576386, "Koordinat1": 101.6112377, "web_name": "SEKOLAH MENENGAH KEBANGSAAN PUCHONG UTAMA (1)", "web_code": "-", "web_type": "TM_KPM", "web_district": "Petaling", "web_ppd": "PPD PETALING PERDANA", "web_level": "Sekolah Menengah", "web_address": "-", "web_pbt": "MBSJ" }, "geometry": { "type": "Point", "coordinates": [ 101.611237700000061, 2.983576386000038 ] } },
{ "type": "Feature", "properties": { "Nama_Sekol": "SEKOLAH MENENGAH KEBANGSAAN PUSAT BANDAR PUCHONG 1", "PPD": "PPD PETALING PERDANA", "PBT": "MBSJ", "JenisWarta": "Tiada", "Tahap_Seko": "Sekolah Menengah", "Koordinat_": 3.028393, "Koordinat1": 101.622647, "web_name": "SEKOLAH MENENGAH KEBANGSAAN PUSAT BANDAR PUCHONG 1", "web_code": "-", "web_type": "Tiada", "web_district": "Petaling", "web_ppd": "PPD PETALING PERDANA", "web_level": "Sekolah Menengah", "web_address": "-", "web_pbt": "MBSJ" }, "geometry": { "type": "Point", "coordinates": [ 101.622647, 3.028393 ] } },
{ "type": "Feature", "properties": { "Nama_Sekol": "SEKOLAH MENENGAH KEBANGSAAN SEAFIELD", "PPD": "PPD PETALING PERDANA", "PBT": "MBSJ", "JenisWarta": "TM_KPM", "Tahap_Seko": "Sekolah Menengah", "Koordinat_": 3.061043, "Koordinat1": 101.585163, "web_name": "SEKOLAH MENENGAH KEBANGSAAN SEAFIELD", "web_code": "-", "web_type": "TM_KPM", "web_district": "Petaling", "web_ppd": "PPD PETALING PERDANA", "web_level": "Sekolah Menengah", "web_address": "-", "web_pbt": "MBSJ" }, "geometry": { "type": "Point", "coordinates": [ 101.585163, 3.061043 ] } },
{ "type": "Feature", "properties": { "Nama_Sekol": "SEKOLAH MENENGAH KEBANGSAAN SEKSYEN 1 BANDAR KINRARA", "PPD": "PPD PETALING PERDANA", "PBT": "MBSJ", "JenisWarta": "Tiada", "Tahap_Seko": "Sekolah Menengah", "Koordinat_": 3.051244838, "Koordinat1": 101.6432239, "web_name": "SEKOLAH MENENGAH KEBANGSAAN SEKSYEN 1 BANDAR KINRARA", "web_code": "-", "web_type": "Tiada", "web_district": "Petaling", "web_ppd": "PPD PETALING PERDANA", "web_level": "Sekolah Menengah", "web_address": "-", "web_pbt": "MBSJ" }, "geometry": { "type": "Point", "coordinates": [ 101.643223900000066, 3.051244838000059 ] } },
{ "type": "Feature", "properties": { "Nama_Sekol": "SEKOLAH MENENGAH KEBANGSAAN SEKSYEN 16", "PPD": "PPD PETALING PERDANA", "PBT": "MBSA", "JenisWarta": "TM_KPM", "Tahap_Seko": "Sekolah Menengah", "Koordinat_": 3.054941, "Koordinat1": 101.503449, "web_name": "SEKOLAH MENENGAH KEBANGSAAN SEKSYEN 16", "web_code": "-", "web_type": "TM_KPM", "web_district": "Petaling", "web_ppd": "PPD PETALING PERDANA", "web_level": "Sekolah Menengah", "web_address": "-", "web_pbt": "MBSA" }, "geometry": { "type": "Point", "coordinates": [ 101.503449, 3.054941 ] } },
{ "type": "Feature", "properties": { "Nama_Sekol": "SEKOLAH MENENGAH KEBANGSAAN SEKSYEN 18", "PPD": "PPD PETALING PERDANA", "PBT": "MBSA", "JenisWarta": "TM_KPM", "Tahap_Seko": "Sekolah Menengah", "Koordinat_": 3.052066, "Koordinat1": 101.523393, "web_name": "SEKOLAH MENENGAH KEBANGSAAN SEKSYEN 18", "web_code": "-", "web_type": "TM_KPM", "web_district": "Petaling", "web_ppd": "PPD PETALING PERDANA", "web_level": "Sekolah Menengah", "web_address": "-", "web_pbt": "MBSA" }, "geometry": { "type": "Point", "coordinates": [ 101.523393, 3.052066 ] } },
{ "type": "Feature", "properties": { "Nama_Sekol": "SEKOLAH MENENGAH KEBANGSAAN SEKSYEN 19", "PPD": "PPD PETALING PERDANA", "PBT": "MBSA", "JenisWarta": "TM_KPM", "Tahap_Seko": "Sekolah Menengah", "Koordinat_": 3.051169, "Koordinat1": 101.533088, "web_name": "SEKOLAH MENENGAH KEBANGSAAN SEKSYEN 19", "web_code": "-", "web_type": "TM_KPM", "web_district": "Petaling", "web_ppd": "PPD PETALING PERDANA", "web_level": "Sekolah Menengah", "web_address": "-", "web_pbt": "MBSA" }, "geometry": { "type": "Point", "coordinates": [ 101.533088, 3.051169 ] } },
{ "type": "Feature", "properties": { "Nama_Sekol": "SEKOLAH MENENGAH KEBANGSAAN SEKSYEN 24 (2)", "PPD": "PPD PETALING PERDANA", "PBT": "MBSA", "JenisWarta": "TM_KPM", "Tahap_Seko": "Sekolah Menengah", "Koordinat_": 3.037148, "Koordinat1": 101.517375, "web_name": "SEKOLAH MENENGAH KEBANGSAAN SEKSYEN 24 (2)", "web_code": "-", "web_type": "TM_KPM", "web_district": "Petaling", "web_ppd": "PPD PETALING PERDANA", "web_level": "Sekolah Menengah", "web_address": "-", "web_pbt": "MBSA" }, "geometry": { "type": "Point", "coordinates": [ 101.517375, 3.037148 ] } },
{ "type": "Feature", "properties": { "Nama_Sekol": "SEKOLAH MENENGAH KEBANGSAAN SEKSYEN 27", "PPD": "PPD PETALING PERDANA", "PBT": "MBSA", "JenisWarta": "Tiada", "Tahap_Seko": "Sekolah Menengah", "Koordinat_": 3.021596, "Koordinat1": 101.566105, "web_name": "SEKOLAH MENENGAH KEBANGSAAN SEKSYEN 27", "web_code": "-", "web_type": "Tiada", "web_district": "Petaling", "web_ppd": "PPD PETALING PERDANA", "web_level": "Sekolah Menengah", "web_address": "-", "web_pbt": "MBSA" }, "geometry": { "type": "Point", "coordinates": [ 101.566105, 3.021596 ] } },
{ "type": "Feature", "properties": { "Nama_Sekol": "SEKOLAH MENENGAH KEBANGSAAN SEKSYEN 3 BANDAR KINRARA", "PPD": "PPD PETALING PERDANA", "PBT": "MBSJ", "JenisWarta": "TM_KPM", "Tahap_Seko": "Sekolah Menengah", "Koordinat_": 3.038506, "Koordinat1": 101.641782, "web_name": "SEKOLAH MENENGAH KEBANGSAAN SEKSYEN 3 BANDAR KINRARA", "web_code": "-", "web_type": "TM_KPM", "web_district": "Petaling", "web_ppd": "PPD PETALING PERDANA", "web_level": "Sekolah Menengah", "web_address": "-", "web_pbt": "MBSJ" }, "geometry": { "type": "Point", "coordinates": [ 101.641782, 3.038506 ] } },
{ "type": "Feature", "properties": { "Nama_Sekol": "SEKOLAH MENENGAH KEBANGSAAN SEKSYEN 4 BANDAR KINRARA", "PPD": "PPD PETALING PERDANA", "PBT": "MBSJ", "JenisWarta": "TM_KPM", "Tahap_Seko": "Sekolah Menengah", "Koordinat_": 3.045547, "Koordinat1": 101.646909, "web_name": "SEKOLAH MENENGAH KEBANGSAAN SEKSYEN 4 BANDAR KINRARA", "web_code": "-", "web_type": "TM_KPM", "web_district": "Petaling", "web_ppd": "PPD PETALING PERDANA", "web_level": "Sekolah Menengah", "web_address": "-", "web_pbt": "MBSJ" }, "geometry": { "type": "Point", "coordinates": [ 101.646909, 3.045547 ] } },
{ "type": "Feature", "properties": { "Nama_Sekol": "SEKOLAH MENENGAH KEBANGSAAN SEKSYEN 7", "PPD": "PPD PETALING PERDANA", "PBT": "MBSA", "JenisWarta": "Tiada", "Tahap_Seko": "Sekolah Menengah", "Koordinat_": 3.082642, "Koordinat1": 101.494782, "web_name": "SEKOLAH MENENGAH KEBANGSAAN SEKSYEN 7", "web_code": "-", "web_type": "Tiada", "web_district": "Petaling", "web_ppd": "PPD PETALING PERDANA", "web_level": "Sekolah Menengah", "web_address": "-", "web_pbt": "MBSA" }, "geometry": { "type": "Point", "coordinates": [ 101.494782, 3.082642 ] } },
{ "type": "Feature", "properties": { "Nama_Sekol": "SEKOLAH MENENGAH KEBANGSAAN SEKSYEN 9", "PPD": "PPD PETALING PERDANA", "PBT": "MBSA", "JenisWarta": "Tiada", "Tahap_Seko": "Sekolah Menengah", "Koordinat_": 3.088042, "Koordinat1": 101.521657, "web_name": "SEKOLAH MENENGAH KEBANGSAAN SEKSYEN 9", "web_code": "-", "web_type": "Tiada", "web_district": "Petaling", "web_ppd": "PPD PETALING PERDANA", "web_level": "Sekolah Menengah", "web_address": "-", "web_pbt": "MBSA" }, "geometry": { "type": "Point", "coordinates": [ 101.521657, 3.088042 ] } },
{ "type": "Feature", "properties": { "Nama_Sekol": "SEKOLAH MENENGAH KEBANGSAAN SEKSYEN SEBELAS", "PPD": "PPD PETALING PERDANA", "PBT": "MBSA", "JenisWarta": "TM_KPM", "Tahap_Seko": "Sekolah Menengah", "Koordinat_": 3.073079, "Koordinat1": 101.529151, "web_name": "SEKOLAH MENENGAH KEBANGSAAN SEKSYEN SEBELAS", "web_code": "-", "web_type": "TM_KPM", "web_district": "Petaling", "web_ppd": "PPD PETALING PERDANA", "web_level": "Sekolah Menengah", "web_address": "-", "web_pbt": "MBSA" }, "geometry": { "type": "Point", "coordinates": [ 101.529151, 3.073079 ] } },
{ "type": "Feature", "properties": { "Nama_Sekol": "SEKOLAH MENENGAH KEBANGSAAN SERI INDAH", "PPD": "PPD PETALING PERDANA", "PBT": "MBSJ", "JenisWarta": "Tiada", "Tahap_Seko": "Sekolah Menengah", "Koordinat_": 3.012343, "Koordinat1": 101.716216, "web_name": "SEKOLAH MENENGAH KEBANGSAAN SERI INDAH", "web_code": "-", "web_type": "Tiada", "web_district": "Petaling", "web_ppd": "PPD PETALING PERDANA", "web_level": "Sekolah Menengah", "web_address": "-", "web_pbt": "MBSJ" }, "geometry": { "type": "Point", "coordinates": [ 101.716216, 3.012343 ] } },
{ "type": "Feature", "properties": { "Nama_Sekol": "SEKOLAH MENENGAH KEBANGSAAN SERI KEMBANGAN", "PPD": "PPD PETALING PERDANA", "PBT": "MBSJ", "JenisWarta": "Tiada", "Tahap_Seko": "Sekolah Menengah", "Koordinat_": 3.027883, "Koordinat1": 101.697736, "web_name": "SEKOLAH MENENGAH KEBANGSAAN SERI KEMBANGAN", "web_code": "-", "web_type": "Tiada", "web_district": "Petaling", "web_ppd": "PPD PETALING PERDANA", "web_level": "Sekolah Menengah", "web_address": "-", "web_pbt": "MBSJ" }, "geometry": { "type": "Point", "coordinates": [ 101.697736, 3.027883 ] } },
{ "type": "Feature", "properties": { "Nama_Sekol": "SEKOLAH MENENGAH KEBANGSAAN SERI SERDANG", "PPD": "PPD PETALING PERDANA", "PBT": "MBSJ", "JenisWarta": "TM_KPM", "Tahap_Seko": "Sekolah Menengah", "Koordinat_": 3.006869, "Koordinat1": 101.714203, "web_name": "SEKOLAH MENENGAH KEBANGSAAN SERI SERDANG", "web_code": "-", "web_type": "TM_KPM", "web_district": "Petaling", "web_ppd": "PPD PETALING PERDANA", "web_level": "Sekolah Menengah", "web_address": "-", "web_pbt": "MBSJ" }, "geometry": { "type": "Point", "coordinates": [ 101.714203, 3.006869 ] } },
{ "type": "Feature", "properties": { "Nama_Sekol": "SEKOLAH MENENGAH KEBANGSAAN SETIA ALAM", "PPD": "PPD PETALING PERDANA", "PBT": "MBSA", "JenisWarta": "Tiada", "Tahap_Seko": "Sekolah Menengah", "Koordinat_": 3.094273, "Koordinat1": 101.458005, "web_name": "SEKOLAH MENENGAH KEBANGSAAN SETIA ALAM", "web_code": "-", "web_type": "Tiada", "web_district": "Petaling", "web_ppd": "PPD PETALING PERDANA", "web_level": "Sekolah Menengah", "web_address": "-", "web_pbt": "MBSA" }, "geometry": { "type": "Point", "coordinates": [ 101.458005, 3.094273 ] } },
{ "type": "Feature", "properties": { "Nama_Sekol": "SEKOLAH MENENGAH KEBANGSAAN SHAH ALAM", "PPD": "PPD PETALING PERDANA", "PBT": "MBSA", "JenisWarta": "TM_KPM", "Tahap_Seko": "Sekolah Menengah", "Koordinat_": 3.111717, "Koordinat1": 101.540084, "web_name": "SEKOLAH MENENGAH KEBANGSAAN SHAH ALAM", "web_code": "-", "web_type": "TM_KPM", "web_district": "Petaling", "web_ppd": "PPD PETALING PERDANA", "web_level": "Sekolah Menengah", "web_address": "-", "web_pbt": "MBSA" }, "geometry": { "type": "Point", "coordinates": [ 101.540084, 3.111717 ] } },
{ "type": "Feature", "properties": { "Nama_Sekol": "SEKOLAH MENENGAH KEBANGSAAN SS 17", "PPD": "PPD PETALING PERDANA", "PBT": "MBSJ", "JenisWarta": "TM_KPM", "Tahap_Seko": "Sekolah Menengah", "Koordinat_": 3.076922, "Koordinat1": 101.582669, "web_name": "SEKOLAH MENENGAH KEBANGSAAN SS 17", "web_code": "-", "web_type": "TM_KPM", "web_district": "Petaling", "web_ppd": "PPD PETALING PERDANA", "web_level": "Sekolah Menengah", "web_address": "-", "web_pbt": "MBSJ" }, "geometry": { "type": "Point", "coordinates": [ 101.582669, 3.076922 ] } },
{ "type": "Feature", "properties": { "Nama_Sekol": "SEKOLAH MENENGAH KEBANGSAAN SUBANG", "PPD": "PPD PETALING PERDANA", "PBT": "MBSA", "JenisWarta": "Tiada", "Tahap_Seko": "Sekolah Menengah", "Koordinat_": 3.151857, "Koordinat1": 101.528276, "web_name": "SEKOLAH MENENGAH KEBANGSAAN SUBANG", "web_code": "-", "web_type": "Tiada", "web_district": "Petaling", "web_ppd": "PPD PETALING PERDANA", "web_level": "Sekolah Menengah", "web_address": "-", "web_pbt": "MBSA" }, "geometry": { "type": "Point", "coordinates": [ 101.528276, 3.151857 ] } },
{ "type": "Feature", "properties": { "Nama_Sekol": "SEKOLAH MENENGAH KEBANGSAAN SUBANG BESTARI", "PPD": "PPD PETALING PERDANA", "PBT": "MBSA", "JenisWarta": "TM_KPM", "Tahap_Seko": "Sekolah Menengah", "Koordinat_": 3.178134, "Koordinat1": 101.543716, "web_name": "SEKOLAH MENENGAH KEBANGSAAN SUBANG BESTARI", "web_code": "-", "web_type": "TM_KPM", "web_district": "Petaling", "web_ppd": "PPD PETALING PERDANA", "web_level": "Sekolah Menengah", "web_address": "-", "web_pbt": "MBSA" }, "geometry": { "type": "Point", "coordinates": [ 101.543716, 3.178134 ] } },
{ "type": "Feature", "properties": { "Nama_Sekol": "SEKOLAH MENENGAH KEBANGSAAN SUBANG JAYA", "PPD": "PPD PETALING PERDANA", "PBT": "MBSJ", "JenisWarta": "TM_KPM", "Tahap_Seko": "Sekolah Menengah", "Koordinat_": 3.069192, "Koordinat1": 101.590283, "web_name": "SEKOLAH MENENGAH KEBANGSAAN SUBANG JAYA", "web_code": "-", "web_type": "TM_KPM", "web_district": "Petaling", "web_ppd": "PPD PETALING PERDANA", "web_level": "Sekolah Menengah", "web_address": "-", "web_pbt": "MBSJ" }, "geometry": { "type": "Point", "coordinates": [ 101.590283, 3.069192 ] } },
{ "type": "Feature", "properties": { "Nama_Sekol": "SEKOLAH MENENGAH KEBANGSAAN SUBANG UTAMA", "PPD": "PPD PETALING PERDANA", "PBT": "MBSJ", "JenisWarta": "Tiada", "Tahap_Seko": "Sekolah Menengah", "Koordinat_": 3.068614, "Koordinat1": 101.581937, "web_name": "SEKOLAH MENENGAH KEBANGSAAN SUBANG UTAMA", "web_code": "-", "web_type": "Tiada", "web_district": "Petaling", "web_ppd": "PPD PETALING PERDANA", "web_level": "Sekolah Menengah", "web_address": "-", "web_pbt": "MBSJ" }, "geometry": { "type": "Point", "coordinates": [ 101.581937, 3.068614 ] } },
{ "type": "Feature", "properties": { "Nama_Sekol": "SEKOLAH MENENGAH KEBANGSAAN SULTAN SALAHUDDIN ABDUL AZIZ SHAH", "PPD": "PPD PETALING PERDANA", "PBT": "MBSA", "JenisWarta": "Tiada", "Tahap_Seko": "Sekolah Menengah", "Koordinat_": 3.072245, "Koordinat1": 101.509361, "web_name": "SEKOLAH MENENGAH KEBANGSAAN SULTAN SALAHUDDIN ABDUL AZIZ SHAH", "web_code": "-", "web_type": "Tiada", "web_district": "Petaling", "web_ppd": "PPD PETALING PERDANA", "web_level": "Sekolah Menengah", "web_address": "-", "web_pbt": "MBSA" }, "geometry": { "type": "Point", "coordinates": [ 101.509361, 3.072245 ] } },
{ "type": "Feature", "properties": { "Nama_Sekol": "SEKOLAH MENENGAH KEBANGSAAN TAMAN DESAMINIUM", "PPD": "PPD PETALING PERDANA", "PBT": "MBSJ", "JenisWarta": "Tiada", "Tahap_Seko": "Sekolah Menengah", "Koordinat_": 3.006341, "Koordinat1": 101.660545, "web_name": "SEKOLAH MENENGAH KEBANGSAAN TAMAN DESAMINIUM", "web_code": "-", "web_type": "Tiada", "web_district": "Petaling", "web_ppd": "PPD PETALING PERDANA", "web_level": "Sekolah Menengah", "web_address": "-", "web_pbt": "MBSJ" }, "geometry": { "type": "Point", "coordinates": [ 101.660545, 3.006341 ] } },
{ "type": "Feature", "properties": { "Nama_Sekol": "SEKOLAH MENENGAH KEBANGSAAN TAMAN SRI MUDA", "PPD": "PPD PETALING PERDANA", "PBT": "MBSA", "JenisWarta": "Tiada", "Tahap_Seko": "Sekolah Menengah", "Koordinat_": 3.025836, "Koordinat1": 101.539993, "web_name": "SEKOLAH MENENGAH KEBANGSAAN TAMAN SRI MUDA", "web_code": "-", "web_type": "Tiada", "web_district": "Petaling", "web_ppd": "PPD PETALING PERDANA", "web_level": "Sekolah Menengah", "web_address": "-", "web_pbt": "MBSA" }, "geometry": { "type": "Point", "coordinates": [ 101.539993, 3.025836 ] } },
{ "type": "Feature", "properties": { "Nama_Sekol": "SEKOLAH MENENGAH KEBANGSAAN TTDI JAYA", "PPD": "PPD PETALING PERDANA", "PBT": "MBSA", "JenisWarta": "TM_KPM", "Tahap_Seko": "Sekolah Menengah", "Koordinat_": 3.104725, "Koordinat1": 101.554715, "web_name": "SEKOLAH MENENGAH KEBANGSAAN TTDI JAYA", "web_code": "-", "web_type": "TM_KPM", "web_district": "Petaling", "web_ppd": "PPD PETALING PERDANA", "web_level": "Sekolah Menengah", "web_address": "-", "web_pbt": "MBSA" }, "geometry": { "type": "Point", "coordinates": [ 101.554715, 3.104725 ] } },
{ "type": "Feature", "properties": { "Nama_Sekol": "SEKOLAH MENENGAH KEBANGSAAN USJ 12", "PPD": "PPD PETALING PERDANA", "PBT": "MBSJ", "JenisWarta": "TM_KPM", "Tahap_Seko": "Sekolah Menengah", "Koordinat_": 3.044247, "Koordinat1": 101.574337, "web_name": "SEKOLAH MENENGAH KEBANGSAAN USJ 12", "web_code": "-", "web_type": "TM_KPM", "web_district": "Petaling", "web_ppd": "PPD PETALING PERDANA", "web_level": "Sekolah Menengah", "web_address": "-", "web_pbt": "MBSJ" }, "geometry": { "type": "Point", "coordinates": [ 101.574337, 3.044247 ] } },
{ "type": "Feature", "properties": { "Nama_Sekol": "SEKOLAH MENENGAH KEBANGSAAN USJ 13", "PPD": "PPD PETALING PERDANA", "PBT": "MBSJ", "JenisWarta": "TM_KPM", "Tahap_Seko": "Sekolah Menengah", "Koordinat_": 3.037371, "Koordinat1": 101.580663, "web_name": "SEKOLAH MENENGAH KEBANGSAAN USJ 13", "web_code": "-", "web_type": "TM_KPM", "web_district": "Petaling", "web_ppd": "PPD PETALING PERDANA", "web_level": "Sekolah Menengah", "web_address": "-", "web_pbt": "MBSJ" }, "geometry": { "type": "Point", "coordinates": [ 101.580663, 3.037371 ] } },
{ "type": "Feature", "properties": { "Nama_Sekol": "SEKOLAH MENENGAH KEBANGSAAN USJ 23", "PPD": "PPD PETALING PERDANA", "PBT": "MBSJ", "JenisWarta": "TM_KPM", "Tahap_Seko": "Sekolah Menengah", "Koordinat_": 3.019266, "Koordinat1": 101.580196, "web_name": "SEKOLAH MENENGAH KEBANGSAAN USJ 23", "web_code": "-", "web_type": "TM_KPM", "web_district": "Petaling", "web_ppd": "PPD PETALING PERDANA", "web_level": "Sekolah Menengah", "web_address": "-", "web_pbt": "MBSJ" }, "geometry": { "type": "Point", "coordinates": [ 101.580196, 3.019266 ] } },
{ "type": "Feature", "properties": { "Nama_Sekol": "SEKOLAH MENENGAH KEBANGSAAN USJ 4", "PPD": "PPD PETALING PERDANA", "PBT": "MBSJ", "JenisWarta": "TM_KPM", "Tahap_Seko": "Sekolah Menengah", "Koordinat_": 3.054945, "Koordinat1": 101.575702, "web_name": "SEKOLAH MENENGAH KEBANGSAAN USJ 4", "web_code": "-", "web_type": "TM_KPM", "web_district": "Petaling", "web_ppd": "PPD PETALING PERDANA", "web_level": "Sekolah Menengah", "web_address": "-", "web_pbt": "MBSJ" }, "geometry": { "type": "Point", "coordinates": [ 101.575702, 3.054945 ] } },
{ "type": "Feature", "properties": { "Nama_Sekol": "SEKOLAH MENENGAH KEBANGSAAN USJ 8", "PPD": "PPD PETALING PERDANA", "PBT": "MBSJ", "JenisWarta": "TM_KPM", "Tahap_Seko": "Sekolah Menengah", "Koordinat_": 3.045152, "Koordinat1": 101.592148, "web_name": "SEKOLAH MENENGAH KEBANGSAAN USJ 8", "web_code": "-", "web_type": "TM_KPM", "web_district": "Petaling", "web_ppd": "PPD PETALING PERDANA", "web_level": "Sekolah Menengah", "web_address": "-", "web_pbt": "MBSJ" }, "geometry": { "type": "Point", "coordinates": [ 101.592148, 3.045152 ] } },
{ "type": "Feature", "properties": { "Nama_Sekol": "SEKOLAH MENENGAH PENDIDIKAN KHAS VOKASIONAL SHAH ALAM", "PPD": "PPD PETALING PERDANA", "PBT": "MBSA", "JenisWarta": "Tiada", "Tahap_Seko": "Sekolah Menengah", "Koordinat_": 3.049160353, "Koordinat1": 101.5017076, "web_name": "SEKOLAH MENENGAH PENDIDIKAN KHAS VOKASIONAL SHAH ALAM", "web_code": "-", "web_type": "Tiada", "web_district": "Petaling", "web_ppd": "PPD PETALING PERDANA", "web_level": "Sekolah Menengah", "web_address": "-", "web_pbt": "MBSA" }, "geometry": { "type": "Point", "coordinates": [ 101.501707600000032, 3.049160353000048 ] } },
{ "type": "Feature", "properties": { "Nama_Sekol": "SEKOLAH JENIS KEBANGSAAN (CINA) CHUEN MIN", "PPD": "PPD KLANG", "PBT": "MBDK", "JenisWarta": "Tiada", "Tahap_Seko": "Sekolah Rendah", "Koordinat_": 3.038993473, "Koordinat1": 101.4318582, "web_name": "SEKOLAH JENIS KEBANGSAAN (CINA) CHUEN MIN", "web_code": "-", "web_type": "Tiada", "web_district": "Klang", "web_ppd": "PPD KLANG", "web_level": "Sekolah Rendah", "web_address": "-", "web_pbt": "MBDK" }, "geometry": { "type": "Point", "coordinates": [ 101.431858200000079, 3.038993473000062 ] } },
{ "type": "Feature", "properties": { "Nama_Sekol": "SEKOLAH JENIS KEBANGSAAN (CINA) CHUNG HUA", "PPD": "PPD KLANG", "PBT": "MBSA", "JenisWarta": "Tiada", "Tahap_Seko": "Sekolah Rendah", "Koordinat_": 2.988307, "Koordinat1": 101.534036, "web_name": "SEKOLAH JENIS KEBANGSAAN (CINA) CHUNG HUA", "web_code": "-", "web_type": "Tiada", "web_district": "Klang", "web_ppd": "PPD KLANG", "web_level": "Sekolah Rendah", "web_address": "-", "web_pbt": "MBSA" }, "geometry": { "type": "Point", "coordinates": [ 101.534036, 2.988307 ] } },
{ "type": "Feature", "properties": { "Nama_Sekol": "SEKOLAH JENIS KEBANGSAAN (CINA) HIN HUA", "PPD": "PPD KLANG", "PBT": "MBDK", "JenisWarta": "TM_KPM", "Tahap_Seko": "Sekolah Rendah", "Koordinat_": 3.010569828, "Koordinat1": 101.4298227, "web_name": "SEKOLAH JENIS KEBANGSAAN (CINA) HIN HUA", "web_code": "-", "web_type": "TM_KPM", "web_district": "Klang", "web_ppd": "PPD KLANG", "web_level": "Sekolah Rendah", "web_address": "-", "web_pbt": "MBDK" }, "geometry": { "type": "Point", "coordinates": [ 101.429822700000045, 3.01056982800003 ] } },
{ "type": "Feature", "properties": { "Nama_Sekol": "SEKOLAH JENIS KEBANGSAAN (CINA) HWA LIEN", "PPD": "PPD KLANG", "PBT": "MBDK", "JenisWarta": "Tiada", "Tahap_Seko": "Sekolah Rendah", "Koordinat_": 3.022121, "Koordinat1": 101.253998, "web_name": "SEKOLAH JENIS KEBANGSAAN (CINA) HWA LIEN", "web_code": "-", "web_type": "Tiada", "web_district": "Klang", "web_ppd": "PPD KLANG", "web_level": "Sekolah Rendah", "web_address": "-", "web_pbt": "MBDK" }, "geometry": { "type": "Point", "coordinates": [ 101.253998, 3.022121 ] } },
{ "type": "Feature", "properties": { "Nama_Sekol": "SEKOLAH JENIS KEBANGSAAN (CINA) KENG CHEE", "PPD": "PPD KLANG", "PBT": "MBDK", "JenisWarta": "Tiada", "Tahap_Seko": "Sekolah Rendah", "Koordinat_": 3.019706, "Koordinat1": 101.244359, "web_name": "SEKOLAH JENIS KEBANGSAAN (CINA) KENG CHEE", "web_code": "-", "web_type": "Tiada", "web_district": "Klang", "web_ppd": "PPD KLANG", "web_level": "Sekolah Rendah", "web_address": "-", "web_pbt": "MBDK" }, "geometry": { "type": "Point", "coordinates": [ 101.244359, 3.019706 ] } },
{ "type": "Feature", "properties": { "Nama_Sekol": "SEKOLAH JENIS KEBANGSAAN (CINA) KHE BENG", "PPD": "PPD KLANG", "PBT": "MBSA", "JenisWarta": "Tiada", "Tahap_Seko": "Sekolah Rendah", "Koordinat_": 3.013545, "Koordinat1": 101.531943, "web_name": "SEKOLAH JENIS KEBANGSAAN (CINA) KHE BENG", "web_code": "-", "web_type": "Tiada", "web_district": "Klang", "web_ppd": "PPD KLANG", "web_level": "Sekolah Rendah", "web_address": "-", "web_pbt": "MBSA" }, "geometry": { "type": "Point", "coordinates": [ 101.531943, 3.013545 ] } },
{ "type": "Feature", "properties": { "Nama_Sekol": "SEKOLAH JENIS KEBANGSAAN (CINA) KONG HOE", "PPD": "PPD KLANG", "PBT": "MBDK", "JenisWarta": "Tiada", "Tahap_Seko": "Sekolah Rendah", "Koordinat_": 3.047183, "Koordinat1": 101.452193, "web_name": "SEKOLAH JENIS KEBANGSAAN (CINA) KONG HOE", "web_code": "-", "web_type": "Tiada", "web_district": "Klang", "web_ppd": "PPD KLANG", "web_level": "Sekolah Rendah", "web_address": "-", "web_pbt": "MBDK" }, "geometry": { "type": "Point", "coordinates": [ 101.452193, 3.047183 ] } },
{ "type": "Feature", "properties": { "Nama_Sekol": "SEKOLAH JENIS KEBANGSAAN (CINA) LEE MIN", "PPD": "PPD KLANG", "PBT": "MBDK", "JenisWarta": "TM_KPM", "Tahap_Seko": "Sekolah Rendah", "Koordinat_": 2.959532, "Koordinat1": 101.388833, "web_name": "SEKOLAH JENIS KEBANGSAAN (CINA) LEE MIN", "web_code": "-", "web_type": "TM_KPM", "web_district": "Klang", "web_ppd": "PPD KLANG", "web_level": "Sekolah Rendah", "web_address": "-", "web_pbt": "MBDK" }, "geometry": { "type": "Point", "coordinates": [ 101.388833, 2.959532 ] } },
{ "type": "Feature", "properties": { "Nama_Sekol": "SEKOLAH JENIS KEBANGSAAN (CINA) PANDAMARAN 'A'", "PPD": "PPD KLANG", "PBT": "MBDK", "JenisWarta": "Tiada", "Tahap_Seko": "Sekolah Rendah", "Koordinat_": 3.006243, "Koordinat1": 101.412173, "web_name": "SEKOLAH JENIS KEBANGSAAN (CINA) PANDAMARAN 'A'", "web_code": "-", "web_type": "Tiada", "web_district": "Klang", "web_ppd": "PPD KLANG", "web_level": "Sekolah Rendah", "web_address": "-", "web_pbt": "MBDK" }, "geometry": { "type": "Point", "coordinates": [ 101.412173, 3.006243 ] } },
{ "type": "Feature", "properties": { "Nama_Sekol": "SEKOLAH JENIS KEBANGSAAN (CINA) PANDAMARAN 'B'", "PPD": "PPD KLANG", "PBT": "MBDK", "JenisWarta": "TM_KPM", "Tahap_Seko": "Sekolah Rendah", "Koordinat_": 3.01088482, "Koordinat1": 101.4198666, "web_name": "SEKOLAH JENIS KEBANGSAAN (CINA) PANDAMARAN 'B'", "web_code": "-", "web_type": "TM_KPM", "web_district": "Klang", "web_ppd": "PPD KLANG", "web_level": "Sekolah Rendah", "web_address": "-", "web_pbt": "MBDK" }, "geometry": { "type": "Point", "coordinates": [ 101.419866600000034, 3.010884820000058 ] } },
{ "type": "Feature", "properties": { "Nama_Sekol": "SEKOLAH JENIS KEBANGSAAN (CINA) PEREMPUAN", "PPD": "PPD KLANG", "PBT": "MBDK", "JenisWarta": "Tiada", "Tahap_Seko": "Sekolah Rendah", "Koordinat_": 3.038801546, "Koordinat1": 101.4530237, "web_name": "SEKOLAH JENIS KEBANGSAAN (CINA) PEREMPUAN", "web_code": "-", "web_type": "Tiada", "web_district": "Klang", "web_ppd": "PPD KLANG", "web_level": "Sekolah Rendah", "web_address": "-", "web_pbt": "MBDK" }, "geometry": { "type": "Point", "coordinates": [ 101.453023700000074, 3.038801546000059 ] } },
{ "type": "Feature", "properties": { "Nama_Sekol": "SEKOLAH JENIS KEBANGSAAN (CINA) PIN HWA (1)", "PPD": "PPD KLANG", "PBT": "MBDK", "JenisWarta": "Tiada", "Tahap_Seko": "Sekolah Rendah", "Koordinat_": 3.114023, "Koordinat1": 101.450963, "web_name": "SEKOLAH JENIS KEBANGSAAN (CINA) PIN HWA (1)", "web_code": "-", "web_type": "Tiada", "web_district": "Klang", "web_ppd": "PPD KLANG", "web_level": "Sekolah Rendah", "web_address": "-", "web_pbt": "MBDK" }, "geometry": { "type": "Point", "coordinates": [ 101.450963, 3.114023 ] } },
{ "type": "Feature", "properties": { "Nama_Sekol": "SEKOLAH JENIS KEBANGSAAN (CINA) PIN HWA (2)", "PPD": "PPD KLANG", "PBT": "MBDK", "JenisWarta": "Tiada", "Tahap_Seko": "Sekolah Rendah", "Koordinat_": 3.097844, "Koordinat1": 101.407168, "web_name": "SEKOLAH JENIS KEBANGSAAN (CINA) PIN HWA (2)", "web_code": "-", "web_type": "Tiada", "web_district": "Klang", "web_ppd": "PPD KLANG", "web_level": "Sekolah Rendah", "web_address": "-", "web_pbt": "MBDK" }, "geometry": { "type": "Point", "coordinates": [ 101.407168, 3.097844 ] } },
{ "type": "Feature", "properties": { "Nama_Sekol": "SEKOLAH JENIS KEBANGSAAN (CINA) PUI YING", "PPD": "PPD KLANG", "PBT": "MBDK", "JenisWarta": "Tiada", "Tahap_Seko": "Sekolah Rendah", "Koordinat_": 3.072392, "Koordinat1": 101.410973, "web_name": "SEKOLAH JENIS KEBANGSAAN (CINA) PUI YING", "web_code": "-", "web_type": "Tiada", "web_district": "Klang", "web_ppd": "PPD KLANG", "web_level": "Sekolah Rendah", "web_address": "-", "web_pbt": "MBDK" }, "geometry": { "type": "Point", "coordinates": [ 101.410973, 3.072392 ] } },
{ "type": "Feature", "properties": { "Nama_Sekol": "SEKOLAH JENIS KEBANGSAAN (CINA) SIN BIN", "PPD": "PPD KLANG", "PBT": "MBDK", "JenisWarta": "Tiada", "Tahap_Seko": "Sekolah Rendah", "Koordinat_": 3.040391, "Koordinat1": 101.277046, "web_name": "SEKOLAH JENIS KEBANGSAAN (CINA) SIN BIN", "web_code": "-", "web_type": "Tiada", "web_district": "Klang", "web_ppd": "PPD KLANG", "web_level": "Sekolah Rendah", "web_address": "-", "web_pbt": "MBDK" }, "geometry": { "type": "Point", "coordinates": [ 101.277046, 3.040391 ] } },
{ "type": "Feature", "properties": { "Nama_Sekol": "SEKOLAH JENIS KEBANGSAAN (CINA) SOO JIN", "PPD": "PPD KLANG", "PBT": "MBDK", "JenisWarta": "Tiada", "Tahap_Seko": "Sekolah Rendah", "Koordinat_": 3.139819, "Koordinat1": 101.37393, "web_name": "SEKOLAH JENIS KEBANGSAAN (CINA) SOO JIN", "web_code": "-", "web_type": "Tiada", "web_district": "Klang", "web_ppd": "PPD KLANG", "web_level": "Sekolah Rendah", "web_address": "-", "web_pbt": "MBDK" }, "geometry": { "type": "Point", "coordinates": [ 101.37393, 3.139819 ] } },
{ "type": "Feature", "properties": { "Nama_Sekol": "SEKOLAH JENIS KEBANGSAAN (CINA) TAMAN RASHNA", "PPD": "PPD KLANG", "PBT": "MBDK", "JenisWarta": "Tiada", "Tahap_Seko": "Sekolah Rendah", "Koordinat_": 3.054553, "Koordinat1": 101.472996, "web_name": "SEKOLAH JENIS KEBANGSAAN (CINA) TAMAN RASHNA", "web_code": "-", "web_type": "Tiada", "web_district": "Klang", "web_ppd": "PPD KLANG", "web_level": "Sekolah Rendah", "web_address": "-", "web_pbt": "MBDK" }, "geometry": { "type": "Point", "coordinates": [ 101.472996, 3.054553 ] } },
{ "type": "Feature", "properties": { "Nama_Sekol": "SEKOLAH JENIS KEBANGSAAN (CINA) TIONG HUA KOK BIN", "PPD": "PPD KLANG", "PBT": "MBDK", "JenisWarta": "Tiada", "Tahap_Seko": "Sekolah Rendah", "Koordinat_": 3.135503, "Koordinat1": 101.439103, "web_name": "SEKOLAH JENIS KEBANGSAAN (CINA) TIONG HUA KOK BIN", "web_code": "-", "web_type": "Tiada", "web_district": "Klang", "web_ppd": "PPD KLANG", "web_level": "Sekolah Rendah", "web_address": "-", "web_pbt": "MBDK" }, "geometry": { "type": "Point", "coordinates": [ 101.439103, 3.135503 ] } },
{ "type": "Feature", "properties": { "Nama_Sekol": "SEKOLAH JENIS KEBANGSAAN (CINA) TSHING NIAN", "PPD": "PPD KLANG", "PBT": "MBDK", "JenisWarta": "Tiada", "Tahap_Seko": "Sekolah Rendah", "Koordinat_": 3.006473, "Koordinat1": 101.396737, "web_name": "SEKOLAH JENIS KEBANGSAAN (CINA) TSHING NIAN", "web_code": "-", "web_type": "Tiada", "web_district": "Klang", "web_ppd": "PPD KLANG", "web_level": "Sekolah Rendah", "web_address": "-", "web_pbt": "MBDK" }, "geometry": { "type": "Point", "coordinates": [ 101.396737, 3.006473 ] } },
{ "type": "Feature", "properties": { "Nama_Sekol": "SEKOLAH JENIS KEBANGSAAN (CINA) WU TECK", "PPD": "PPD KLANG", "PBT": "MBDK", "JenisWarta": "Tiada", "Tahap_Seko": "Sekolah Rendah", "Koordinat_": 2.968510004, "Koordinat1": 101.4514874, "web_name": "SEKOLAH JENIS KEBANGSAAN (CINA) WU TECK", "web_code": "-", "web_type": "Tiada", "web_district": "Klang", "web_ppd": "PPD KLANG", "web_level": "Sekolah Rendah", "web_address": "-", "web_pbt": "MBDK" }, "geometry": { "type": "Point", "coordinates": [ 101.451487400000076, 2.968510004000052 ] } },
{ "type": "Feature", "properties": { "Nama_Sekol": "SEKOLAH JENIS KEBANGSAAN (CINA) YING WAH", "PPD": "PPD KLANG", "PBT": "MBDK", "JenisWarta": "Tiada", "Tahap_Seko": "Sekolah Rendah", "Koordinat_": 3.145306, "Koordinat1": 101.35067, "web_name": "SEKOLAH JENIS KEBANGSAAN (CINA) YING WAH", "web_code": "-", "web_type": "Tiada", "web_district": "Klang", "web_ppd": "PPD KLANG", "web_level": "Sekolah Rendah", "web_address": "-", "web_pbt": "MBDK" }, "geometry": { "type": "Point", "coordinates": [ 101.35067, 3.145306 ] } },
{ "type": "Feature", "properties": { "Nama_Sekol": "SEKOLAH JENIS KEBANGSAAN (TAMIL) JALAN MERU", "PPD": "PPD KLANG", "PBT": "MBDK", "JenisWarta": "Tiada", "Tahap_Seko": "Sekolah Rendah", "Koordinat_": 3.056938, "Koordinat1": 101.453386, "web_name": "SEKOLAH JENIS KEBANGSAAN (TAMIL) JALAN MERU", "web_code": "-", "web_type": "Tiada", "web_district": "Klang", "web_ppd": "PPD KLANG", "web_level": "Sekolah Rendah", "web_address": "-", "web_pbt": "MBDK" }, "geometry": { "type": "Point", "coordinates": [ 101.453386, 3.056938 ] } },
{ "type": "Feature", "properties": { "Nama_Sekol": "SEKOLAH JENIS KEBANGSAAN (TAMIL) JALAN TEPI SUNGAI", "PPD": "PPD KLANG", "PBT": "MBDK", "JenisWarta": "Tiada", "Tahap_Seko": "Sekolah Rendah", "Koordinat_": 3.050385, "Koordinat1": 101.438534, "web_name": "SEKOLAH JENIS KEBANGSAAN (TAMIL) JALAN TEPI SUNGAI", "web_code": "-", "web_type": "Tiada", "web_district": "Klang", "web_ppd": "PPD KLANG", "web_level": "Sekolah Rendah", "web_address": "-", "web_pbt": "MBDK" }, "geometry": { "type": "Point", "coordinates": [ 101.438534, 3.050385 ] } },
{ "type": "Feature", "properties": { "Nama_Sekol": "SEKOLAH JENIS KEBANGSAAN (TAMIL) LADANG BATU AMPAT", "PPD": "PPD KLANG", "PBT": "MBDK", "JenisWarta": "Tiada", "Tahap_Seko": "Sekolah Rendah", "Koordinat_": 3.011209, "Koordinat1": 101.487634, "web_name": "SEKOLAH JENIS KEBANGSAAN (TAMIL) LADANG BATU AMPAT", "web_code": "-", "web_type": "Tiada", "web_district": "Klang", "web_ppd": "PPD KLANG", "web_level": "Sekolah Rendah", "web_address": "-", "web_pbt": "MBDK" }, "geometry": { "type": "Point", "coordinates": [ 101.487634, 3.011209 ] } },
{ "type": "Feature", "properties": { "Nama_Sekol": "SEKOLAH JENIS KEBANGSAAN (TAMIL) LADANG BRAFFERTON", "PPD": "PPD KLANG", "PBT": "MBDK", "JenisWarta": "Tiada", "Tahap_Seko": "Sekolah Rendah", "Koordinat_": 3.174388, "Koordinat1": 101.34912, "web_name": "SEKOLAH JENIS KEBANGSAAN (TAMIL) LADANG BRAFFERTON", "web_code": "-", "web_type": "Tiada", "web_district": "Klang", "web_ppd": "PPD KLANG", "web_level": "Sekolah Rendah", "web_address": "-", "web_pbt": "MBDK" }, "geometry": { "type": "Point", "coordinates": [ 101.34912, 3.174388 ] } },
{ "type": "Feature", "properties": { "Nama_Sekol": "SEKOLAH JENIS KEBANGSAAN (TAMIL) LADANG BUKIT RAJAH", "PPD": "PPD KLANG", "PBT": "MBDK", "JenisWarta": "Tiada", "Tahap_Seko": "Sekolah Rendah", "Koordinat_": 3.091274, "Koordinat1": 101.438365, "web_name": "SEKOLAH JENIS KEBANGSAAN (TAMIL) LADANG BUKIT RAJAH", "web_code": "-", "web_type": "Tiada", "web_district": "Klang", "web_ppd": "PPD KLANG", "web_level": "Sekolah Rendah", "web_address": "-", "web_pbt": "MBDK" }, "geometry": { "type": "Point", "coordinates": [ 101.438365, 3.091274 ] } },
{ "type": "Feature", "properties": { "Nama_Sekol": "SEKOLAH JENIS KEBANGSAAN (TAMIL) LADANG EMERALD", "PPD": "PPD KLANG", "PBT": "MBSA", "JenisWarta": "Tiada", "Tahap_Seko": "Sekolah Rendah", "Koordinat_": 3.018031, "Koordinat1": 101.534369, "web_name": "SEKOLAH JENIS KEBANGSAAN (TAMIL) LADANG EMERALD", "web_code": "-", "web_type": "Tiada", "web_district": "Klang", "web_ppd": "PPD KLANG", "web_level": "Sekolah Rendah", "web_address": "-", "web_pbt": "MBSA" }, "geometry": { "type": "Point", "coordinates": [ 101.534369, 3.018031 ] } },
{ "type": "Feature", "properties": { "Nama_Sekol": "SEKOLAH JENIS KEBANGSAAN (TAMIL) LADANG HIGHLANDS", "PPD": "PPD KLANG", "PBT": "MBDK", "JenisWarta": "Tiada", "Tahap_Seko": "Sekolah Rendah", "Koordinat_": 2.992168, "Koordinat1": 101.442609, "web_name": "SEKOLAH JENIS KEBANGSAAN (TAMIL) LADANG HIGHLANDS", "web_code": "-", "web_type": "Tiada", "web_district": "Klang", "web_ppd": "PPD KLANG", "web_level": "Sekolah Rendah", "web_address": "-", "web_pbt": "MBDK" }, "geometry": { "type": "Point", "coordinates": [ 101.442609, 2.992168 ] } },
{ "type": "Feature", "properties": { "Nama_Sekol": "SEKOLAH JENIS KEBANGSAAN (TAMIL) LADANG JALAN ACOB", "PPD": "PPD KLANG", "PBT": "MBDK", "JenisWarta": "Tiada", "Tahap_Seko": "Sekolah Rendah", "Koordinat_": 3.16025, "Koordinat1": 101.377604, "web_name": "SEKOLAH JENIS KEBANGSAAN (TAMIL) LADANG JALAN ACOB", "web_code": "-", "web_type": "Tiada", "web_district": "Klang", "web_ppd": "PPD KLANG", "web_level": "Sekolah Rendah", "web_address": "-", "web_pbt": "MBDK" }, "geometry": { "type": "Point", "coordinates": [ 101.377604, 3.16025 ] } },
{ "type": "Feature", "properties": { "Nama_Sekol": "SEKOLAH JENIS KEBANGSAAN (TAMIL) LADANG NORTH HUMMOCK", "PPD": "PPD KLANG", "PBT": "MBSA", "JenisWarta": "Tiada", "Tahap_Seko": "Sekolah Rendah", "Koordinat_": 3.104334038, "Koordinat1": 101.4459069, "web_name": "SEKOLAH JENIS KEBANGSAAN (TAMIL) LADANG NORTH HUMMOCK", "web_code": "-", "web_type": "Tiada", "web_district": "Klang", "web_ppd": "PPD KLANG", "web_level": "Sekolah Rendah", "web_address": "-", "web_pbt": "MBSA" }, "geometry": { "type": "Point", "coordinates": [ 101.445906900000068, 3.104334038000047 ] } },
{ "type": "Feature", "properties": { "Nama_Sekol": "SEKOLAH JENIS KEBANGSAAN (TAMIL) LDG VALLAMBROSA", "PPD": "PPD KLANG", "PBT": "MBDK", "JenisWarta": "Tiada", "Tahap_Seko": "Sekolah Rendah", "Koordinat_": 3.100358, "Koordinat1": 101.377439, "web_name": "SEKOLAH JENIS KEBANGSAAN (TAMIL) LDG VALLAMBROSA", "web_code": "-", "web_type": "Tiada", "web_district": "Klang", "web_ppd": "PPD KLANG", "web_level": "Sekolah Rendah", "web_address": "-", "web_pbt": "MBDK" }, "geometry": { "type": "Point", "coordinates": [ 101.377439, 3.100358 ] } },
{ "type": "Feature", "properties": { "Nama_Sekol": "SEKOLAH JENIS KEBANGSAAN (TAMIL) METHODIST", "PPD": "PPD KLANG", "PBT": "MBDK", "JenisWarta": "Tiada", "Tahap_Seko": "Sekolah Rendah", "Koordinat_": 3.143005, "Koordinat1": 101.379108, "web_name": "SEKOLAH JENIS KEBANGSAAN (TAMIL) METHODIST", "web_code": "-", "web_type": "Tiada", "web_district": "Klang", "web_ppd": "PPD KLANG", "web_level": "Sekolah Rendah", "web_address": "-", "web_pbt": "MBDK" }, "geometry": { "type": "Point", "coordinates": [ 101.379108, 3.143005 ] } },
{ "type": "Feature", "properties": { "Nama_Sekol": "SEKOLAH JENIS KEBANGSAAN (TAMIL) PERSIARAN RAJA MUDA MUSA", "PPD": "PPD KLANG", "PBT": "MBDK", "JenisWarta": "W.S62", "Tahap_Seko": "Sekolah Rendah", "Koordinat_": 3.001161, "Koordinat1": 101.401868, "web_name": "SEKOLAH JENIS KEBANGSAAN (TAMIL) PERSIARAN RAJA MUDA MUSA", "web_code": "-", "web_type": "W.S62", "web_district": "Klang", "web_ppd": "PPD KLANG", "web_level": "Sekolah Rendah", "web_address": "-", "web_pbt": "MBDK" }, "geometry": { "type": "Point", "coordinates": [ 101.401868, 3.001161 ] } },
{ "type": "Feature", "properties": { "Nama_Sekol": "SEKOLAH JENIS KEBANGSAAN (TAMIL) SIMPANG LIMA", "PPD": "PPD KLANG", "PBT": "MBDK", "JenisWarta": "Tiada", "Tahap_Seko": "Sekolah Rendah", "Koordinat_": 3.014797, "Koordinat1": 101.445696, "web_name": "SEKOLAH JENIS KEBANGSAAN (TAMIL) SIMPANG LIMA", "web_code": "-", "web_type": "Tiada", "web_district": "Klang", "web_ppd": "PPD KLANG", "web_level": "Sekolah Rendah", "web_address": "-", "web_pbt": "MBDK" }, "geometry": { "type": "Point", "coordinates": [ 101.445696, 3.014797 ] } },
{ "type": "Feature", "properties": { "Nama_Sekol": "SEKOLAH JENIS KEBANGSAAN (TAMIL) TAMAN SENTOSA", "PPD": "PPD KLANG", "PBT": "MBDK", "JenisWarta": "TM_KPM", "Tahap_Seko": "Sekolah Rendah", "Koordinat_": 2.996349, "Koordinat1": 101.482319, "web_name": "SEKOLAH JENIS KEBANGSAAN (TAMIL) TAMAN SENTOSA", "web_code": "-", "web_type": "TM_KPM", "web_district": "Klang", "web_ppd": "PPD KLANG", "web_level": "Sekolah Rendah", "web_address": "-", "web_pbt": "MBDK" }, "geometry": { "type": "Point", "coordinates": [ 101.482319, 2.996349 ] } },
{ "type": "Feature", "properties": { "Nama_Sekol": "SEKOLAH KEBANGSAAN (1) JALAN BATU TIGA", "PPD": "PPD KLANG", "PBT": "MBDK", "JenisWarta": "Tiada", "Tahap_Seko": "Sekolah Rendah", "Koordinat_": 3.056899, "Koordinat1": 101.460828, "web_name": "SEKOLAH KEBANGSAAN (1) JALAN BATU TIGA", "web_code": "-", "web_type": "Tiada", "web_district": "Klang", "web_ppd": "PPD KLANG", "web_level": "Sekolah Rendah", "web_address": "-", "web_pbt": "MBDK" }, "geometry": { "type": "Point", "coordinates": [ 101.460828, 3.056899 ] } },
{ "type": "Feature", "properties": { "Nama_Sekol": "SEKOLAH KEBANGSAAN (1) JALAN MERU", "PPD": "PPD KLANG", "PBT": "MBDK", "JenisWarta": "Tiada", "Tahap_Seko": "Sekolah Rendah", "Koordinat_": 3.058563, "Koordinat1": 101.451033, "web_name": "SEKOLAH KEBANGSAAN (1) JALAN MERU", "web_code": "-", "web_type": "Tiada", "web_district": "Klang", "web_ppd": "PPD KLANG", "web_level": "Sekolah Rendah", "web_address": "-", "web_pbt": "MBDK" }, "geometry": { "type": "Point", "coordinates": [ 101.451033, 3.058563 ] } },
{ "type": "Feature", "properties": { "Nama_Sekol": "SEKOLAH KEBANGSAAN (1) SIMPANG LIMA", "PPD": "PPD KLANG", "PBT": "MBDK", "JenisWarta": "Tiada", "Tahap_Seko": "Sekolah Rendah", "Koordinat_": 3.030768, "Koordinat1": 101.43873, "web_name": "SEKOLAH KEBANGSAAN (1) SIMPANG LIMA", "web_code": "-", "web_type": "Tiada", "web_district": "Klang", "web_ppd": "PPD KLANG", "web_level": "Sekolah Rendah", "web_address": "-", "web_pbt": "MBDK" }, "geometry": { "type": "Point", "coordinates": [ 101.43873, 3.030768 ] } },
{ "type": "Feature", "properties": { "Nama_Sekol": "SEKOLAH KEBANGSAAN (2) JALAN MERU", "PPD": "PPD KLANG", "PBT": "MBDK", "JenisWarta": "W.S62", "Tahap_Seko": "Sekolah Rendah", "Koordinat_": 3.05509, "Koordinat1": 101.450206, "web_name": "SEKOLAH KEBANGSAAN (2) JALAN MERU", "web_code": "-", "web_type": "W.S62", "web_district": "Klang", "web_ppd": "PPD KLANG", "web_level": "Sekolah Rendah", "web_address": "-", "web_pbt": "MBDK" }, "geometry": { "type": "Point", "coordinates": [ 101.450206, 3.05509 ] } },
{ "type": "Feature", "properties": { "Nama_Sekol": "SEKOLAH KEBANGSAAN (2) SIMPANG LIMA", "PPD": "PPD KLANG", "PBT": "MBDK", "JenisWarta": "Tiada", "Tahap_Seko": "Sekolah Rendah", "Koordinat_": 3.030569053, "Koordinat1": 101.4380926, "web_name": "SEKOLAH KEBANGSAAN (2) SIMPANG LIMA", "web_code": "-", "web_type": "Tiada", "web_district": "Klang", "web_ppd": "PPD KLANG", "web_level": "Sekolah Rendah", "web_address": "-", "web_pbt": "MBDK" }, "geometry": { "type": "Point", "coordinates": [ 101.438092600000061, 3.030569053000022 ] } },
{ "type": "Feature", "properties": { "Nama_Sekol": "SEKOLAH KEBANGSAAN ABDUL SAMAT", "PPD": "PPD KLANG", "PBT": "MBDK", "JenisWarta": "Tiada", "Tahap_Seko": "Sekolah Rendah", "Koordinat_": 3.137807, "Koordinat1": 101.371575, "web_name": "SEKOLAH KEBANGSAAN ABDUL SAMAT", "web_code": "-", "web_type": "Tiada", "web_district": "Klang", "web_ppd": "PPD KLANG", "web_level": "Sekolah Rendah", "web_address": "-", "web_pbt": "MBDK" }, "geometry": { "type": "Point", "coordinates": [ 101.371575, 3.137807 ] } },
{ "type": "Feature", "properties": { "Nama_Sekol": "SEKOLAH KEBANGSAAN BATU BELAH", "PPD": "PPD KLANG", "PBT": "MBDK", "JenisWarta": "W.S62", "Tahap_Seko": "Sekolah Rendah", "Koordinat_": 3.070836, "Koordinat1": 101.443326, "web_name": "SEKOLAH KEBANGSAAN BATU BELAH", "web_code": "-", "web_type": "W.S62", "web_district": "Klang", "web_ppd": "PPD KLANG", "web_level": "Sekolah Rendah", "web_address": "-", "web_pbt": "MBDK" }, "geometry": { "type": "Point", "coordinates": [ 101.443326, 3.070836 ] } },
{ "type": "Feature", "properties": { "Nama_Sekol": "SEKOLAH KEBANGSAAN BATU UNJUR", "PPD": "PPD KLANG", "PBT": "MBDK", "JenisWarta": "TM_KPM", "Tahap_Seko": "Sekolah Rendah", "Koordinat_": 3.011294, "Koordinat1": 101.437152, "web_name": "SEKOLAH KEBANGSAAN BATU UNJUR", "web_code": "-", "web_type": "TM_KPM", "web_district": "Klang", "web_ppd": "PPD KLANG", "web_level": "Sekolah Rendah", "web_address": "-", "web_pbt": "MBDK" }, "geometry": { "type": "Point", "coordinates": [ 101.437152, 3.011294 ] } },
{ "type": "Feature", "properties": { "Nama_Sekol": "SEKOLAH KEBANGSAAN BUKIT CERAKAH", "PPD": "PPD KLANG", "PBT": "MPKS", "JenisWarta": "Tiada", "Tahap_Seko": "Sekolah Rendah", "Koordinat_": 3.203839, "Koordinat1": 101.435125, "web_name": "SEKOLAH KEBANGSAAN BUKIT CERAKAH", "web_code": "-", "web_type": "Tiada", "web_district": "Klang", "web_ppd": "PPD KLANG", "web_level": "Sekolah Rendah", "web_address": "-", "web_pbt": "MPKS" }, "geometry": { "type": "Point", "coordinates": [ 101.435125, 3.203839 ] } },
{ "type": "Feature", "properties": { "Nama_Sekol": "SEKOLAH KEBANGSAAN BUKIT KAPAR", "PPD": "PPD KLANG", "PBT": "MBDK", "JenisWarta": "TM_KPM", "Tahap_Seko": "Sekolah Rendah", "Koordinat_": 3.166437, "Koordinat1": 101.424347, "web_name": "SEKOLAH KEBANGSAAN BUKIT KAPAR", "web_code": "-", "web_type": "TM_KPM", "web_district": "Klang", "web_ppd": "PPD KLANG", "web_level": "Sekolah Rendah", "web_address": "-", "web_pbt": "MBDK" }, "geometry": { "type": "Point", "coordinates": [ 101.424347, 3.166437 ] } },
{ "type": "Feature", "properties": { "Nama_Sekol": "SEKOLAH KEBANGSAAN BUKIT KEMUNING 2", "PPD": "PPD KLANG", "PBT": "MBSA", "JenisWarta": "Tiada", "Tahap_Seko": "Sekolah Rendah", "Koordinat_": 2.983893, "Koordinat1": 101.54097, "web_name": "SEKOLAH KEBANGSAAN BUKIT KEMUNING 2", "web_code": "-", "web_type": "Tiada", "web_district": "Klang", "web_ppd": "PPD KLANG", "web_level": "Sekolah Rendah", "web_address": "-", "web_pbt": "MBSA" }, "geometry": { "type": "Point", "coordinates": [ 101.54097, 2.983893 ] } },
{ "type": "Feature", "properties": { "Nama_Sekol": "SEKOLAH KEBANGSAAN BUKIT KUDA", "PPD": "PPD KLANG", "PBT": "MBDK", "JenisWarta": "W.S62", "Tahap_Seko": "Sekolah Rendah", "Koordinat_": 3.045835, "Koordinat1": 101.461191, "web_name": "SEKOLAH KEBANGSAAN BUKIT KUDA", "web_code": "-", "web_type": "W.S62", "web_district": "Klang", "web_ppd": "PPD KLANG", "web_level": "Sekolah Rendah", "web_address": "-", "web_pbt": "MBDK" }, "geometry": { "type": "Point", "coordinates": [ 101.461191, 3.045835 ] } },
{ "type": "Feature", "properties": { "Nama_Sekol": "SEKOLAH KEBANGSAAN BUKIT NAGA", "PPD": "PPD KLANG", "PBT": "MBSA", "JenisWarta": "Tiada", "Tahap_Seko": "Sekolah Rendah", "Koordinat_": 3.003152, "Koordinat1": 101.504567, "web_name": "SEKOLAH KEBANGSAAN BUKIT NAGA", "web_code": "-", "web_type": "Tiada", "web_district": "Klang", "web_ppd": "PPD KLANG", "web_level": "Sekolah Rendah", "web_address": "-", "web_pbt": "MBSA" }, "geometry": { "type": "Point", "coordinates": [ 101.504567, 3.003152 ] } },
{ "type": "Feature", "properties": { "Nama_Sekol": "SEKOLAH KEBANGSAAN BUKIT RIMAU", "PPD": "PPD KLANG", "PBT": "MBSA", "JenisWarta": "Tiada", "Tahap_Seko": "Sekolah Rendah", "Koordinat_": 2.992115, "Koordinat1": 101.527004, "web_name": "SEKOLAH KEBANGSAAN BUKIT RIMAU", "web_code": "-", "web_type": "Tiada", "web_district": "Klang", "web_ppd": "PPD KLANG", "web_level": "Sekolah Rendah", "web_address": "-", "web_pbt": "MBSA" }, "geometry": { "type": "Point", "coordinates": [ 101.527004, 2.992115 ] } },
{ "type": "Feature", "properties": { "Nama_Sekol": "SEKOLAH KEBANGSAAN BUKIT TINGGI", "PPD": "PPD KLANG", "PBT": "MBDK", "JenisWarta": "Tiada", "Tahap_Seko": "Sekolah Rendah", "Koordinat_": 3.004191, "Koordinat1": 101.440343, "web_name": "SEKOLAH KEBANGSAAN BUKIT TINGGI", "web_code": "-", "web_type": "Tiada", "web_district": "Klang", "web_ppd": "PPD KLANG", "web_level": "Sekolah Rendah", "web_address": "-", "web_pbt": "MBDK" }, "geometry": { "type": "Point", "coordinates": [ 101.440343, 3.004191 ] } },
{ "type": "Feature", "properties": { "Nama_Sekol": "SEKOLAH KEBANGSAAN CONVENT (1)", "PPD": "PPD KLANG", "PBT": "MBDK", "JenisWarta": "Tiada", "Tahap_Seko": "Sekolah Rendah", "Koordinat_": 3.037693, "Koordinat1": 101.444869, "web_name": "SEKOLAH KEBANGSAAN CONVENT (1)", "web_code": "-", "web_type": "Tiada", "web_district": "Klang", "web_ppd": "PPD KLANG", "web_level": "Sekolah Rendah", "web_address": "-", "web_pbt": "MBDK" }, "geometry": { "type": "Point", "coordinates": [ 101.444869, 3.037693 ] } },
{ "type": "Feature", "properties": { "Nama_Sekol": "SEKOLAH KEBANGSAAN JALAN KEBUN", "PPD": "PPD KLANG", "PBT": "MBSA", "JenisWarta": "Tiada", "Tahap_Seko": "Sekolah Rendah", "Koordinat_": 2.973031, "Koordinat1": 101.518007, "web_name": "SEKOLAH KEBANGSAAN JALAN KEBUN", "web_code": "-", "web_type": "Tiada", "web_district": "Klang", "web_ppd": "PPD KLANG", "web_level": "Sekolah Rendah", "web_address": "-", "web_pbt": "MBSA" }, "geometry": { "type": "Point", "coordinates": [ 101.518007, 2.973031 ] } },
{ "type": "Feature", "properties": { "Nama_Sekol": "SEKOLAH KEBANGSAAN KAMPUNG IDAMAN", "PPD": "PPD KLANG", "PBT": "MBDK", "JenisWarta": "TM_KPM", "Tahap_Seko": "Sekolah Rendah", "Koordinat_": 2.993091, "Koordinat1": 101.427169, "web_name": "SEKOLAH KEBANGSAAN KAMPUNG IDAMAN", "web_code": "-", "web_type": "TM_KPM", "web_district": "Klang", "web_ppd": "PPD KLANG", "web_level": "Sekolah Rendah", "web_address": "-", "web_pbt": "MBDK" }, "geometry": { "type": "Point", "coordinates": [ 101.427169, 2.993091 ] } },
{ "type": "Feature", "properties": { "Nama_Sekol": "SEKOLAH KEBANGSAAN KAMPUNG JAWA", "PPD": "PPD KLANG", "PBT": "MBDK", "JenisWarta": "Tiada", "Tahap_Seko": "Sekolah Rendah", "Koordinat_": 3.026465, "Koordinat1": 101.463111, "web_name": "SEKOLAH KEBANGSAAN KAMPUNG JAWA", "web_code": "-", "web_type": "Tiada", "web_district": "Klang", "web_ppd": "PPD KLANG", "web_level": "Sekolah Rendah", "web_address": "-", "web_pbt": "MBDK" }, "geometry": { "type": "Point", "coordinates": [ 101.463111, 3.026465 ] } },
{ "type": "Feature", "properties": { "Nama_Sekol": "SEKOLAH KEBANGSAAN KAMPUNG JAWA 2", "PPD": "PPD KLANG", "PBT": "MBDK", "JenisWarta": "Tiada", "Tahap_Seko": "Sekolah Rendah", "Koordinat_": 3.024501, "Koordinat1": 101.466222, "web_name": "SEKOLAH KEBANGSAAN KAMPUNG JAWA 2", "web_code": "-", "web_type": "Tiada", "web_district": "Klang", "web_ppd": "PPD KLANG", "web_level": "Sekolah Rendah", "web_address": "-", "web_pbt": "MBDK" }, "geometry": { "type": "Point", "coordinates": [ 101.466222, 3.024501 ] } },
{ "type": "Feature", "properties": { "Nama_Sekol": "SEKOLAH KEBANGSAAN KAPAR", "PPD": "PPD KLANG", "PBT": "MBDK", "JenisWarta": "W.S62", "Tahap_Seko": "Sekolah Rendah", "Koordinat_": 3.134103, "Koordinat1": 101.377176, "web_name": "SEKOLAH KEBANGSAAN KAPAR", "web_code": "-", "web_type": "W.S62", "web_district": "Klang", "web_ppd": "PPD KLANG", "web_level": "Sekolah Rendah", "web_address": "-", "web_pbt": "MBDK" }, "geometry": { "type": "Point", "coordinates": [ 101.377176, 3.134103 ] } },
{ "type": "Feature", "properties": { "Nama_Sekol": "SEKOLAH KEBANGSAAN KG JOHAN SETIA", "PPD": "PPD KLANG", "PBT": "MBDK", "JenisWarta": "TM_KPM", "Tahap_Seko": "Sekolah Rendah", "Koordinat_": 2.978659, "Koordinat1": 101.490019, "web_name": "SEKOLAH KEBANGSAAN KG JOHAN SETIA", "web_code": "-", "web_type": "TM_KPM", "web_district": "Klang", "web_ppd": "PPD KLANG", "web_level": "Sekolah Rendah", "web_address": "-", "web_pbt": "MBDK" }, "geometry": { "type": "Point", "coordinates": [ 101.490019, 2.978659 ] } },
{ "type": "Feature", "properties": { "Nama_Sekol": "SEKOLAH KEBANGSAAN KG PENDAMAR", "PPD": "PPD KLANG", "PBT": "MBDK", "JenisWarta": "TM_KPM", "Tahap_Seko": "Sekolah Rendah", "Koordinat_": 2.978865, "Koordinat1": 101.429882, "web_name": "SEKOLAH KEBANGSAAN KG PENDAMAR", "web_code": "-", "web_type": "TM_KPM", "web_district": "Klang", "web_ppd": "PPD KLANG", "web_level": "Sekolah Rendah", "web_address": "-", "web_pbt": "MBDK" }, "geometry": { "type": "Point", "coordinates": [ 101.429882, 2.978865 ] } },
{ "type": "Feature", "properties": { "Nama_Sekol": "SEKOLAH KEBANGSAAN KG RAJA UDA", "PPD": "PPD KLANG", "PBT": "MBDK", "JenisWarta": "Tiada", "Tahap_Seko": "Sekolah Rendah", "Koordinat_": 3.016801, "Koordinat1": 101.40952, "web_name": "SEKOLAH KEBANGSAAN KG RAJA UDA", "web_code": "-", "web_type": "Tiada", "web_district": "Klang", "web_ppd": "PPD KLANG", "web_level": "Sekolah Rendah", "web_address": "-", "web_pbt": "MBDK" }, "geometry": { "type": "Point", "coordinates": [ 101.40952, 3.016801 ] } },
{ "type": "Feature", "properties": { "Nama_Sekol": "SEKOLAH KEBANGSAAN KLANG", "PPD": "PPD KLANG", "PBT": "MBDK", "JenisWarta": "TM_KPM", "Tahap_Seko": "Sekolah Rendah", "Koordinat_": 3.040109, "Koordinat1": 101.450558, "web_name": "SEKOLAH KEBANGSAAN KLANG", "web_code": "-", "web_type": "TM_KPM", "web_district": "Klang", "web_ppd": "PPD KLANG", "web_level": "Sekolah Rendah", "web_address": "-", "web_pbt": "MBDK" }, "geometry": { "type": "Point", "coordinates": [ 101.450558, 3.040109 ] } },
{ "type": "Feature", "properties": { "Nama_Sekol": "SEKOLAH KEBANGSAAN KOTA KEMUNING", "PPD": "PPD KLANG", "PBT": "MBSA", "JenisWarta": "Tiada", "Tahap_Seko": "Sekolah Rendah", "Koordinat_": 2.996389, "Koordinat1": 101.547397, "web_name": "SEKOLAH KEBANGSAAN KOTA KEMUNING", "web_code": "-", "web_type": "Tiada", "web_district": "Klang", "web_ppd": "PPD KLANG", "web_level": "Sekolah Rendah", "web_address": "-", "web_pbt": "MBSA" }, "geometry": { "type": "Point", "coordinates": [ 101.547397, 2.996389 ] } },
{ "type": "Feature", "properties": { "Nama_Sekol": "SEKOLAH KEBANGSAAN LA SALLE", "PPD": "PPD KLANG", "PBT": "MBDK", "JenisWarta": "Tiada", "Tahap_Seko": "Sekolah Rendah", "Koordinat_": 3.032388, "Koordinat1": 101.438858, "web_name": "SEKOLAH KEBANGSAAN LA SALLE", "web_code": "-", "web_type": "Tiada", "web_district": "Klang", "web_ppd": "PPD KLANG", "web_level": "Sekolah Rendah", "web_address": "-", "web_pbt": "MBDK" }, "geometry": { "type": "Point", "coordinates": [ 101.438858, 3.032388 ] } },
{ "type": "Feature", "properties": { "Nama_Sekol": "SEKOLAH KEBANGSAAN MERU", "PPD": "PPD KLANG", "PBT": "MBDK", "JenisWarta": "Tiada", "Tahap_Seko": "Sekolah Rendah", "Koordinat_": 3.138045, "Koordinat1": 101.408216, "web_name": "SEKOLAH KEBANGSAAN MERU", "web_code": "-", "web_type": "Tiada", "web_district": "Klang", "web_ppd": "PPD KLANG", "web_level": "Sekolah Rendah", "web_address": "-", "web_pbt": "MBDK" }, "geometry": { "type": "Point", "coordinates": [ 101.408216, 3.138045 ] } },
{ "type": "Feature", "properties": { "Nama_Sekol": "SEKOLAH KEBANGSAAN MERU (2)", "PPD": "PPD KLANG", "PBT": "MBDK", "JenisWarta": "Tiada", "Tahap_Seko": "Sekolah Rendah", "Koordinat_": 3.153299, "Koordinat1": 101.460825, "web_name": "SEKOLAH KEBANGSAAN MERU (2)", "web_code": "-", "web_type": "Tiada", "web_district": "Klang", "web_ppd": "PPD KLANG", "web_level": "Sekolah Rendah", "web_address": "-", "web_pbt": "MBDK" }, "geometry": { "type": "Point", "coordinates": [ 101.460825, 3.153299 ] } },
{ "type": "Feature", "properties": { "Nama_Sekol": "SEKOLAH KEBANGSAAN METHODIST", "PPD": "PPD KLANG", "PBT": "MBDK", "JenisWarta": "Tiada", "Tahap_Seko": "Sekolah Rendah", "Koordinat_": 3.014294, "Koordinat1": 101.407181, "web_name": "SEKOLAH KEBANGSAAN METHODIST", "web_code": "-", "web_type": "Tiada", "web_district": "Klang", "web_ppd": "PPD KLANG", "web_level": "Sekolah Rendah", "web_address": "-", "web_pbt": "MBDK" }, "geometry": { "type": "Point", "coordinates": [ 101.407181, 3.014294 ] } },
{ "type": "Feature", "properties": { "Nama_Sekol": "SEKOLAH KEBANGSAAN METHODIST ACS", "PPD": "PPD KLANG", "PBT": "MBDK", "JenisWarta": "Tiada", "Tahap_Seko": "Sekolah Rendah", "Koordinat_": 3.042995, "Koordinat1": 101.439909, "web_name": "SEKOLAH KEBANGSAAN METHODIST ACS", "web_code": "-", "web_type": "Tiada", "web_district": "Klang", "web_ppd": "PPD KLANG", "web_level": "Sekolah Rendah", "web_address": "-", "web_pbt": "MBDK" }, "geometry": { "type": "Point", "coordinates": [ 101.439909, 3.042995 ] } },
{ "type": "Feature", "properties": { "Nama_Sekol": "SEKOLAH KEBANGSAAN PANDAMARAN JAYA", "PPD": "PPD KLANG", "PBT": "MBDK", "JenisWarta": "Tiada", "Tahap_Seko": "Sekolah Rendah", "Koordinat_": 3.006152, "Koordinat1": 101.423006, "web_name": "SEKOLAH KEBANGSAAN PANDAMARAN JAYA", "web_code": "-", "web_type": "Tiada", "web_district": "Klang", "web_ppd": "PPD KLANG", "web_level": "Sekolah Rendah", "web_address": "-", "web_pbt": "MBDK" }, "geometry": { "type": "Point", "coordinates": [ 101.423006, 3.006152 ] } },
{ "type": "Feature", "properties": { "Nama_Sekol": "SEKOLAH KEBANGSAAN PELABUHAN KELANG", "PPD": "PPD KLANG", "PBT": "MBDK", "JenisWarta": "W.S62", "Tahap_Seko": "Sekolah Rendah", "Koordinat_": 3.000513, "Koordinat1": 101.400903, "web_name": "SEKOLAH KEBANGSAAN PELABUHAN KELANG", "web_code": "-", "web_type": "W.S62", "web_district": "Klang", "web_ppd": "PPD KLANG", "web_level": "Sekolah Rendah", "web_address": "-", "web_pbt": "MBDK" }, "geometry": { "type": "Point", "coordinates": [ 101.400903, 3.000513 ] } },
{ "type": "Feature", "properties": { "Nama_Sekol": "SEKOLAH KEBANGSAAN PELABUHAN UTARA", "PPD": "PPD KLANG", "PBT": "MBDK", "JenisWarta": "Tiada", "Tahap_Seko": "Sekolah Rendah", "Koordinat_": 3.032444, "Koordinat1": 101.379776, "web_name": "SEKOLAH KEBANGSAAN PELABUHAN UTARA", "web_code": "-", "web_type": "Tiada", "web_district": "Klang", "web_ppd": "PPD KLANG", "web_level": "Sekolah Rendah", "web_address": "-", "web_pbt": "MBDK" }, "geometry": { "type": "Point", "coordinates": [ 101.379776, 3.032444 ] } },
{ "type": "Feature", "properties": { "Nama_Sekol": "SEKOLAH KEBANGSAAN PEREMPUAN BUKIT KUDA", "PPD": "PPD KLANG", "PBT": "MBDK", "JenisWarta": "Tiada", "Tahap_Seko": "Sekolah Rendah", "Koordinat_": 3.045911, "Koordinat1": 101.459881, "web_name": "SEKOLAH KEBANGSAAN PEREMPUAN BUKIT KUDA", "web_code": "-", "web_type": "Tiada", "web_district": "Klang", "web_ppd": "PPD KLANG", "web_level": "Sekolah Rendah", "web_address": "-", "web_pbt": "MBDK" }, "geometry": { "type": "Point", "coordinates": [ 101.459881, 3.045911 ] } },
{ "type": "Feature", "properties": { "Nama_Sekol": "SEKOLAH KEBANGSAAN PEREMPUAN METHODIST", "PPD": "PPD KLANG", "PBT": "MBDK", "JenisWarta": "Tiada", "Tahap_Seko": "Sekolah Rendah", "Koordinat_": 3.045584852, "Koordinat1": 101.4406489, "web_name": "SEKOLAH KEBANGSAAN PEREMPUAN METHODIST", "web_code": "-", "web_type": "Tiada", "web_district": "Klang", "web_ppd": "PPD KLANG", "web_level": "Sekolah Rendah", "web_address": "-", "web_pbt": "MBDK" }, "geometry": { "type": "Point", "coordinates": [ 101.440648900000042, 3.045584852000047 ] } },
{ "type": "Feature", "properties": { "Nama_Sekol": "SEKOLAH KEBANGSAAN PULAU INDAH", "PPD": "PPD KLANG", "PBT": "MBDK", "JenisWarta": "Tiada", "Tahap_Seko": "Sekolah Rendah", "Koordinat_": 2.932104018, "Koordinat1": 101.3188749, "web_name": "SEKOLAH KEBANGSAAN PULAU INDAH", "web_code": "-", "web_type": "Tiada", "web_district": "Klang", "web_ppd": "PPD KLANG", "web_level": "Sekolah Rendah", "web_address": "-", "web_pbt": "MBDK" }, "geometry": { "type": "Point", "coordinates": [ 101.318874900000083, 2.932104018000075 ] } },
{ "type": "Feature", "properties": { "Nama_Sekol": "SEKOLAH KEBANGSAAN PULAU INDAH (2)", "PPD": "PPD KLANG", "PBT": "MBDK", "JenisWarta": "TM_KPM", "Tahap_Seko": "Sekolah Rendah", "Koordinat_": 2.977965, "Koordinat1": 101.34488, "web_name": "SEKOLAH KEBANGSAAN PULAU INDAH (2)", "web_code": "-", "web_type": "TM_KPM", "web_district": "Klang", "web_ppd": "PPD KLANG", "web_level": "Sekolah Rendah", "web_address": "-", "web_pbt": "MBDK" }, "geometry": { "type": "Point", "coordinates": [ 101.34488, 2.977965 ] } },
{ "type": "Feature", "properties": { "Nama_Sekol": "SEKOLAH KEBANGSAAN RANTAU PANJANG", "PPD": "PPD KLANG", "PBT": "MBDK", "JenisWarta": "TM_KPM", "Tahap_Seko": "Sekolah Rendah", "Koordinat_": 3.067503, "Koordinat1": 101.410826, "web_name": "SEKOLAH KEBANGSAAN RANTAU PANJANG", "web_code": "-", "web_type": "TM_KPM", "web_district": "Klang", "web_ppd": "PPD KLANG", "web_level": "Sekolah Rendah", "web_address": "-", "web_pbt": "MBDK" }, "geometry": { "type": "Point", "coordinates": [ 101.410826, 3.067503 ] } },
{ "type": "Feature", "properties": { "Nama_Sekol": "SEKOLAH KEBANGSAAN SEMENTA", "PPD": "PPD KLANG", "PBT": "MBDK", "JenisWarta": "W.S62", "Tahap_Seko": "Sekolah Rendah", "Koordinat_": 3.092975, "Koordinat1": 101.384533, "web_name": "SEKOLAH KEBANGSAAN SEMENTA", "web_code": "-", "web_type": "W.S62", "web_district": "Klang", "web_ppd": "PPD KLANG", "web_level": "Sekolah Rendah", "web_address": "-", "web_pbt": "MBDK" }, "geometry": { "type": "Point", "coordinates": [ 101.384533, 3.092975 ] } },
{ "type": "Feature", "properties": { "Nama_Sekol": "SEKOLAH KEBANGSAAN ST ANNE'S CONVENT", "PPD": "PPD KLANG", "PBT": "MBDK", "JenisWarta": "Tiada", "Tahap_Seko": "Sekolah Rendah", "Koordinat_": 3.00872, "Koordinat1": 101.404169, "web_name": "SEKOLAH KEBANGSAAN ST ANNE'S CONVENT", "web_code": "-", "web_type": "Tiada", "web_district": "Klang", "web_ppd": "PPD KLANG", "web_level": "Sekolah Rendah", "web_address": "-", "web_pbt": "MBDK" }, "geometry": { "type": "Point", "coordinates": [ 101.404169, 3.00872 ] } },
{ "type": "Feature", "properties": { "Nama_Sekol": "SEKOLAH KEBANGSAAN SUNGAI BINJAI", "PPD": "PPD KLANG", "PBT": "MBDK", "JenisWarta": "Tiada", "Tahap_Seko": "Sekolah Rendah", "Koordinat_": 3.137499, "Koordinat1": 101.438484, "web_name": "SEKOLAH KEBANGSAAN SUNGAI BINJAI", "web_code": "-", "web_type": "Tiada", "web_district": "Klang", "web_ppd": "PPD KLANG", "web_level": "Sekolah Rendah", "web_address": "-", "web_pbt": "MBDK" }, "geometry": { "type": "Point", "coordinates": [ 101.438484, 3.137499 ] } },
{ "type": "Feature", "properties": { "Nama_Sekol": "SEKOLAH KEBANGSAAN SUNGAI KAPAR INDAH", "PPD": "PPD KLANG", "PBT": "MBDK", "JenisWarta": "TM_KPM", "Tahap_Seko": "Sekolah Rendah", "Koordinat_": 3.10025, "Koordinat1": 101.384554, "web_name": "SEKOLAH KEBANGSAAN SUNGAI KAPAR INDAH", "web_code": "-", "web_type": "TM_KPM", "web_district": "Klang", "web_ppd": "PPD KLANG", "web_level": "Sekolah Rendah", "web_address": "-", "web_pbt": "MBDK" }, "geometry": { "type": "Point", "coordinates": [ 101.384554, 3.10025 ] } },
{ "type": "Feature", "properties": { "Nama_Sekol": "SEKOLAH KEBANGSAAN SUNGAI SERDANG", "PPD": "PPD KLANG", "PBT": "MBDK", "JenisWarta": "TM_KPM", "Tahap_Seko": "Sekolah Rendah", "Koordinat_": 3.149329, "Koordinat1": 101.327528, "web_name": "SEKOLAH KEBANGSAAN SUNGAI SERDANG", "web_code": "-", "web_type": "TM_KPM", "web_district": "Klang", "web_ppd": "PPD KLANG", "web_level": "Sekolah Rendah", "web_address": "-", "web_pbt": "MBDK" }, "geometry": { "type": "Point", "coordinates": [ 101.327528, 3.149329 ] } },
{ "type": "Feature", "properties": { "Nama_Sekol": "SEKOLAH KEBANGSAAN SUNGAI UDANG", "PPD": "PPD KLANG", "PBT": "MBDK", "JenisWarta": "TM_KPM", "Tahap_Seko": "Sekolah Rendah", "Koordinat_": 3.039756124, "Koordinat1": 101.4186111, "web_name": "SEKOLAH KEBANGSAAN SUNGAI UDANG", "web_code": "-", "web_type": "TM_KPM", "web_district": "Klang", "web_ppd": "PPD KLANG", "web_level": "Sekolah Rendah", "web_address": "-", "web_pbt": "MBDK" }, "geometry": { "type": "Point", "coordinates": [ 101.418611100000078, 3.039756124000064 ] } },
{ "type": "Feature", "properties": { "Nama_Sekol": "SEKOLAH KEBANGSAAN TAMAN GEMBIRA", "PPD": "PPD KLANG", "PBT": "MBDK", "JenisWarta": "Tiada", "Tahap_Seko": "Sekolah Rendah", "Koordinat_": 3.036857, "Koordinat1": 101.429877, "web_name": "SEKOLAH KEBANGSAAN TAMAN GEMBIRA", "web_code": "-", "web_type": "Tiada", "web_district": "Klang", "web_ppd": "PPD KLANG", "web_level": "Sekolah Rendah", "web_address": "-", "web_pbt": "MBDK" }, "geometry": { "type": "Point", "coordinates": [ 101.429877, 3.036857 ] } },
{ "type": "Feature", "properties": { "Nama_Sekol": "SEKOLAH KEBANGSAAN TAMAN KLANG JAYA", "PPD": "PPD KLANG", "PBT": "MBDK", "JenisWarta": "Tiada", "Tahap_Seko": "Sekolah Rendah", "Koordinat_": 3.004153, "Koordinat1": 101.450129, "web_name": "SEKOLAH KEBANGSAAN TAMAN KLANG JAYA", "web_code": "-", "web_type": "Tiada", "web_district": "Klang", "web_ppd": "PPD KLANG", "web_level": "Sekolah Rendah", "web_address": "-", "web_pbt": "MBDK" }, "geometry": { "type": "Point", "coordinates": [ 101.450129, 3.004153 ] } },
{ "type": "Feature", "properties": { "Nama_Sekol": "SEKOLAH KEBANGSAAN TAMAN KLANG UTAMA", "PPD": "PPD KLANG", "PBT": "MBDK", "JenisWarta": "TM_KPM", "Tahap_Seko": "Sekolah Rendah", "Koordinat_": 3.084051, "Koordinat1": 101.421676, "web_name": "SEKOLAH KEBANGSAAN TAMAN KLANG UTAMA", "web_code": "-", "web_type": "TM_KPM", "web_district": "Klang", "web_ppd": "PPD KLANG", "web_level": "Sekolah Rendah", "web_address": "-", "web_pbt": "MBDK" }, "geometry": { "type": "Point", "coordinates": [ 101.421676, 3.084051 ] } },
{ "type": "Feature", "properties": { "Nama_Sekol": "SEKOLAH KEBANGSAAN TAMAN SRI ANDALAS", "PPD": "PPD KLANG", "PBT": "MBDK", "JenisWarta": "TM_KPM", "Tahap_Seko": "Sekolah Rendah", "Koordinat_": 3.018473, "Koordinat1": 101.451806, "web_name": "SEKOLAH KEBANGSAAN TAMAN SRI ANDALAS", "web_code": "-", "web_type": "TM_KPM", "web_district": "Klang", "web_ppd": "PPD KLANG", "web_level": "Sekolah Rendah", "web_address": "-", "web_pbt": "MBDK" }, "geometry": { "type": "Point", "coordinates": [ 101.451806, 3.018473 ] } },
{ "type": "Feature", "properties": { "Nama_Sekol": "SEKOLAH KEBANGSAAN TELOK GADONG", "PPD": "PPD KLANG", "PBT": "MBDK", "JenisWarta": "Tiada", "Tahap_Seko": "Sekolah Rendah", "Koordinat_": 3.038647, "Koordinat1": 101.419817, "web_name": "SEKOLAH KEBANGSAAN TELOK GADONG", "web_code": "-", "web_type": "Tiada", "web_district": "Klang", "web_ppd": "PPD KLANG", "web_level": "Sekolah Rendah", "web_address": "-", "web_pbt": "MBDK" }, "geometry": { "type": "Point", "coordinates": [ 101.419817, 3.038647 ] } },
{ "type": "Feature", "properties": { "Nama_Sekol": "SEKOLAH KEBANGSAAN TELOK GONG", "PPD": "PPD KLANG", "PBT": "MBDK", "JenisWarta": "TM_KPM", "Tahap_Seko": "Sekolah Rendah", "Koordinat_": 2.964199, "Koordinat1": 101.385375, "web_name": "SEKOLAH KEBANGSAAN TELOK GONG", "web_code": "-", "web_type": "TM_KPM", "web_district": "Klang", "web_ppd": "PPD KLANG", "web_level": "Sekolah Rendah", "web_address": "-", "web_pbt": "MBDK" }, "geometry": { "type": "Point", "coordinates": [ 101.385375, 2.964199 ] } },
{ "type": "Feature", "properties": { "Nama_Sekol": "SEKOLAH KEBANGSAAN TELOK MENEGON", "PPD": "PPD KLANG", "PBT": "MBSA", "JenisWarta": "W.S62", "Tahap_Seko": "Sekolah Rendah", "Koordinat_": 3.031078, "Koordinat1": 101.475631, "web_name": "SEKOLAH KEBANGSAAN TELOK MENEGON", "web_code": "-", "web_type": "W.S62", "web_district": "Klang", "web_ppd": "PPD KLANG", "web_level": "Sekolah Rendah", "web_address": "-", "web_pbt": "MBSA" }, "geometry": { "type": "Point", "coordinates": [ 101.475631, 3.031078 ] } },
{ "type": "Feature", "properties": { "Nama_Sekol": "SEKOLAH KEBANGSAAN TELOK PULAI", "PPD": "PPD KLANG", "PBT": "MBDK", "JenisWarta": "Tiada", "Tahap_Seko": "Sekolah Rendah", "Koordinat_": 3.046313, "Koordinat1": 101.428494, "web_name": "SEKOLAH KEBANGSAAN TELOK PULAI", "web_code": "-", "web_type": "Tiada", "web_district": "Klang", "web_ppd": "PPD KLANG", "web_level": "Sekolah Rendah", "web_address": "-", "web_pbt": "MBDK" }, "geometry": { "type": "Point", "coordinates": [ 101.428494, 3.046313 ] } },
{ "type": "Feature", "properties": { "Nama_Sekol": "SEKOLAH KEBANGSAAN TENGKU BENDAHARA AZMAN (1)", "PPD": "PPD KLANG", "PBT": "MBDK", "JenisWarta": "Tiada", "Tahap_Seko": "Sekolah Rendah", "Koordinat_": 3.008673, "Koordinat1": 101.40854, "web_name": "SEKOLAH KEBANGSAAN TENGKU BENDAHARA AZMAN (1)", "web_code": "-", "web_type": "Tiada", "web_district": "Klang", "web_ppd": "PPD KLANG", "web_level": "Sekolah Rendah", "web_address": "-", "web_pbt": "MBDK" }, "geometry": { "type": "Point", "coordinates": [ 101.40854, 3.008673 ] } },
{ "type": "Feature", "properties": { "Nama_Sekol": "SEKOLAH KEBANGSAAN TENGKU BENDAHARA AZMAN (2)", "PPD": "PPD KLANG", "PBT": "MBDK", "JenisWarta": "Tiada", "Tahap_Seko": "Sekolah Rendah", "Koordinat_": 3.00905, "Koordinat1": 101.408174, "web_name": "SEKOLAH KEBANGSAAN TENGKU BENDAHARA AZMAN (2)", "web_code": "-", "web_type": "Tiada", "web_district": "Klang", "web_ppd": "PPD KLANG", "web_level": "Sekolah Rendah", "web_address": "-", "web_pbt": "MBDK" }, "geometry": { "type": "Point", "coordinates": [ 101.408174, 3.00905 ] } },
{ "type": "Feature", "properties": { "Nama_Sekol": "SEKOLAH KEBANGSAAN TOK MUDA", "PPD": "PPD KLANG", "PBT": "MBDK", "JenisWarta": "Tiada", "Tahap_Seko": "Sekolah Rendah", "Koordinat_": 3.133931, "Koordinat1": 101.345104, "web_name": "SEKOLAH KEBANGSAAN TOK MUDA", "web_code": "-", "web_type": "Tiada", "web_district": "Klang", "web_ppd": "PPD KLANG", "web_level": "Sekolah Rendah", "web_address": "-", "web_pbt": "MBDK" }, "geometry": { "type": "Point", "coordinates": [ 101.345104, 3.133931 ] } },
{ "type": "Feature", "properties": { "Nama_Sekol": "KOLEJ ISLAM SULTAN ALAM SHAH", "PPD": "PPD KLANG", "PBT": "MBDK", "JenisWarta": "Tiada", "Tahap_Seko": "Sekolah Menengah", "Koordinat_": 3.034815, "Koordinat1": 101.452316, "web_name": "KOLEJ ISLAM SULTAN ALAM SHAH", "web_code": "-", "web_type": "Tiada", "web_district": "Klang", "web_ppd": "PPD KLANG", "web_level": "Sekolah Menengah", "web_address": "-", "web_pbt": "MBDK" }, "geometry": { "type": "Point", "coordinates": [ 101.452316, 3.034815 ] } },
{ "type": "Feature", "properties": { "Nama_Sekol": "KOLEJ TINGKATAN ENAM SRI ISTANA", "PPD": "PPD KLANG", "PBT": "MBDK", "JenisWarta": "Tiada", "Tahap_Seko": "Sekolah Menengah", "Koordinat_": 3.034432, "Koordinat1": 101.447164, "web_name": "KOLEJ TINGKATAN ENAM SRI ISTANA", "web_code": "-", "web_type": "Tiada", "web_district": "Klang", "web_ppd": "PPD KLANG", "web_level": "Sekolah Menengah", "web_address": "-", "web_pbt": "MBDK" }, "geometry": { "type": "Point", "coordinates": [ 101.447164, 3.034432 ] } },
{ "type": "Feature", "properties": { "Nama_Sekol": "KOLEJ VOKASIONAL KLANG", "PPD": "PPD KLANG", "PBT": "MBDK", "JenisWarta": "TM_KPM", "Tahap_Seko": "Sekolah Menengah", "Koordinat_": 3.013376, "Koordinat1": 101.43582, "web_name": "KOLEJ VOKASIONAL KLANG", "web_code": "-", "web_type": "TM_KPM", "web_district": "Klang", "web_ppd": "PPD KLANG", "web_level": "Sekolah Menengah", "web_address": "-", "web_pbt": "MBDK" }, "geometry": { "type": "Point", "coordinates": [ 101.43582, 3.013376 ] } },
{ "type": "Feature", "properties": { "Nama_Sekol": "SAM HISAMUDDIN", "PPD": "PPD KLANG", "PBT": "MBDK", "JenisWarta": "Tiada", "Tahap_Seko": "Sekolah Menengah", "Koordinat_": 3.047058, "Koordinat1": 101.43776, "web_name": "SAM HISAMUDDIN", "web_code": "-", "web_type": "Tiada", "web_district": "Klang", "web_ppd": "PPD KLANG", "web_level": "Sekolah Menengah", "web_address": "-", "web_pbt": "MBDK" }, "geometry": { "type": "Point", "coordinates": [ 101.43776, 3.047058 ] } },
{ "type": "Feature", "properties": { "Nama_Sekol": "SAM NURUL IMAN", "PPD": "PPD KLANG", "PBT": "MBSA", "JenisWarta": "Tiada", "Tahap_Seko": "Sekolah Menengah", "Koordinat_": 3.178397, "Koordinat1": 101.453629, "web_name": "SAM NURUL IMAN", "web_code": "-", "web_type": "Tiada", "web_district": "Klang", "web_ppd": "PPD KLANG", "web_level": "Sekolah Menengah", "web_address": "-", "web_pbt": "MBSA" }, "geometry": { "type": "Point", "coordinates": [ 101.453629, 3.178397 ] } },
{ "type": "Feature", "properties": { "Nama_Sekol": "SAMT SULTAN HISAMUDDIN", "PPD": "PPD KLANG", "PBT": "MBDK", "JenisWarta": "Tiada", "Tahap_Seko": "Sekolah Menengah", "Koordinat_": 3.027939, "Koordinat1": 101.468754, "web_name": "SAMT SULTAN HISAMUDDIN", "web_code": "-", "web_type": "Tiada", "web_district": "Klang", "web_ppd": "PPD KLANG", "web_level": "Sekolah Menengah", "web_address": "-", "web_pbt": "MBDK" }, "geometry": { "type": "Point", "coordinates": [ 101.468754, 3.027939 ] } },
{ "type": "Feature", "properties": { "Nama_Sekol": "SEKOLAH MENENGAH KEBANGSAAN (P) BUKIT KUDA", "PPD": "PPD KLANG", "PBT": "MBDK", "JenisWarta": "Tiada", "Tahap_Seko": "Sekolah Menengah", "Koordinat_": 3.0447, "Koordinat1": 101.457467, "web_name": "SEKOLAH MENENGAH KEBANGSAAN (P) BUKIT KUDA", "web_code": "-", "web_type": "Tiada", "web_district": "Klang", "web_ppd": "PPD KLANG", "web_level": "Sekolah Menengah", "web_address": "-", "web_pbt": "MBDK" }, "geometry": { "type": "Point", "coordinates": [ 101.457467, 3.0447 ] } },
{ "type": "Feature", "properties": { "Nama_Sekol": "SEKOLAH MENENGAH KEBANGSAAN (P) KAPAR", "PPD": "PPD KLANG", "PBT": "MBDK", "JenisWarta": "Tiada", "Tahap_Seko": "Sekolah Menengah", "Koordinat_": 3.135613, "Koordinat1": 101.381053, "web_name": "SEKOLAH MENENGAH KEBANGSAAN (P) KAPAR", "web_code": "-", "web_type": "Tiada", "web_district": "Klang", "web_ppd": "PPD KLANG", "web_level": "Sekolah Menengah", "web_address": "-", "web_pbt": "MBDK" }, "geometry": { "type": "Point", "coordinates": [ 101.381053, 3.135613 ] } },
{ "type": "Feature", "properties": { "Nama_Sekol": "SEKOLAH MENENGAH KEBANGSAAN (P) METHODIST", "PPD": "PPD KLANG", "PBT": "MBDK", "JenisWarta": "Tiada", "Tahap_Seko": "Sekolah Menengah", "Koordinat_": 3.045108, "Koordinat1": 101.440943, "web_name": "SEKOLAH MENENGAH KEBANGSAAN (P) METHODIST", "web_code": "-", "web_type": "Tiada", "web_district": "Klang", "web_ppd": "PPD KLANG", "web_level": "Sekolah Menengah", "web_address": "-", "web_pbt": "MBDK" }, "geometry": { "type": "Point", "coordinates": [ 101.440943, 3.045108 ] } },
{ "type": "Feature", "properties": { "Nama_Sekol": "SEKOLAH MENENGAH KEBANGSAAN (P) RAJA ZARINA", "PPD": "PPD KLANG", "PBT": "MBDK", "JenisWarta": "Tiada", "Tahap_Seko": "Sekolah Menengah", "Koordinat_": 3.010998, "Koordinat1": 101.409622, "web_name": "SEKOLAH MENENGAH KEBANGSAAN (P) RAJA ZARINA", "web_code": "-", "web_type": "Tiada", "web_district": "Klang", "web_ppd": "PPD KLANG", "web_level": "Sekolah Menengah", "web_address": "-", "web_pbt": "MBDK" }, "geometry": { "type": "Point", "coordinates": [ 101.409622, 3.010998 ] } },
{ "type": "Feature", "properties": { "Nama_Sekol": "SEKOLAH MENENGAH KEBANGSAAN BANDAR BARU SULTAN SULEIMAN", "PPD": "PPD KLANG", "PBT": "MBDK", "JenisWarta": "TM_KPM", "Tahap_Seko": "Sekolah Menengah", "Koordinat_": 3.028984, "Koordinat1": 101.381519, "web_name": "SEKOLAH MENENGAH KEBANGSAAN BANDAR BARU SULTAN SULEIMAN", "web_code": "-", "web_type": "TM_KPM", "web_district": "Klang", "web_ppd": "PPD KLANG", "web_level": "Sekolah Menengah", "web_address": "-", "web_pbt": "MBDK" }, "geometry": { "type": "Point", "coordinates": [ 101.381519, 3.028984 ] } },
{ "type": "Feature", "properties": { "Nama_Sekol": "SEKOLAH MENENGAH KEBANGSAAN BATU UNJUR", "PPD": "PPD KLANG", "PBT": "MBDK", "JenisWarta": "TM_KPM", "Tahap_Seko": "Sekolah Menengah", "Koordinat_": 3.011553, "Koordinat1": 101.433915, "web_name": "SEKOLAH MENENGAH KEBANGSAAN BATU UNJUR", "web_code": "-", "web_type": "TM_KPM", "web_district": "Klang", "web_ppd": "PPD KLANG", "web_level": "Sekolah Menengah", "web_address": "-", "web_pbt": "MBDK" }, "geometry": { "type": "Point", "coordinates": [ 101.433915, 3.011553 ] } },
{ "type": "Feature", "properties": { "Nama_Sekol": "SEKOLAH MENENGAH KEBANGSAAN BUKIT KAPAR", "PPD": "PPD KLANG", "PBT": "MBDK", "JenisWarta": "TM_KPM", "Tahap_Seko": "Sekolah Menengah", "Koordinat_": 3.162816, "Koordinat1": 101.409756, "web_name": "SEKOLAH MENENGAH KEBANGSAAN BUKIT KAPAR", "web_code": "-", "web_type": "TM_KPM", "web_district": "Klang", "web_ppd": "PPD KLANG", "web_level": "Sekolah Menengah", "web_address": "-", "web_pbt": "MBDK" }, "geometry": { "type": "Point", "coordinates": [ 101.409756, 3.162816 ] } },
{ "type": "Feature", "properties": { "Nama_Sekol": "SEKOLAH MENENGAH KEBANGSAAN BUKIT TINGGI KLANG", "PPD": "PPD KLANG", "PBT": "MBDK", "JenisWarta": "TM_KPM", "Tahap_Seko": "Sekolah Menengah", "Koordinat_": 3.010193497, "Koordinat1": 101.4286184, "web_name": "SEKOLAH MENENGAH KEBANGSAAN BUKIT TINGGI KLANG", "web_code": "-", "web_type": "TM_KPM", "web_district": "Klang", "web_ppd": "PPD KLANG", "web_level": "Sekolah Menengah", "web_address": "-", "web_pbt": "MBDK" }, "geometry": { "type": "Point", "coordinates": [ 101.428618400000062, 3.010193497000046 ] } },
{ "type": "Feature", "properties": { "Nama_Sekol": "SEKOLAH MENENGAH KEBANGSAAN CHUNG HWA", "PPD": "PPD KLANG", "PBT": "MBSA", "JenisWarta": "Tiada", "Tahap_Seko": "Sekolah Menengah", "Koordinat_": 3.024236, "Koordinat1": 101.487304, "web_name": "SEKOLAH MENENGAH KEBANGSAAN CHUNG HWA", "web_code": "-", "web_type": "Tiada", "web_district": "Klang", "web_ppd": "PPD KLANG", "web_level": "Sekolah Menengah", "web_address": "-", "web_pbt": "MBSA" }, "geometry": { "type": "Point", "coordinates": [ 101.487304, 3.024236 ] } },
{ "type": "Feature", "properties": { "Nama_Sekol": "SEKOLAH MENENGAH KEBANGSAAN CONVENT", "PPD": "PPD KLANG", "PBT": "MBDK", "JenisWarta": "Tiada", "Tahap_Seko": "Sekolah Menengah", "Koordinat_": 3.038405, "Koordinat1": 101.44483, "web_name": "SEKOLAH MENENGAH KEBANGSAAN CONVENT", "web_code": "-", "web_type": "Tiada", "web_district": "Klang", "web_ppd": "PPD KLANG", "web_level": "Sekolah Menengah", "web_address": "-", "web_pbt": "MBDK" }, "geometry": { "type": "Point", "coordinates": [ 101.44483, 3.038405 ] } },
{ "type": "Feature", "properties": { "Nama_Sekol": "SEKOLAH MENENGAH KEBANGSAAN DATO HAMZAH", "PPD": "PPD KLANG", "PBT": "MBDK", "JenisWarta": "TM_KPM", "Tahap_Seko": "Sekolah Menengah", "Koordinat_": 3.007682393, "Koordinat1": 101.4076944, "web_name": "SEKOLAH MENENGAH KEBANGSAAN DATO HAMZAH", "web_code": "-", "web_type": "TM_KPM", "web_district": "Klang", "web_ppd": "PPD KLANG", "web_level": "Sekolah Menengah", "web_address": "-", "web_pbt": "MBDK" }, "geometry": { "type": "Point", "coordinates": [ 101.407694400000082, 3.007682393000039 ] } },
{ "type": "Feature", "properties": { "Nama_Sekol": "SEKOLAH MENENGAH KEBANGSAAN JALAN KEBUN", "PPD": "PPD KLANG", "PBT": "MBSA", "JenisWarta": "Tiada", "Tahap_Seko": "Sekolah Menengah", "Koordinat_": 2.981325, "Koordinat1": 101.507875, "web_name": "SEKOLAH MENENGAH KEBANGSAAN JALAN KEBUN", "web_code": "-", "web_type": "Tiada", "web_district": "Klang", "web_ppd": "PPD KLANG", "web_level": "Sekolah Menengah", "web_address": "-", "web_pbt": "MBSA" }, "geometry": { "type": "Point", "coordinates": [ 101.507875, 2.981325 ] } },
{ "type": "Feature", "properties": { "Nama_Sekol": "SEKOLAH MENENGAH KEBANGSAAN KAMPUNG JAWA", "PPD": "PPD KLANG", "PBT": "MBDK", "JenisWarta": "Tiada", "Tahap_Seko": "Sekolah Menengah", "Koordinat_": 3.025925, "Koordinat1": 101.464735, "web_name": "SEKOLAH MENENGAH KEBANGSAAN KAMPUNG JAWA", "web_code": "-", "web_type": "Tiada", "web_district": "Klang", "web_ppd": "PPD KLANG", "web_level": "Sekolah Menengah", "web_address": "-", "web_pbt": "MBDK" }, "geometry": { "type": "Point", "coordinates": [ 101.464735, 3.025925 ] } },
{ "type": "Feature", "properties": { "Nama_Sekol": "SEKOLAH MENENGAH KEBANGSAAN KOTA KEMUNING", "PPD": "PPD KLANG", "PBT": "MBSA", "JenisWarta": "Tiada", "Tahap_Seko": "Sekolah Menengah", "Koordinat_": 2.98452, "Koordinat1": 101.54137, "web_name": "SEKOLAH MENENGAH KEBANGSAAN KOTA KEMUNING", "web_code": "-", "web_type": "Tiada", "web_district": "Klang", "web_ppd": "PPD KLANG", "web_level": "Sekolah Menengah", "web_address": "-", "web_pbt": "MBSA" }, "geometry": { "type": "Point", "coordinates": [ 101.54137, 2.98452 ] } },
{ "type": "Feature", "properties": { "Nama_Sekol": "SEKOLAH MENENGAH KEBANGSAAN KWANG HUA", "PPD": "PPD KLANG", "PBT": "MBDK", "JenisWarta": "Tiada", "Tahap_Seko": "Sekolah Menengah", "Koordinat_": 3.064536, "Koordinat1": 101.459421, "web_name": "SEKOLAH MENENGAH KEBANGSAAN KWANG HUA", "web_code": "-", "web_type": "Tiada", "web_district": "Klang", "web_ppd": "PPD KLANG", "web_level": "Sekolah Menengah", "web_address": "-", "web_pbt": "MBDK" }, "geometry": { "type": "Point", "coordinates": [ 101.459421, 3.064536 ] } },
{ "type": "Feature", "properties": { "Nama_Sekol": "SEKOLAH MENENGAH KEBANGSAAN LA SALLE", "PPD": "PPD KLANG", "PBT": "MBDK", "JenisWarta": "Tiada", "Tahap_Seko": "Sekolah Menengah", "Koordinat_": 3.032246882, "Koordinat1": 101.4380926, "web_name": "SEKOLAH MENENGAH KEBANGSAAN LA SALLE", "web_code": "-", "web_type": "Tiada", "web_district": "Klang", "web_ppd": "PPD KLANG", "web_level": "Sekolah Menengah", "web_address": "-", "web_pbt": "MBDK" }, "geometry": { "type": "Point", "coordinates": [ 101.438092600000061, 3.032246882000038 ] } },
{ "type": "Feature", "properties": { "Nama_Sekol": "SEKOLAH MENENGAH KEBANGSAAN MERU", "PPD": "PPD KLANG", "PBT": "MBDK", "JenisWarta": "Tiada", "Tahap_Seko": "Sekolah Menengah", "Koordinat_": 3.139622, "Koordinat1": 101.439746, "web_name": "SEKOLAH MENENGAH KEBANGSAAN MERU", "web_code": "-", "web_type": "Tiada", "web_district": "Klang", "web_ppd": "PPD KLANG", "web_level": "Sekolah Menengah", "web_address": "-", "web_pbt": "MBDK" }, "geometry": { "type": "Point", "coordinates": [ 101.439746, 3.139622 ] } },
{ "type": "Feature", "properties": { "Nama_Sekol": "SEKOLAH MENENGAH KEBANGSAAN METHODIST (ACS)", "PPD": "PPD KLANG", "PBT": "MBDK", "JenisWarta": "Tiada", "Tahap_Seko": "Sekolah Menengah", "Koordinat_": 3.042699, "Koordinat1": 101.44047, "web_name": "SEKOLAH MENENGAH KEBANGSAAN METHODIST (ACS)", "web_code": "-", "web_type": "Tiada", "web_district": "Klang", "web_ppd": "PPD KLANG", "web_level": "Sekolah Menengah", "web_address": "-", "web_pbt": "MBDK" }, "geometry": { "type": "Point", "coordinates": [ 101.44047, 3.042699 ] } },
{ "type": "Feature", "properties": { "Nama_Sekol": "SEKOLAH MENENGAH KEBANGSAAN PENDAMARAN JAYA", "PPD": "PPD KLANG", "PBT": "MBDK", "JenisWarta": "Tiada", "Tahap_Seko": "Sekolah Menengah", "Koordinat_": 3.006166, "Koordinat1": 101.421225, "web_name": "SEKOLAH MENENGAH KEBANGSAAN PENDAMARAN JAYA", "web_code": "-", "web_type": "Tiada", "web_district": "Klang", "web_ppd": "PPD KLANG", "web_level": "Sekolah Menengah", "web_address": "-", "web_pbt": "MBDK" }, "geometry": { "type": "Point", "coordinates": [ 101.421225, 3.006166 ] } },
{ "type": "Feature", "properties": { "Nama_Sekol": "SEKOLAH MENENGAH KEBANGSAAN PULAU INDAH", "PPD": "PPD KLANG", "PBT": "MBDK", "JenisWarta": "TM_KPM", "Tahap_Seko": "Sekolah Menengah", "Koordinat_": 2.944102, "Koordinat1": 101.353846, "web_name": "SEKOLAH MENENGAH KEBANGSAAN PULAU INDAH", "web_code": "-", "web_type": "TM_KPM", "web_district": "Klang", "web_ppd": "PPD KLANG", "web_level": "Sekolah Menengah", "web_address": "-", "web_pbt": "MBDK" }, "geometry": { "type": "Point", "coordinates": [ 101.353846, 2.944102 ] } },
{ "type": "Feature", "properties": { "Nama_Sekol": "SEKOLAH MENENGAH KEBANGSAAN PULAU KETAM", "PPD": "PPD KLANG", "PBT": "MBDK", "JenisWarta": "Tiada", "Tahap_Seko": "Sekolah Menengah", "Koordinat_": 3.022638, "Koordinat1": 101.253705, "web_name": "SEKOLAH MENENGAH KEBANGSAAN PULAU KETAM", "web_code": "-", "web_type": "Tiada", "web_district": "Klang", "web_ppd": "PPD KLANG", "web_level": "Sekolah Menengah", "web_address": "-", "web_pbt": "MBDK" }, "geometry": { "type": "Point", "coordinates": [ 101.253705, 3.022638 ] } },
{ "type": "Feature", "properties": { "Nama_Sekol": "SEKOLAH MENENGAH KEBANGSAAN RAJA LUMU", "PPD": "PPD KLANG", "PBT": "MBDK", "JenisWarta": "Tiada", "Tahap_Seko": "Sekolah Menengah", "Koordinat_": 3.014409147, "Koordinat1": 101.4149305, "web_name": "SEKOLAH MENENGAH KEBANGSAAN RAJA LUMU", "web_code": "-", "web_type": "Tiada", "web_district": "Klang", "web_ppd": "PPD KLANG", "web_level": "Sekolah Menengah", "web_address": "-", "web_pbt": "MBDK" }, "geometry": { "type": "Point", "coordinates": [ 101.414930500000082, 3.014409147000038 ] } },
{ "type": "Feature", "properties": { "Nama_Sekol": "SEKOLAH MENENGAH KEBANGSAAN RAJA MAHADI", "PPD": "PPD KLANG", "PBT": "MBDK", "JenisWarta": "Tiada", "Tahap_Seko": "Sekolah Menengah", "Koordinat_": 3.010748, "Koordinat1": 101.447977, "web_name": "SEKOLAH MENENGAH KEBANGSAAN RAJA MAHADI", "web_code": "-", "web_type": "Tiada", "web_district": "Klang", "web_ppd": "PPD KLANG", "web_level": "Sekolah Menengah", "web_address": "-", "web_pbt": "MBDK" }, "geometry": { "type": "Point", "coordinates": [ 101.447977, 3.010748 ] } },
{ "type": "Feature", "properties": { "Nama_Sekol": "SEKOLAH MENENGAH KEBANGSAAN RANTAU PANJANG", "PPD": "PPD KLANG", "PBT": "MBDK", "JenisWarta": "TM_KPM", "Tahap_Seko": "Sekolah Menengah", "Koordinat_": 3.069369, "Koordinat1": 101.410335, "web_name": "SEKOLAH MENENGAH KEBANGSAAN RANTAU PANJANG", "web_code": "-", "web_type": "TM_KPM", "web_district": "Klang", "web_ppd": "PPD KLANG", "web_level": "Sekolah Menengah", "web_address": "-", "web_pbt": "MBDK" }, "geometry": { "type": "Point", "coordinates": [ 101.410335, 3.069369 ] } },
{ "type": "Feature", "properties": { "Nama_Sekol": "SEKOLAH MENENGAH KEBANGSAAN SHAHBANDARAYA", "PPD": "PPD KLANG", "PBT": "MBDK", "JenisWarta": "Tiada", "Tahap_Seko": "Sekolah Menengah", "Koordinat_": 3.024135, "Koordinat1": 101.464591, "web_name": "SEKOLAH MENENGAH KEBANGSAAN SHAHBANDARAYA", "web_code": "-", "web_type": "Tiada", "web_district": "Klang", "web_ppd": "PPD KLANG", "web_level": "Sekolah Menengah", "web_address": "-", "web_pbt": "MBDK" }, "geometry": { "type": "Point", "coordinates": [ 101.464591, 3.024135 ] } },
{ "type": "Feature", "properties": { "Nama_Sekol": "SEKOLAH MENENGAH KEBANGSAAN SRI ANDALAS", "PPD": "PPD KLANG", "PBT": "MBDK", "JenisWarta": "TM_KPM", "Tahap_Seko": "Sekolah Menengah", "Koordinat_": 3.019208, "Koordinat1": 101.451702, "web_name": "SEKOLAH MENENGAH KEBANGSAAN SRI ANDALAS", "web_code": "-", "web_type": "TM_KPM", "web_district": "Klang", "web_ppd": "PPD KLANG", "web_level": "Sekolah Menengah", "web_address": "-", "web_pbt": "MBDK" }, "geometry": { "type": "Point", "coordinates": [ 101.451702, 3.019208 ] } },
{ "type": "Feature", "properties": { "Nama_Sekol": "SEKOLAH MENENGAH KEBANGSAAN SULTAN ABDUL SAMAD", "PPD": "PPD KLANG", "PBT": "MBDK", "JenisWarta": "Tiada", "Tahap_Seko": "Sekolah Menengah", "Koordinat_": 3.045627, "Koordinat1": 101.458961, "web_name": "SEKOLAH MENENGAH KEBANGSAAN SULTAN ABDUL SAMAD", "web_code": "-", "web_type": "Tiada", "web_district": "Klang", "web_ppd": "PPD KLANG", "web_level": "Sekolah Menengah", "web_address": "-", "web_pbt": "MBDK" }, "geometry": { "type": "Point", "coordinates": [ 101.458961, 3.045627 ] } },
{ "type": "Feature", "properties": { "Nama_Sekol": "SEKOLAH MENENGAH KEBANGSAAN SUNGAI KAPAR INDAH", "PPD": "PPD KLANG", "PBT": "MBDK", "JenisWarta": "Tiada", "Tahap_Seko": "Sekolah Menengah", "Koordinat_": 3.098388, "Koordinat1": 101.375836, "web_name": "SEKOLAH MENENGAH KEBANGSAAN SUNGAI KAPAR INDAH", "web_code": "-", "web_type": "Tiada", "web_district": "Klang", "web_ppd": "PPD KLANG", "web_level": "Sekolah Menengah", "web_address": "-", "web_pbt": "MBDK" }, "geometry": { "type": "Point", "coordinates": [ 101.375836, 3.098388 ] } },
{ "type": "Feature", "properties": { "Nama_Sekol": "SEKOLAH MENENGAH KEBANGSAAN TAMAN KLANG UTAMA", "PPD": "PPD KLANG", "PBT": "MBDK", "JenisWarta": "TM_KPM", "Tahap_Seko": "Sekolah Menengah", "Koordinat_": 3.082934, "Koordinat1": 101.421703, "web_name": "SEKOLAH MENENGAH KEBANGSAAN TAMAN KLANG UTAMA", "web_code": "-", "web_type": "TM_KPM", "web_district": "Klang", "web_ppd": "PPD KLANG", "web_level": "Sekolah Menengah", "web_address": "-", "web_pbt": "MBDK" }, "geometry": { "type": "Point", "coordinates": [ 101.421703, 3.082934 ] } },
{ "type": "Feature", "properties": { "Nama_Sekol": "SEKOLAH MENENGAH KEBANGSAAN TELOK GADONG", "PPD": "PPD KLANG", "PBT": "MBDK", "JenisWarta": "TM_KPM", "Tahap_Seko": "Sekolah Menengah", "Koordinat_": 3.03937, "Koordinat1": 101.428614, "web_name": "SEKOLAH MENENGAH KEBANGSAAN TELOK GADONG", "web_code": "-", "web_type": "TM_KPM", "web_district": "Klang", "web_ppd": "PPD KLANG", "web_level": "Sekolah Menengah", "web_address": "-", "web_pbt": "MBDK" }, "geometry": { "type": "Point", "coordinates": [ 101.428614, 3.03937 ] } },
{ "type": "Feature", "properties": { "Nama_Sekol": "SEKOLAH MENENGAH KEBANGSAAN TENGKU AMPUAN JEMAAH", "PPD": "PPD KLANG", "PBT": "MBDK", "JenisWarta": "Tiada", "Tahap_Seko": "Sekolah Menengah", "Koordinat_": 3.006028, "Koordinat1": 101.406949, "web_name": "SEKOLAH MENENGAH KEBANGSAAN TENGKU AMPUAN JEMAAH", "web_code": "-", "web_type": "Tiada", "web_district": "Klang", "web_ppd": "PPD KLANG", "web_level": "Sekolah Menengah", "web_address": "-", "web_pbt": "MBDK" }, "geometry": { "type": "Point", "coordinates": [ 101.406949, 3.006028 ] } },
{ "type": "Feature", "properties": { "Nama_Sekol": "SEKOLAH MENENGAH KEBANGSAAN TENGKU AMPUAN RAHIMAH", "PPD": "PPD KLANG", "PBT": "MBDK", "JenisWarta": "Tiada", "Tahap_Seko": "Sekolah Menengah", "Koordinat_": 3.032388394, "Koordinat1": 101.4396027, "web_name": "SEKOLAH MENENGAH KEBANGSAAN TENGKU AMPUAN RAHIMAH", "web_code": "-", "web_type": "Tiada", "web_district": "Klang", "web_ppd": "PPD KLANG", "web_level": "Sekolah Menengah", "web_address": "-", "web_pbt": "MBDK" }, "geometry": { "type": "Point", "coordinates": [ 101.43960270000008, 3.032388394000066 ] } },
{ "type": "Feature", "properties": { "Nama_Sekol": "SEKOLAH MENENGAH KEBANGSAAN TENGKU IDRIS SHAH", "PPD": "PPD KLANG", "PBT": "MBDK", "JenisWarta": "W.S62", "Tahap_Seko": "Sekolah Menengah", "Koordinat_": 3.135741, "Koordinat1": 101.376806, "web_name": "SEKOLAH MENENGAH KEBANGSAAN TENGKU IDRIS SHAH", "web_code": "-", "web_type": "W.S62", "web_district": "Klang", "web_ppd": "PPD KLANG", "web_level": "Sekolah Menengah", "web_address": "-", "web_pbt": "MBDK" }, "geometry": { "type": "Point", "coordinates": [ 101.376806, 3.135741 ] } },
{ "type": "Feature", "properties": { "Nama_Sekol": "SEKOLAH MENENGAH KEBANGSAAN TINGGI KLANG", "PPD": "PPD KLANG", "PBT": "MBDK", "JenisWarta": "W.S62", "Tahap_Seko": "Sekolah Menengah", "Koordinat_": 3.054353, "Koordinat1": 101.449266, "web_name": "SEKOLAH MENENGAH KEBANGSAAN TINGGI KLANG", "web_code": "-", "web_type": "W.S62", "web_district": "Klang", "web_ppd": "PPD KLANG", "web_level": "Sekolah Menengah", "web_address": "-", "web_pbt": "MBDK" }, "geometry": { "type": "Point", "coordinates": [ 101.449266, 3.054353 ] } },
{ "type": "Feature", "properties": { "Nama_Sekol": "SEKOLAH JENIS KEBANGSAAN (CINA) CHAP KHUAN", "PPD": "PPD GOMBAK", "PBT": "MPS", "JenisWarta": "Tiada", "Tahap_Seko": "Sekolah Rendah", "Koordinat_": 3.313538, "Koordinat1": 101.470154, "web_name": "SEKOLAH JENIS KEBANGSAAN (CINA) CHAP KHUAN", "web_code": "-", "web_type": "Tiada", "web_district": "Gombak", "web_ppd": "PPD GOMBAK", "web_level": "Sekolah Rendah", "web_address": "-", "web_pbt": "MPS" }, "geometry": { "type": "Point", "coordinates": [ 101.470154, 3.313538 ] } },
{ "type": "Feature", "properties": { "Nama_Sekol": "SEKOLAH JENIS KEBANGSAAN (CINA) DESA JAYA", "PPD": "PPD GOMBAK", "PBT": "MPS", "JenisWarta": "Tiada", "Tahap_Seko": "Sekolah Rendah", "Koordinat_": 3.216628, "Koordinat1": 101.625497, "web_name": "SEKOLAH JENIS KEBANGSAAN (CINA) DESA JAYA", "web_code": "-", "web_type": "Tiada", "web_district": "Gombak", "web_ppd": "PPD GOMBAK", "web_level": "Sekolah Rendah", "web_address": "-", "web_pbt": "MPS" }, "geometry": { "type": "Point", "coordinates": [ 101.625497, 3.216628 ] } },
{ "type": "Feature", "properties": { "Nama_Sekol": "SEKOLAH JENIS KEBANGSAAN (CINA) KHEOW BIN", "PPD": "PPD GOMBAK", "PBT": "MPS", "JenisWarta": "Tiada", "Tahap_Seko": "Sekolah Rendah", "Koordinat_": 3.232876, "Koordinat1": 101.673989, "web_name": "SEKOLAH JENIS KEBANGSAAN (CINA) KHEOW BIN", "web_code": "-", "web_type": "Tiada", "web_district": "Gombak", "web_ppd": "PPD GOMBAK", "web_level": "Sekolah Rendah", "web_address": "-", "web_pbt": "MPS" }, "geometry": { "type": "Point", "coordinates": [ 101.673989, 3.232876 ] } },
{ "type": "Feature", "properties": { "Nama_Sekol": "SEKOLAH JENIS KEBANGSAAN (CINA) KOTA EMERALD", "PPD": "PPD GOMBAK", "PBT": "MPS", "JenisWarta": "Tiada", "Tahap_Seko": "Sekolah Rendah", "Koordinat_": 3.315934, "Koordinat1": 101.559919, "web_name": "SEKOLAH JENIS KEBANGSAAN (CINA) KOTA EMERALD", "web_code": "-", "web_type": "Tiada", "web_district": "Gombak", "web_ppd": "PPD GOMBAK", "web_level": "Sekolah Rendah", "web_address": "-", "web_pbt": "MPS" }, "geometry": { "type": "Point", "coordinates": [ 101.559919, 3.315934 ] } },
{ "type": "Feature", "properties": { "Nama_Sekol": "SEKOLAH JENIS KEBANGSAAN (CINA) KUANG", "PPD": "PPD GOMBAK", "PBT": "MPS", "JenisWarta": "W.S62", "Tahap_Seko": "Sekolah Rendah", "Koordinat_": 3.255637, "Koordinat1": 101.554096, "web_name": "SEKOLAH JENIS KEBANGSAAN (CINA) KUANG", "web_code": "-", "web_type": "W.S62", "web_district": "Gombak", "web_ppd": "PPD GOMBAK", "web_level": "Sekolah Rendah", "web_address": "-", "web_pbt": "MPS" }, "geometry": { "type": "Point", "coordinates": [ 101.554096, 3.255637 ] } },
{ "type": "Feature", "properties": { "Nama_Sekol": "SEKOLAH JENIS KEBANGSAAN (CINA) KUNDANG", "PPD": "PPD GOMBAK", "PBT": "MPS", "JenisWarta": "Tiada", "Tahap_Seko": "Sekolah Rendah", "Koordinat_": 3.277335, "Koordinat1": 101.511598, "web_name": "SEKOLAH JENIS KEBANGSAAN (CINA) KUNDANG", "web_code": "-", "web_type": "Tiada", "web_district": "Gombak", "web_ppd": "PPD GOMBAK", "web_level": "Sekolah Rendah", "web_address": "-", "web_pbt": "MPS" }, "geometry": { "type": "Point", "coordinates": [ 101.511598, 3.277335 ] } },
{ "type": "Feature", "properties": { "Nama_Sekol": "SEKOLAH JENIS KEBANGSAAN (CINA) SAN YUK", "PPD": "PPD GOMBAK", "PBT": "MPS", "JenisWarta": "Tiada", "Tahap_Seko": "Sekolah Rendah", "Koordinat_": 3.318999, "Koordinat1": 101.582329, "web_name": "SEKOLAH JENIS KEBANGSAAN (CINA) SAN YUK", "web_code": "-", "web_type": "Tiada", "web_district": "Gombak", "web_ppd": "PPD GOMBAK", "web_level": "Sekolah Rendah", "web_address": "-", "web_pbt": "MPS" }, "geometry": { "type": "Point", "coordinates": [ 101.582329, 3.318999 ] } },
{ "type": "Feature", "properties": { "Nama_Sekol": "SEKOLAH JENIS KEBANGSAAN (CINA) SELAYANG BARU", "PPD": "PPD GOMBAK", "PBT": "MPS", "JenisWarta": "Tiada", "Tahap_Seko": "Sekolah Rendah", "Koordinat_": 3.254526, "Koordinat1": 101.667343, "web_name": "SEKOLAH JENIS KEBANGSAAN (CINA) SELAYANG BARU", "web_code": "-", "web_type": "Tiada", "web_district": "Gombak", "web_ppd": "PPD GOMBAK", "web_level": "Sekolah Rendah", "web_address": "-", "web_pbt": "MPS" }, "geometry": { "type": "Point", "coordinates": [ 101.667343, 3.254526 ] } },
{ "type": "Feature", "properties": { "Nama_Sekol": "SEKOLAH JENIS KEBANGSAAN (TAMIL) BATU ARANG", "PPD": "PPD GOMBAK", "PBT": "MPS", "JenisWarta": "Tiada", "Tahap_Seko": "Sekolah Rendah", "Koordinat_": 3.310331, "Koordinat1": 101.473002, "web_name": "SEKOLAH JENIS KEBANGSAAN (TAMIL) BATU ARANG", "web_code": "-", "web_type": "Tiada", "web_district": "Gombak", "web_ppd": "PPD GOMBAK", "web_level": "Sekolah Rendah", "web_address": "-", "web_pbt": "MPS" }, "geometry": { "type": "Point", "coordinates": [ 101.473002, 3.310331 ] } },
{ "type": "Feature", "properties": { "Nama_Sekol": "SEKOLAH JENIS KEBANGSAAN (TAMIL) BATU CAVES", "PPD": "PPD GOMBAK", "PBT": "MPS", "JenisWarta": "Tiada", "Tahap_Seko": "Sekolah Rendah", "Koordinat_": 3.236693, "Koordinat1": 101.681689, "web_name": "SEKOLAH JENIS KEBANGSAAN (TAMIL) BATU CAVES", "web_code": "-", "web_type": "Tiada", "web_district": "Gombak", "web_ppd": "PPD GOMBAK", "web_level": "Sekolah Rendah", "web_address": "-", "web_pbt": "MPS" }, "geometry": { "type": "Point", "coordinates": [ 101.681689, 3.236693 ] } },
{ "type": "Feature", "properties": { "Nama_Sekol": "SEKOLAH JENIS KEBANGSAAN (TAMIL) BUKIT DARAH", "PPD": "PPD GOMBAK", "PBT": "MPS", "JenisWarta": "Tiada", "Tahap_Seko": "Sekolah Rendah", "Koordinat_": 3.2203, "Koordinat1": 101.503539, "web_name": "SEKOLAH JENIS KEBANGSAAN (TAMIL) BUKIT DARAH", "web_code": "-", "web_type": "Tiada", "web_district": "Gombak", "web_ppd": "PPD GOMBAK", "web_level": "Sekolah Rendah", "web_address": "-", "web_pbt": "MPS" }, "geometry": { "type": "Point", "coordinates": [ 101.503539, 3.2203 ] } },
{ "type": "Feature", "properties": { "Nama_Sekol": "SEKOLAH JENIS KEBANGSAAN (TAMIL) KUANG", "PPD": "PPD GOMBAK", "PBT": "MPS", "JenisWarta": "Tiada", "Tahap_Seko": "Sekolah Rendah", "Koordinat_": 3.260937489, "Koordinat1": 101.5527007, "web_name": "SEKOLAH JENIS KEBANGSAAN (TAMIL) KUANG", "web_code": "-", "web_type": "Tiada", "web_district": "Gombak", "web_ppd": "PPD GOMBAK", "web_level": "Sekolah Rendah", "web_address": "-", "web_pbt": "MPS" }, "geometry": { "type": "Point", "coordinates": [ 101.552700700000059, 3.260937489000071 ] } },
{ "type": "Feature", "properties": { "Nama_Sekol": "SEKOLAH JENIS KEBANGSAAN (TAMIL) RAWANG", "PPD": "PPD GOMBAK", "PBT": "MPS", "JenisWarta": "TM_KPM", "Tahap_Seko": "Sekolah Rendah", "Koordinat_": 3.317355205, "Koordinat1": 101.5689045, "web_name": "SEKOLAH JENIS KEBANGSAAN (TAMIL) RAWANG", "web_code": "-", "web_type": "TM_KPM", "web_district": "Gombak", "web_ppd": "PPD GOMBAK", "web_level": "Sekolah Rendah", "web_address": "-", "web_pbt": "MPS" }, "geometry": { "type": "Point", "coordinates": [ 101.568904500000087, 3.317355205000069 ] } },
{ "type": "Feature", "properties": { "Nama_Sekol": "SEKOLAH JENIS KEBANGSAAN (TAMIL) SARASWATHY", "PPD": "PPD GOMBAK", "PBT": "MBSA", "JenisWarta": "Tiada", "Tahap_Seko": "Sekolah Rendah", "Koordinat_": 3.208286, "Koordinat1": 101.577083, "web_name": "SEKOLAH JENIS KEBANGSAAN (TAMIL) SARASWATHY", "web_code": "-", "web_type": "Tiada", "web_district": "Gombak", "web_ppd": "PPD GOMBAK", "web_level": "Sekolah Rendah", "web_address": "-", "web_pbt": "MBSA" }, "geometry": { "type": "Point", "coordinates": [ 101.577083, 3.208286 ] } },
{ "type": "Feature", "properties": { "Nama_Sekol": "SEKOLAH JENIS KEBANGSAAN (TAMIL) TAMAN MELAWATI", "PPD": "PPD GOMBAK", "PBT": "MPAJ", "JenisWarta": "TM_KPM", "Tahap_Seko": "Sekolah Rendah", "Koordinat_": 3.216669, "Koordinat1": 101.750015, "web_name": "SEKOLAH JENIS KEBANGSAAN (TAMIL) TAMAN MELAWATI", "web_code": "-", "web_type": "TM_KPM", "web_district": "Gombak", "web_ppd": "PPD GOMBAK", "web_level": "Sekolah Rendah", "web_address": "-", "web_pbt": "MPAJ" }, "geometry": { "type": "Point", "coordinates": [ 101.750015, 3.216669 ] } },
{ "type": "Feature", "properties": { "Nama_Sekol": "SEKOLAH KEBANGSAAN (1) GOMBAK", "PPD": "PPD GOMBAK", "PBT": "MPS", "JenisWarta": "TM_KPM", "Tahap_Seko": "Sekolah Rendah", "Koordinat_": 3.215656682, "Koordinat1": 101.7110829, "web_name": "SEKOLAH KEBANGSAAN (1) GOMBAK", "web_code": "-", "web_type": "TM_KPM", "web_district": "Gombak", "web_ppd": "PPD GOMBAK", "web_level": "Sekolah Rendah", "web_address": "-", "web_pbt": "MPS" }, "geometry": { "type": "Point", "coordinates": [ 101.711082900000065, 3.215656682000031 ] } },
{ "type": "Feature", "properties": { "Nama_Sekol": "SEKOLAH KEBANGSAAN (1) KUALA AMPANG", "PPD": "PPD GOMBAK", "PBT": "MPAJ", "JenisWarta": "TM_KPM", "Tahap_Seko": "Sekolah Rendah", "Koordinat_": 3.165503, "Koordinat1": 101.748323, "web_name": "SEKOLAH KEBANGSAAN (1) KUALA AMPANG", "web_code": "-", "web_type": "TM_KPM", "web_district": "Gombak", "web_ppd": "PPD GOMBAK", "web_level": "Sekolah Rendah", "web_address": "-", "web_pbt": "MPAJ" }, "geometry": { "type": "Point", "coordinates": [ 101.748323, 3.165503 ] } },
{ "type": "Feature", "properties": { "Nama_Sekol": "SEKOLAH KEBANGSAAN (1) SELAYANG BARU", "PPD": "PPD GOMBAK", "PBT": "MPS", "JenisWarta": "TM_KPM", "Tahap_Seko": "Sekolah Rendah", "Koordinat_": 3.254341, "Koordinat1": 101.6661368, "web_name": "SEKOLAH KEBANGSAAN (1) SELAYANG BARU", "web_code": "-", "web_type": "TM_KPM", "web_district": "Gombak", "web_ppd": "PPD GOMBAK", "web_level": "Sekolah Rendah", "web_address": "-", "web_pbt": "MPS" }, "geometry": { "type": "Point", "coordinates": [ 101.666136800000061, 3.254341 ] } },
{ "type": "Feature", "properties": { "Nama_Sekol": "SEKOLAH KEBANGSAAN (1) TAMAN SELAYANG", "PPD": "PPD GOMBAK", "PBT": "MPS", "JenisWarta": "TM_KPM", "Tahap_Seko": "Sekolah Rendah", "Koordinat_": 3.240636, "Koordinat1": 101.672831, "web_name": "SEKOLAH KEBANGSAAN (1) TAMAN SELAYANG", "web_code": "-", "web_type": "TM_KPM", "web_district": "Gombak", "web_ppd": "PPD GOMBAK", "web_level": "Sekolah Rendah", "web_address": "-", "web_pbt": "MPS" }, "geometry": { "type": "Point", "coordinates": [ 101.672831, 3.240636 ] } },
{ "type": "Feature", "properties": { "Nama_Sekol": "SEKOLAH KEBANGSAAN (2) GOMBAK", "PPD": "PPD GOMBAK", "PBT": "MPS", "JenisWarta": "TM_KPM", "Tahap_Seko": "Sekolah Rendah", "Koordinat_": 3.21552873, "Koordinat1": 101.7117949, "web_name": "SEKOLAH KEBANGSAAN (2) GOMBAK", "web_code": "-", "web_type": "TM_KPM", "web_district": "Gombak", "web_ppd": "PPD GOMBAK", "web_level": "Sekolah Rendah", "web_address": "-", "web_pbt": "MPS" }, "geometry": { "type": "Point", "coordinates": [ 101.711794900000086, 3.215528730000074 ] } },
{ "type": "Feature", "properties": { "Nama_Sekol": "SEKOLAH KEBANGSAAN (2) KUALA AMPANG", "PPD": "PPD GOMBAK", "PBT": "MPAJ", "JenisWarta": "TM_KPM", "Tahap_Seko": "Sekolah Rendah", "Koordinat_": 3.164451926, "Koordinat1": 101.7400296, "web_name": "SEKOLAH KEBANGSAAN (2) KUALA AMPANG", "web_code": "-", "web_type": "TM_KPM", "web_district": "Gombak", "web_ppd": "PPD GOMBAK", "web_level": "Sekolah Rendah", "web_address": "-", "web_pbt": "MPAJ" }, "geometry": { "type": "Point", "coordinates": [ 101.740029600000071, 3.164451926000027 ] } },
{ "type": "Feature", "properties": { "Nama_Sekol": "SEKOLAH KEBANGSAAN (2) TAMAN KERAMAT", "PPD": "PPD GOMBAK", "PBT": "MPAJ", "JenisWarta": "Tiada", "Tahap_Seko": "Sekolah Rendah", "Koordinat_": 3.169960835, "Koordinat1": 101.7425782, "web_name": "SEKOLAH KEBANGSAAN (2) TAMAN KERAMAT", "web_code": "-", "web_type": "Tiada", "web_district": "Gombak", "web_ppd": "PPD GOMBAK", "web_level": "Sekolah Rendah", "web_address": "-", "web_pbt": "MPAJ" }, "geometry": { "type": "Point", "coordinates": [ 101.742578200000082, 3.16996083500004 ] } },
{ "type": "Feature", "properties": { "Nama_Sekol": "SEKOLAH KEBANGSAAN (2) TAMAN SELAYANG", "PPD": "PPD GOMBAK", "PBT": "MPS", "JenisWarta": "TM_KPM", "Tahap_Seko": "Sekolah Rendah", "Koordinat_": 3.241291, "Koordinat1": 101.672691, "web_name": "SEKOLAH KEBANGSAAN (2) TAMAN SELAYANG", "web_code": "-", "web_type": "TM_KPM", "web_district": "Gombak", "web_ppd": "PPD GOMBAK", "web_level": "Sekolah Rendah", "web_address": "-", "web_pbt": "MPS" }, "geometry": { "type": "Point", "coordinates": [ 101.672691, 3.241291 ] } },
{ "type": "Feature", "properties": { "Nama_Sekol": "SEKOLAH KEBANGSAAN BANDAR BARU RAWANG", "PPD": "PPD GOMBAK", "PBT": "MPS", "JenisWarta": "TM_KPM", "Tahap_Seko": "Sekolah Rendah", "Koordinat_": 3.294173, "Koordinat1": 101.551663, "web_name": "SEKOLAH KEBANGSAAN BANDAR BARU RAWANG", "web_code": "-", "web_type": "TM_KPM", "web_district": "Gombak", "web_ppd": "PPD GOMBAK", "web_level": "Sekolah Rendah", "web_address": "-", "web_pbt": "MPS" }, "geometry": { "type": "Point", "coordinates": [ 101.551663, 3.294173 ] } },
{ "type": "Feature", "properties": { "Nama_Sekol": "SEKOLAH KEBANGSAAN BANDAR BARU SELAYANG", "PPD": "PPD GOMBAK", "PBT": "MPS", "JenisWarta": "Tiada", "Tahap_Seko": "Sekolah Rendah", "Koordinat_": 3.25403, "Koordinat1": 101.646487, "web_name": "SEKOLAH KEBANGSAAN BANDAR BARU SELAYANG", "web_code": "-", "web_type": "Tiada", "web_district": "Gombak", "web_ppd": "PPD GOMBAK", "web_level": "Sekolah Rendah", "web_address": "-", "web_pbt": "MPS" }, "geometry": { "type": "Point", "coordinates": [ 101.646487, 3.25403 ] } },
{ "type": "Feature", "properties": { "Nama_Sekol": "SEKOLAH KEBANGSAAN BANDAR BARU SELAYANG (2)", "PPD": "PPD GOMBAK", "PBT": "MPS", "JenisWarta": "TM_KPM", "Tahap_Seko": "Sekolah Rendah", "Koordinat_": 3.259755, "Koordinat1": 101.661988, "web_name": "SEKOLAH KEBANGSAAN BANDAR BARU SELAYANG (2)", "web_code": "-", "web_type": "TM_KPM", "web_district": "Gombak", "web_ppd": "PPD GOMBAK", "web_level": "Sekolah Rendah", "web_address": "-", "web_pbt": "MPS" }, "geometry": { "type": "Point", "coordinates": [ 101.661988, 3.259755 ] } },
{ "type": "Feature", "properties": { "Nama_Sekol": "SEKOLAH KEBANGSAAN BANDAR BARU SUNGAI BULOH", "PPD": "PPD GOMBAK", "PBT": "MBSA", "JenisWarta": "Tiada", "Tahap_Seko": "Sekolah Rendah", "Koordinat_": 3.208375, "Koordinat1": 101.562752, "web_name": "SEKOLAH KEBANGSAAN BANDAR BARU SUNGAI BULOH", "web_code": "-", "web_type": "Tiada", "web_district": "Gombak", "web_ppd": "PPD GOMBAK", "web_level": "Sekolah Rendah", "web_address": "-", "web_pbt": "MBSA" }, "geometry": { "type": "Point", "coordinates": [ 101.562752, 3.208375 ] } },
{ "type": "Feature", "properties": { "Nama_Sekol": "SEKOLAH KEBANGSAAN BANDAR TASIK PUTERI", "PPD": "PPD GOMBAK", "PBT": "MPS", "JenisWarta": "TM_KPM", "Tahap_Seko": "Sekolah Rendah", "Koordinat_": 3.286213, "Koordinat1": 101.474584, "web_name": "SEKOLAH KEBANGSAAN BANDAR TASIK PUTERI", "web_code": "-", "web_type": "TM_KPM", "web_district": "Gombak", "web_ppd": "PPD GOMBAK", "web_level": "Sekolah Rendah", "web_address": "-", "web_pbt": "MPS" }, "geometry": { "type": "Point", "coordinates": [ 101.474584, 3.286213 ] } },
{ "type": "Feature", "properties": { "Nama_Sekol": "SEKOLAH KEBANGSAAN BATU ARANG", "PPD": "PPD GOMBAK", "PBT": "MPS", "JenisWarta": "Tiada", "Tahap_Seko": "Sekolah Rendah", "Koordinat_": 3.321803, "Koordinat1": 101.470839, "web_name": "SEKOLAH KEBANGSAAN BATU ARANG", "web_code": "-", "web_type": "Tiada", "web_district": "Gombak", "web_ppd": "PPD GOMBAK", "web_level": "Sekolah Rendah", "web_address": "-", "web_pbt": "MPS" }, "geometry": { "type": "Point", "coordinates": [ 101.470839, 3.321803 ] } },
{ "type": "Feature", "properties": { "Nama_Sekol": "SEKOLAH KEBANGSAAN BUKIT RAHMAN PUTRA", "PPD": "PPD GOMBAK", "PBT": "MPS", "JenisWarta": "TM_KPM", "Tahap_Seko": "Sekolah Rendah", "Koordinat_": 3.227223, "Koordinat1": 101.552493, "web_name": "SEKOLAH KEBANGSAAN BUKIT RAHMAN PUTRA", "web_code": "-", "web_type": "TM_KPM", "web_district": "Gombak", "web_ppd": "PPD GOMBAK", "web_level": "Sekolah Rendah", "web_address": "-", "web_pbt": "MPS" }, "geometry": { "type": "Point", "coordinates": [ 101.552493, 3.227223 ] } },
{ "type": "Feature", "properties": { "Nama_Sekol": "SEKOLAH KEBANGSAAN BUKIT RAWANG JAYA", "PPD": "PPD GOMBAK", "PBT": "MPS", "JenisWarta": "TM_KPM", "Tahap_Seko": "Sekolah Rendah", "Koordinat_": 3.335702, "Koordinat1": 101.582109, "web_name": "SEKOLAH KEBANGSAAN BUKIT RAWANG JAYA", "web_code": "-", "web_type": "TM_KPM", "web_district": "Gombak", "web_ppd": "PPD GOMBAK", "web_level": "Sekolah Rendah", "web_address": "-", "web_pbt": "MPS" }, "geometry": { "type": "Point", "coordinates": [ 101.582109, 3.335702 ] } },
{ "type": "Feature", "properties": { "Nama_Sekol": "SEKOLAH KEBANGSAAN DESA AMANPURI", "PPD": "PPD GOMBAK", "PBT": "MPS", "JenisWarta": "Tiada", "Tahap_Seko": "Sekolah Rendah", "Koordinat_": 3.217621, "Koordinat1": 101.614605, "web_name": "SEKOLAH KEBANGSAAN DESA AMANPURI", "web_code": "-", "web_type": "Tiada", "web_district": "Gombak", "web_ppd": "PPD GOMBAK", "web_level": "Sekolah Rendah", "web_address": "-", "web_pbt": "MPS" }, "geometry": { "type": "Point", "coordinates": [ 101.614605, 3.217621 ] } },
{ "type": "Feature", "properties": { "Nama_Sekol": "SEKOLAH KEBANGSAAN GOMBAK SETIA", "PPD": "PPD GOMBAK", "PBT": "MPS", "JenisWarta": "Tiada", "Tahap_Seko": "Sekolah Rendah", "Koordinat_": 3.218685, "Koordinat1": 101.715563, "web_name": "SEKOLAH KEBANGSAAN GOMBAK SETIA", "web_code": "-", "web_type": "Tiada", "web_district": "Gombak", "web_ppd": "PPD GOMBAK", "web_level": "Sekolah Rendah", "web_address": "-", "web_pbt": "MPS" }, "geometry": { "type": "Point", "coordinates": [ 101.715563, 3.218685 ] } },
{ "type": "Feature", "properties": { "Nama_Sekol": "SEKOLAH KEBANGSAAN GOMBAK UTARA", "PPD": "PPD GOMBAK", "PBT": "MPS", "JenisWarta": "W.S62", "Tahap_Seko": "Sekolah Rendah", "Koordinat_": 3.239002, "Koordinat1": 101.714986, "web_name": "SEKOLAH KEBANGSAAN GOMBAK UTARA", "web_code": "-", "web_type": "W.S62", "web_district": "Gombak", "web_ppd": "PPD GOMBAK", "web_level": "Sekolah Rendah", "web_address": "-", "web_pbt": "MPS" }, "geometry": { "type": "Point", "coordinates": [ 101.714986, 3.239002 ] } },
{ "type": "Feature", "properties": { "Nama_Sekol": "SEKOLAH KEBANGSAAN HULU KELANG", "PPD": "PPD GOMBAK", "PBT": "MPAJ", "JenisWarta": "W.S62", "Tahap_Seko": "Sekolah Rendah", "Koordinat_": 3.19917, "Koordinat1": 101.760817, "web_name": "SEKOLAH KEBANGSAAN HULU KELANG", "web_code": "-", "web_type": "W.S62", "web_district": "Gombak", "web_ppd": "PPD GOMBAK", "web_level": "Sekolah Rendah", "web_address": "-", "web_pbt": "MPAJ" }, "geometry": { "type": "Point", "coordinates": [ 101.760817, 3.19917 ] } },
{ "type": "Feature", "properties": { "Nama_Sekol": "SEKOLAH KEBANGSAAN KEPONG", "PPD": "PPD GOMBAK", "PBT": "MPS", "JenisWarta": "Tiada", "Tahap_Seko": "Sekolah Rendah", "Koordinat_": 3.231222311, "Koordinat1": 101.6348939, "web_name": "SEKOLAH KEBANGSAAN KEPONG", "web_code": "-", "web_type": "Tiada", "web_district": "Gombak", "web_ppd": "PPD GOMBAK", "web_level": "Sekolah Rendah", "web_address": "-", "web_pbt": "MPS" }, "geometry": { "type": "Point", "coordinates": [ 101.634893900000066, 3.231222311000067 ] } },
{ "type": "Feature", "properties": { "Nama_Sekol": "SEKOLAH KEBANGSAAN KLANG GATE", "PPD": "PPD GOMBAK", "PBT": "MPAJ", "JenisWarta": "Tiada", "Tahap_Seko": "Sekolah Rendah", "Koordinat_": 3.216048, "Koordinat1": 101.740407, "web_name": "SEKOLAH KEBANGSAAN KLANG GATE", "web_code": "-", "web_type": "Tiada", "web_district": "Gombak", "web_ppd": "PPD GOMBAK", "web_level": "Sekolah Rendah", "web_address": "-", "web_pbt": "MPAJ" }, "geometry": { "type": "Point", "coordinates": [ 101.740407, 3.216048 ] } },
{ "type": "Feature", "properties": { "Nama_Sekol": "SEKOLAH KEBANGSAAN KUANG", "PPD": "PPD GOMBAK", "PBT": "MPS", "JenisWarta": "W.S62", "Tahap_Seko": "Sekolah Rendah", "Koordinat_": 3.229848, "Koordinat1": 101.535407, "web_name": "SEKOLAH KEBANGSAAN KUANG", "web_code": "-", "web_type": "W.S62", "web_district": "Gombak", "web_ppd": "PPD GOMBAK", "web_level": "Sekolah Rendah", "web_address": "-", "web_pbt": "MPS" }, "geometry": { "type": "Point", "coordinates": [ 101.535407, 3.229848 ] } },
{ "type": "Feature", "properties": { "Nama_Sekol": "SEKOLAH KEBANGSAAN LEMBAH KERAMAT", "PPD": "PPD GOMBAK", "PBT": "MPAJ", "JenisWarta": "Tiada", "Tahap_Seko": "Sekolah Rendah", "Koordinat_": 3.20204, "Koordinat1": 101.757718, "web_name": "SEKOLAH KEBANGSAAN LEMBAH KERAMAT", "web_code": "-", "web_type": "Tiada", "web_district": "Gombak", "web_ppd": "PPD GOMBAK", "web_level": "Sekolah Rendah", "web_address": "-", "web_pbt": "MPAJ" }, "geometry": { "type": "Point", "coordinates": [ 101.757718, 3.20204 ] } },
{ "type": "Feature", "properties": { "Nama_Sekol": "SEKOLAH KEBANGSAAN MERBAU SEMPAK", "PPD": "PPD GOMBAK", "PBT": "MBSA", "JenisWarta": "Tiada", "Tahap_Seko": "Sekolah Rendah", "Koordinat_": 3.217657188, "Koordinat1": 101.512497, "web_name": "SEKOLAH KEBANGSAAN MERBAU SEMPAK", "web_code": "-", "web_type": "Tiada", "web_district": "Gombak", "web_ppd": "PPD GOMBAK", "web_level": "Sekolah Rendah", "web_address": "-", "web_pbt": "MBSA" }, "geometry": { "type": "Point", "coordinates": [ 101.512497, 3.217657188000032 ] } },
{ "type": "Feature", "properties": { "Nama_Sekol": "SEKOLAH KEBANGSAAN RAWANG", "PPD": "PPD GOMBAK", "PBT": "MPS", "JenisWarta": "W.S62", "Tahap_Seko": "Sekolah Rendah", "Koordinat_": 3.316964, "Koordinat1": 101.56973, "web_name": "SEKOLAH KEBANGSAAN RAWANG", "web_code": "-", "web_type": "W.S62", "web_district": "Gombak", "web_ppd": "PPD GOMBAK", "web_level": "Sekolah Rendah", "web_address": "-", "web_pbt": "MPS" }, "geometry": { "type": "Point", "coordinates": [ 101.56973, 3.316964 ] } },
{ "type": "Feature", "properties": { "Nama_Sekol": "SEKOLAH KEBANGSAAN SELAYANG BARU (2)", "PPD": "PPD GOMBAK", "PBT": "MPS", "JenisWarta": "TM_KPM", "Tahap_Seko": "Sekolah Rendah", "Koordinat_": 3.25375033, "Koordinat1": 101.6661771, "web_name": "SEKOLAH KEBANGSAAN SELAYANG BARU (2)", "web_code": "-", "web_type": "TM_KPM", "web_district": "Gombak", "web_ppd": "PPD GOMBAK", "web_level": "Sekolah Rendah", "web_address": "-", "web_pbt": "MPS" }, "geometry": { "type": "Point", "coordinates": [ 101.666177100000084, 3.253750330000059 ] } },
{ "type": "Feature", "properties": { "Nama_Sekol": "SEKOLAH KEBANGSAAN SELAYANG JAYA", "PPD": "PPD GOMBAK", "PBT": "MPS", "JenisWarta": "TM_KPM", "Tahap_Seko": "Sekolah Rendah", "Koordinat_": 3.237641, "Koordinat1": 101.648749, "web_name": "SEKOLAH KEBANGSAAN SELAYANG JAYA", "web_code": "-", "web_type": "TM_KPM", "web_district": "Gombak", "web_ppd": "PPD GOMBAK", "web_level": "Sekolah Rendah", "web_address": "-", "web_pbt": "MPS" }, "geometry": { "type": "Point", "coordinates": [ 101.648749, 3.237641 ] } },
{ "type": "Feature", "properties": { "Nama_Sekol": "SEKOLAH KEBANGSAAN SELAYANG UTAMA", "PPD": "PPD GOMBAK", "PBT": "MPS", "JenisWarta": "Tiada", "Tahap_Seko": "Sekolah Rendah", "Koordinat_": 3.236675, "Koordinat1": 101.641142, "web_name": "SEKOLAH KEBANGSAAN SELAYANG UTAMA", "web_code": "-", "web_type": "Tiada", "web_district": "Gombak", "web_ppd": "PPD GOMBAK", "web_level": "Sekolah Rendah", "web_address": "-", "web_pbt": "MPS" }, "geometry": { "type": "Point", "coordinates": [ 101.641142, 3.236675 ] } },
{ "type": "Feature", "properties": { "Nama_Sekol": "SEKOLAH KEBANGSAAN SERI KUNDANG", "PPD": "PPD GOMBAK", "PBT": "MPS", "JenisWarta": "TM_KPM", "Tahap_Seko": "Sekolah Rendah", "Koordinat_": 3.256113, "Koordinat1": 101.521383, "web_name": "SEKOLAH KEBANGSAAN SERI KUNDANG", "web_code": "-", "web_type": "TM_KPM", "web_district": "Gombak", "web_ppd": "PPD GOMBAK", "web_level": "Sekolah Rendah", "web_address": "-", "web_pbt": "MPS" }, "geometry": { "type": "Point", "coordinates": [ 101.521383, 3.256113 ] } },
{ "type": "Feature", "properties": { "Nama_Sekol": "SEKOLAH KEBANGSAAN SG BULUH", "PPD": "PPD GOMBAK", "PBT": "MPS", "JenisWarta": "Tiada", "Tahap_Seko": "Sekolah Rendah", "Koordinat_": 3.215404, "Koordinat1": 101.5787, "web_name": "SEKOLAH KEBANGSAAN SG BULUH", "web_code": "-", "web_type": "Tiada", "web_district": "Gombak", "web_ppd": "PPD GOMBAK", "web_level": "Sekolah Rendah", "web_address": "-", "web_pbt": "MPS" }, "geometry": { "type": "Point", "coordinates": [ 101.5787, 3.215404 ] } },
{ "type": "Feature", "properties": { "Nama_Sekol": "SEKOLAH KEBANGSAAN SG PELONG", "PPD": "PPD GOMBAK", "PBT": "MBSA", "JenisWarta": "SUKSel", "Tahap_Seko": "Sekolah Rendah", "Koordinat_": 3.208635, "Koordinat1": 101.541153, "web_name": "SEKOLAH KEBANGSAAN SG PELONG", "web_code": "-", "web_type": "SUKSel", "web_district": "Gombak", "web_ppd": "PPD GOMBAK", "web_level": "Sekolah Rendah", "web_address": "-", "web_pbt": "MBSA" }, "geometry": { "type": "Point", "coordinates": [ 101.541153, 3.208635 ] } },
{ "type": "Feature", "properties": { "Nama_Sekol": "SEKOLAH KEBANGSAAN SG SERAI", "PPD": "PPD GOMBAK", "PBT": "MPS", "JenisWarta": "Tiada", "Tahap_Seko": "Sekolah Rendah", "Koordinat_": 3.281313, "Koordinat1": 101.547417, "web_name": "SEKOLAH KEBANGSAAN SG SERAI", "web_code": "-", "web_type": "Tiada", "web_district": "Gombak", "web_ppd": "PPD GOMBAK", "web_level": "Sekolah Rendah", "web_address": "-", "web_pbt": "MPS" }, "geometry": { "type": "Point", "coordinates": [ 101.547417, 3.281313 ] } },
{ "type": "Feature", "properties": { "Nama_Sekol": "SEKOLAH KEBANGSAAN SG TUA BAHARU", "PPD": "PPD GOMBAK", "PBT": "MPS", "JenisWarta": "TM_KPM", "Tahap_Seko": "Sekolah Rendah", "Koordinat_": 3.254994, "Koordinat1": 101.674141, "web_name": "SEKOLAH KEBANGSAAN SG TUA BAHARU", "web_code": "-", "web_type": "TM_KPM", "web_district": "Gombak", "web_ppd": "PPD GOMBAK", "web_level": "Sekolah Rendah", "web_address": "-", "web_pbt": "MPS" }, "geometry": { "type": "Point", "coordinates": [ 101.674141, 3.254994 ] } },
{ "type": "Feature", "properties": { "Nama_Sekol": "SEKOLAH KEBANGSAAN SINARAN BUDI", "PPD": "PPD GOMBAK", "PBT": "MPS", "JenisWarta": "W.S62", "Tahap_Seko": "Sekolah Rendah", "Koordinat_": 3.316059592, "Koordinat1": 101.5686978, "web_name": "SEKOLAH KEBANGSAAN SINARAN BUDI", "web_code": "-", "web_type": "W.S62", "web_district": "Gombak", "web_ppd": "PPD GOMBAK", "web_level": "Sekolah Rendah", "web_address": "-", "web_pbt": "MPS" }, "geometry": { "type": "Point", "coordinates": [ 101.568697800000052, 3.316059592000045 ] } },
{ "type": "Feature", "properties": { "Nama_Sekol": "SEKOLAH KEBANGSAAN SUNGAI KERTAS", "PPD": "PPD GOMBAK", "PBT": "MPS", "JenisWarta": "TM_KPM", "Tahap_Seko": "Sekolah Rendah", "Koordinat_": 3.259231, "Koordinat1": 101.687021, "web_name": "SEKOLAH KEBANGSAAN SUNGAI KERTAS", "web_code": "-", "web_type": "TM_KPM", "web_district": "Gombak", "web_ppd": "PPD GOMBAK", "web_level": "Sekolah Rendah", "web_address": "-", "web_pbt": "MPS" }, "geometry": { "type": "Point", "coordinates": [ 101.687021, 3.259231 ] } },
{ "type": "Feature", "properties": { "Nama_Sekol": "SEKOLAH KEBANGSAAN SUNGAI PUSU", "PPD": "PPD GOMBAK", "PBT": "MPS", "JenisWarta": "Tiada", "Tahap_Seko": "Sekolah Rendah", "Koordinat_": 3.236947, "Koordinat1": 101.715548, "web_name": "SEKOLAH KEBANGSAAN SUNGAI PUSU", "web_code": "-", "web_type": "Tiada", "web_district": "Gombak", "web_ppd": "PPD GOMBAK", "web_level": "Sekolah Rendah", "web_address": "-", "web_pbt": "MPS" }, "geometry": { "type": "Point", "coordinates": [ 101.715548, 3.236947 ] } },
{ "type": "Feature", "properties": { "Nama_Sekol": "SEKOLAH KEBANGSAAN TAMAN BUKIT INDAH", "PPD": "PPD GOMBAK", "PBT": "MPAJ", "JenisWarta": "TM_KPM", "Tahap_Seko": "Sekolah Rendah", "Koordinat_": 3.155833, "Koordinat1": 101.775553, "web_name": "SEKOLAH KEBANGSAAN TAMAN BUKIT INDAH", "web_code": "-", "web_type": "TM_KPM", "web_district": "Gombak", "web_ppd": "PPD GOMBAK", "web_level": "Sekolah Rendah", "web_address": "-", "web_pbt": "MPAJ" }, "geometry": { "type": "Point", "coordinates": [ 101.775553, 3.155833 ] } },
{ "type": "Feature", "properties": { "Nama_Sekol": "SEKOLAH KEBANGSAAN TAMAN DESA", "PPD": "PPD GOMBAK", "PBT": "MPS", "JenisWarta": "TM_KPM", "Tahap_Seko": "Sekolah Rendah", "Koordinat_": 3.331177, "Koordinat1": 101.527075, "web_name": "SEKOLAH KEBANGSAAN TAMAN DESA", "web_code": "-", "web_type": "TM_KPM", "web_district": "Gombak", "web_ppd": "PPD GOMBAK", "web_level": "Sekolah Rendah", "web_address": "-", "web_pbt": "MPS" }, "geometry": { "type": "Point", "coordinates": [ 101.527075, 3.331177 ] } },
{ "type": "Feature", "properties": { "Nama_Sekol": "SEKOLAH KEBANGSAAN TAMAN DESA 2", "PPD": "PPD GOMBAK", "PBT": "MPS", "JenisWarta": "TM_KPM", "Tahap_Seko": "Sekolah Rendah", "Koordinat_": 3.330559, "Koordinat1": 101.526708, "web_name": "SEKOLAH KEBANGSAAN TAMAN DESA 2", "web_code": "-", "web_type": "TM_KPM", "web_district": "Gombak", "web_ppd": "PPD GOMBAK", "web_level": "Sekolah Rendah", "web_address": "-", "web_pbt": "MPS" }, "geometry": { "type": "Point", "coordinates": [ 101.526708, 3.330559 ] } },
{ "type": "Feature", "properties": { "Nama_Sekol": "SEKOLAH KEBANGSAAN TAMAN EHSAN", "PPD": "PPD GOMBAK", "PBT": "MPS", "JenisWarta": "Tiada", "Tahap_Seko": "Sekolah Rendah", "Koordinat_": 3.220225701, "Koordinat1": 101.6307722, "web_name": "SEKOLAH KEBANGSAAN TAMAN EHSAN", "web_code": "-", "web_type": "Tiada", "web_district": "Gombak", "web_ppd": "PPD GOMBAK", "web_level": "Sekolah Rendah", "web_address": "-", "web_pbt": "MPS" }, "geometry": { "type": "Point", "coordinates": [ 101.630772200000081, 3.220225701000061 ] } },
{ "type": "Feature", "properties": { "Nama_Sekol": "SEKOLAH KEBANGSAAN TAMAN KERAMAT (1)", "PPD": "PPD GOMBAK", "PBT": "MPAJ", "JenisWarta": "Tiada", "Tahap_Seko": "Sekolah Rendah", "Koordinat_": 3.169718719, "Koordinat1": 101.742028, "web_name": "SEKOLAH KEBANGSAAN TAMAN KERAMAT (1)", "web_code": "-", "web_type": "Tiada", "web_district": "Gombak", "web_ppd": "PPD GOMBAK", "web_level": "Sekolah Rendah", "web_address": "-", "web_pbt": "MPAJ" }, "geometry": { "type": "Point", "coordinates": [ 101.742028, 3.169718719000059 ] } },
{ "type": "Feature", "properties": { "Nama_Sekol": "SEKOLAH KEBANGSAAN TAMAN MELAWATI", "PPD": "PPD GOMBAK", "PBT": "MPAJ", "JenisWarta": "TM_KPM", "Tahap_Seko": "Sekolah Rendah", "Koordinat_": 3.225096, "Koordinat1": 101.746941, "web_name": "SEKOLAH KEBANGSAAN TAMAN MELAWATI", "web_code": "-", "web_type": "TM_KPM", "web_district": "Gombak", "web_ppd": "PPD GOMBAK", "web_level": "Sekolah Rendah", "web_address": "-", "web_pbt": "MPAJ" }, "geometry": { "type": "Point", "coordinates": [ 101.746941, 3.225096 ] } },
{ "type": "Feature", "properties": { "Nama_Sekol": "SEKOLAH KEBANGSAAN TAMAN MELAWATI 2", "PPD": "PPD GOMBAK", "PBT": "MPAJ", "JenisWarta": "TM_KPM", "Tahap_Seko": "Sekolah Rendah", "Koordinat_": 3.212503, "Koordinat1": 101.752493, "web_name": "SEKOLAH KEBANGSAAN TAMAN MELAWATI 2", "web_code": "-", "web_type": "TM_KPM", "web_district": "Gombak", "web_ppd": "PPD GOMBAK", "web_level": "Sekolah Rendah", "web_address": "-", "web_pbt": "MPAJ" }, "geometry": { "type": "Point", "coordinates": [ 101.752493, 3.212503 ] } },
{ "type": "Feature", "properties": { "Nama_Sekol": "SEKOLAH KEBANGSAAN TAMAN PERMATA", "PPD": "PPD GOMBAK", "PBT": "MPAJ", "JenisWarta": "Tiada", "Tahap_Seko": "Sekolah Rendah", "Koordinat_": 3.205758, "Koordinat1": 101.747488, "web_name": "SEKOLAH KEBANGSAAN TAMAN PERMATA", "web_code": "-", "web_type": "Tiada", "web_district": "Gombak", "web_ppd": "PPD GOMBAK", "web_level": "Sekolah Rendah", "web_address": "-", "web_pbt": "MPAJ" }, "geometry": { "type": "Point", "coordinates": [ 101.747488, 3.205758 ] } },
{ "type": "Feature", "properties": { "Nama_Sekol": "SEKOLAH KEBANGSAAN TAMAN PRIMA SELAYANG", "PPD": "PPD GOMBAK", "PBT": "MPS", "JenisWarta": "TM_KPM", "Tahap_Seko": "Sekolah Rendah", "Koordinat_": 3.244224, "Koordinat1": 101.655771, "web_name": "SEKOLAH KEBANGSAAN TAMAN PRIMA SELAYANG", "web_code": "-", "web_type": "TM_KPM", "web_district": "Gombak", "web_ppd": "PPD GOMBAK", "web_level": "Sekolah Rendah", "web_address": "-", "web_pbt": "MPS" }, "geometry": { "type": "Point", "coordinates": [ 101.655771, 3.244224 ] } },
{ "type": "Feature", "properties": { "Nama_Sekol": "SEKOLAH KEBANGSAAN TAMAN SAMUDRA", "PPD": "PPD GOMBAK", "PBT": "MPS", "JenisWarta": "TM_KPM", "Tahap_Seko": "Sekolah Rendah", "Koordinat_": 3.233426, "Koordinat1": 101.693115, "web_name": "SEKOLAH KEBANGSAAN TAMAN SAMUDRA", "web_code": "-", "web_type": "TM_KPM", "web_district": "Gombak", "web_ppd": "PPD GOMBAK", "web_level": "Sekolah Rendah", "web_address": "-", "web_pbt": "MPS" }, "geometry": { "type": "Point", "coordinates": [ 101.693115, 3.233426 ] } },
{ "type": "Feature", "properties": { "Nama_Sekol": "SEKOLAH KEBANGSAAN TAMAN SELASIH", "PPD": "PPD GOMBAK", "PBT": "MPS", "JenisWarta": "TM_KPM", "Tahap_Seko": "Sekolah Rendah", "Koordinat_": 3.231113, "Koordinat1": 101.694993, "web_name": "SEKOLAH KEBANGSAAN TAMAN SELASIH", "web_code": "-", "web_type": "TM_KPM", "web_district": "Gombak", "web_ppd": "PPD GOMBAK", "web_level": "Sekolah Rendah", "web_address": "-", "web_pbt": "MPS" }, "geometry": { "type": "Point", "coordinates": [ 101.694993, 3.231113 ] } },
{ "type": "Feature", "properties": { "Nama_Sekol": "SEKOLAH KEBANGSAAN TAMAN SERI GOMBAK", "PPD": "PPD GOMBAK", "PBT": "MPS", "JenisWarta": "Tiada", "Tahap_Seko": "Sekolah Rendah", "Koordinat_": 3.243399, "Koordinat1": 101.698259, "web_name": "SEKOLAH KEBANGSAAN TAMAN SERI GOMBAK", "web_code": "-", "web_type": "Tiada", "web_district": "Gombak", "web_ppd": "PPD GOMBAK", "web_level": "Sekolah Rendah", "web_address": "-", "web_pbt": "MPS" }, "geometry": { "type": "Point", "coordinates": [ 101.698259, 3.243399 ] } },
{ "type": "Feature", "properties": { "Nama_Sekol": "SEKOLAH KEBANGSAAN TAMAN SERI GOMBAK 2", "PPD": "PPD GOMBAK", "PBT": "MPS", "JenisWarta": "Tiada", "Tahap_Seko": "Sekolah Rendah", "Koordinat_": 3.242503, "Koordinat1": 101.698603, "web_name": "SEKOLAH KEBANGSAAN TAMAN SERI GOMBAK 2", "web_code": "-", "web_type": "Tiada", "web_district": "Gombak", "web_ppd": "PPD GOMBAK", "web_level": "Sekolah Rendah", "web_address": "-", "web_pbt": "MPS" }, "geometry": { "type": "Point", "coordinates": [ 101.698603, 3.242503 ] } },
{ "type": "Feature", "properties": { "Nama_Sekol": "SEKOLAH KEBANGSAAN TAMAN SETIA", "PPD": "PPD GOMBAK", "PBT": "MPS", "JenisWarta": "Tiada", "Tahap_Seko": "Sekolah Rendah", "Koordinat_": 3.224443, "Koordinat1": 101.719163, "web_name": "SEKOLAH KEBANGSAAN TAMAN SETIA", "web_code": "-", "web_type": "Tiada", "web_district": "Gombak", "web_ppd": "PPD GOMBAK", "web_level": "Sekolah Rendah", "web_address": "-", "web_pbt": "MPS" }, "geometry": { "type": "Point", "coordinates": [ 101.719163, 3.224443 ] } },
{ "type": "Feature", "properties": { "Nama_Sekol": "SEKOLAH KEBANGSAAN TAMAN TUN TEJA", "PPD": "PPD GOMBAK", "PBT": "MPS", "JenisWarta": "TM_KPM", "Tahap_Seko": "Sekolah Rendah", "Koordinat_": 3.30417, "Koordinat1": 101.589715, "web_name": "SEKOLAH KEBANGSAAN TAMAN TUN TEJA", "web_code": "-", "web_type": "TM_KPM", "web_district": "Gombak", "web_ppd": "PPD GOMBAK", "web_level": "Sekolah Rendah", "web_address": "-", "web_pbt": "MPS" }, "geometry": { "type": "Point", "coordinates": [ 101.589715, 3.30417 ] } },
{ "type": "Feature", "properties": { "Nama_Sekol": "SEKOLAH KEBANGSAAN TASIK PUTERI 2", "PPD": "PPD GOMBAK", "PBT": "MPS", "JenisWarta": "TM_KPM", "Tahap_Seko": "Sekolah Rendah", "Koordinat_": 3.280805273, "Koordinat1": 101.4738981, "web_name": "SEKOLAH KEBANGSAAN TASIK PUTERI 2", "web_code": "-", "web_type": "TM_KPM", "web_district": "Gombak", "web_ppd": "PPD GOMBAK", "web_level": "Sekolah Rendah", "web_address": "-", "web_pbt": "MPS" }, "geometry": { "type": "Point", "coordinates": [ 101.473898100000042, 3.280805273000055 ] } },
{ "type": "Feature", "properties": { "Nama_Sekol": "KOLEJ VOKASIONAL GOMBAK", "PPD": "PPD GOMBAK", "PBT": "MPS", "JenisWarta": "Tiada", "Tahap_Seko": "Sekolah Menengah", "Koordinat_": 3.246306, "Koordinat1": 101.729716, "web_name": "KOLEJ VOKASIONAL GOMBAK", "web_code": "-", "web_type": "Tiada", "web_district": "Gombak", "web_ppd": "PPD GOMBAK", "web_level": "Sekolah Menengah", "web_address": "-", "web_pbt": "MPS" }, "geometry": { "type": "Point", "coordinates": [ 101.729716, 3.246306 ] } },
{ "type": "Feature", "properties": { "Nama_Sekol": "KOLEJ VOKASIONAL SUNGAI BULOH", "PPD": "PPD GOMBAK", "PBT": "MBSA", "JenisWarta": "TM_KPM", "Tahap_Seko": "Sekolah Menengah", "Koordinat_": 3.205866, "Koordinat1": 101.544555, "web_name": "KOLEJ VOKASIONAL SUNGAI BULOH", "web_code": "-", "web_type": "TM_KPM", "web_district": "Gombak", "web_ppd": "PPD GOMBAK", "web_level": "Sekolah Menengah", "web_address": "-", "web_pbt": "MBSA" }, "geometry": { "type": "Point", "coordinates": [ 101.544555, 3.205866 ] } },
{ "type": "Feature", "properties": { "Nama_Sekol": "SAM PAYA JARAS", "PPD": "PPD GOMBAK", "PBT": "MBSA", "JenisWarta": "Tiada", "Tahap_Seko": "Sekolah Menengah", "Koordinat_": 3.209359, "Koordinat1": 101.502504, "web_name": "SAM PAYA JARAS", "web_code": "-", "web_type": "Tiada", "web_district": "Gombak", "web_ppd": "PPD GOMBAK", "web_level": "Sekolah Menengah", "web_address": "-", "web_pbt": "MBSA" }, "geometry": { "type": "Point", "coordinates": [ 101.502504, 3.209359 ] } },
{ "type": "Feature", "properties": { "Nama_Sekol": "SAM RAWANG", "PPD": "PPD GOMBAK", "PBT": "MPS", "JenisWarta": "Tiada", "Tahap_Seko": "Sekolah Menengah", "Koordinat_": 3.30130103, "Koordinat1": 101.5896754, "web_name": "SAM RAWANG", "web_code": "-", "web_type": "Tiada", "web_district": "Gombak", "web_ppd": "PPD GOMBAK", "web_level": "Sekolah Menengah", "web_address": "-", "web_pbt": "MPS" }, "geometry": { "type": "Point", "coordinates": [ 101.589675400000033, 3.301301030000047 ] } },
{ "type": "Feature", "properties": { "Nama_Sekol": "SEKOLAH BERASRAMA PENUH INTEGRASI GOMBAK", "PPD": "PPD GOMBAK", "PBT": "MPS", "JenisWarta": "Tiada", "Tahap_Seko": "Sekolah Menengah", "Koordinat_": 3.244429788, "Koordinat1": 101.7228628, "web_name": "SEKOLAH BERASRAMA PENUH INTEGRASI GOMBAK", "web_code": "-", "web_type": "Tiada", "web_district": "Gombak", "web_ppd": "PPD GOMBAK", "web_level": "Sekolah Menengah", "web_address": "-", "web_pbt": "MPS" }, "geometry": { "type": "Point", "coordinates": [ 101.722862800000087, 3.244429788000048 ] } },
{ "type": "Feature", "properties": { "Nama_Sekol": "SEKOLAH BERASRAMA PENUH INTEGRASI RAWANG", "PPD": "PPD GOMBAK", "PBT": "MPS", "JenisWarta": "TM_KPM", "Tahap_Seko": "Sekolah Menengah", "Koordinat_": 3.297781, "Koordinat1": 101.49166, "web_name": "SEKOLAH BERASRAMA PENUH INTEGRASI RAWANG", "web_code": "-", "web_type": "TM_KPM", "web_district": "Gombak", "web_ppd": "PPD GOMBAK", "web_level": "Sekolah Menengah", "web_address": "-", "web_pbt": "MPS" }, "geometry": { "type": "Point", "coordinates": [ 101.49166, 3.297781 ] } },
{ "type": "Feature", "properties": { "Nama_Sekol": "SEKOLAH MENENGAH KEBANGSAAN BANDAR BARU SUNGAI BULOH", "PPD": "PPD GOMBAK", "PBT": "MBSA", "JenisWarta": "Tiada", "Tahap_Seko": "Sekolah Menengah", "Koordinat_": 3.206759, "Koordinat1": 101.561602, "web_name": "SEKOLAH MENENGAH KEBANGSAAN BANDAR BARU SUNGAI BULOH", "web_code": "-", "web_type": "Tiada", "web_district": "Gombak", "web_ppd": "PPD GOMBAK", "web_level": "Sekolah Menengah", "web_address": "-", "web_pbt": "MBSA" }, "geometry": { "type": "Point", "coordinates": [ 101.561602, 3.206759 ] } },
{ "type": "Feature", "properties": { "Nama_Sekol": "SEKOLAH MENENGAH KEBANGSAAN BANDAR TASIK PUTERI", "PPD": "PPD GOMBAK", "PBT": "MPS", "JenisWarta": "TM_KPM", "Tahap_Seko": "Sekolah Menengah", "Koordinat_": 3.287225, "Koordinat1": 101.473604, "web_name": "SEKOLAH MENENGAH KEBANGSAAN BANDAR TASIK PUTERI", "web_code": "-", "web_type": "TM_KPM", "web_district": "Gombak", "web_ppd": "PPD GOMBAK", "web_level": "Sekolah Menengah", "web_address": "-", "web_pbt": "MPS" }, "geometry": { "type": "Point", "coordinates": [ 101.473604, 3.287225 ] } },
{ "type": "Feature", "properties": { "Nama_Sekol": "SEKOLAH MENENGAH KEBANGSAAN BUKIT GADING", "PPD": "PPD GOMBAK", "PBT": "MBSA", "JenisWarta": "TM_KPM", "Tahap_Seko": "Sekolah Menengah", "Koordinat_": 3.214173, "Koordinat1": 101.529713, "web_name": "SEKOLAH MENENGAH KEBANGSAAN BUKIT GADING", "web_code": "-", "web_type": "TM_KPM", "web_district": "Gombak", "web_ppd": "PPD GOMBAK", "web_level": "Sekolah Menengah", "web_address": "-", "web_pbt": "MBSA" }, "geometry": { "type": "Point", "coordinates": [ 101.529713, 3.214173 ] } },
{ "type": "Feature", "properties": { "Nama_Sekol": "SEKOLAH MENENGAH KEBANGSAAN BUKIT INDAH", "PPD": "PPD GOMBAK", "PBT": "MPAJ", "JenisWarta": "TM_KPM", "Tahap_Seko": "Sekolah Menengah", "Koordinat_": 3.155423, "Koordinat1": 101.776753, "web_name": "SEKOLAH MENENGAH KEBANGSAAN BUKIT INDAH", "web_code": "-", "web_type": "TM_KPM", "web_district": "Gombak", "web_ppd": "PPD GOMBAK", "web_level": "Sekolah Menengah", "web_address": "-", "web_pbt": "MPAJ" }, "geometry": { "type": "Point", "coordinates": [ 101.776753, 3.155423 ] } },
{ "type": "Feature", "properties": { "Nama_Sekol": "SEKOLAH MENENGAH KEBANGSAAN BUKIT RAHMAN PUTRA", "PPD": "PPD GOMBAK", "PBT": "MPS", "JenisWarta": "TM_KPM", "Tahap_Seko": "Sekolah Menengah", "Koordinat_": 3.230133, "Koordinat1": 101.555353, "web_name": "SEKOLAH MENENGAH KEBANGSAAN BUKIT RAHMAN PUTRA", "web_code": "-", "web_type": "TM_KPM", "web_district": "Gombak", "web_ppd": "PPD GOMBAK", "web_level": "Sekolah Menengah", "web_address": "-", "web_pbt": "MPS" }, "geometry": { "type": "Point", "coordinates": [ 101.555353, 3.230133 ] } },
{ "type": "Feature", "properties": { "Nama_Sekol": "SEKOLAH MENENGAH KEBANGSAAN DARUL EHSAN", "PPD": "PPD GOMBAK", "PBT": "MPS", "JenisWarta": "TM_KPM", "Tahap_Seko": "Sekolah Menengah", "Koordinat_": 3.252505, "Koordinat1": 101.668405, "web_name": "SEKOLAH MENENGAH KEBANGSAAN DARUL EHSAN", "web_code": "-", "web_type": "TM_KPM", "web_district": "Gombak", "web_ppd": "PPD GOMBAK", "web_level": "Sekolah Menengah", "web_address": "-", "web_pbt": "MPS" }, "geometry": { "type": "Point", "coordinates": [ 101.668405, 3.252505 ] } },
{ "type": "Feature", "properties": { "Nama_Sekol": "SEKOLAH MENENGAH KEBANGSAAN GOMBAK SETIA", "PPD": "PPD GOMBAK", "PBT": "MPS", "JenisWarta": "Tiada", "Tahap_Seko": "Sekolah Menengah", "Koordinat_": 3.220400021, "Koordinat1": 101.7151139, "web_name": "SEKOLAH MENENGAH KEBANGSAAN GOMBAK SETIA", "web_code": "-", "web_type": "Tiada", "web_district": "Gombak", "web_ppd": "PPD GOMBAK", "web_level": "Sekolah Menengah", "web_address": "-", "web_pbt": "MPS" }, "geometry": { "type": "Point", "coordinates": [ 101.715113900000063, 3.220400021000046 ] } },
{ "type": "Feature", "properties": { "Nama_Sekol": "SEKOLAH MENENGAH KEBANGSAAN HILLCREST", "PPD": "PPD GOMBAK", "PBT": "MPS", "JenisWarta": "Tiada", "Tahap_Seko": "Sekolah Menengah", "Koordinat_": 3.244127714, "Koordinat1": 101.7077927, "web_name": "SEKOLAH MENENGAH KEBANGSAAN HILLCREST", "web_code": "-", "web_type": "Tiada", "web_district": "Gombak", "web_ppd": "PPD GOMBAK", "web_level": "Sekolah Menengah", "web_address": "-", "web_pbt": "MPS" }, "geometry": { "type": "Point", "coordinates": [ 101.707792700000084, 3.244127714000058 ] } },
{ "type": "Feature", "properties": { "Nama_Sekol": "SEKOLAH MENENGAH KEBANGSAAN HULU KELANG", "PPD": "PPD GOMBAK", "PBT": "MPAJ", "JenisWarta": "Tiada", "Tahap_Seko": "Sekolah Menengah", "Koordinat_": 3.163362, "Koordinat1": 101.747692, "web_name": "SEKOLAH MENENGAH KEBANGSAAN HULU KELANG", "web_code": "-", "web_type": "Tiada", "web_district": "Gombak", "web_ppd": "PPD GOMBAK", "web_level": "Sekolah Menengah", "web_address": "-", "web_pbt": "MPAJ" }, "geometry": { "type": "Point", "coordinates": [ 101.747692, 3.163362 ] } },
{ "type": "Feature", "properties": { "Nama_Sekol": "SEKOLAH MENENGAH KEBANGSAAN IDEAL HEIGHTS", "PPD": "PPD GOMBAK", "PBT": "MPS", "JenisWarta": "Tiada", "Tahap_Seko": "Sekolah Menengah", "Koordinat_": 3.248801, "Koordinat1": 101.641722, "web_name": "SEKOLAH MENENGAH KEBANGSAAN IDEAL HEIGHTS", "web_code": "-", "web_type": "Tiada", "web_district": "Gombak", "web_ppd": "PPD GOMBAK", "web_level": "Sekolah Menengah", "web_address": "-", "web_pbt": "MPS" }, "geometry": { "type": "Point", "coordinates": [ 101.641722, 3.248801 ] } },
{ "type": "Feature", "properties": { "Nama_Sekol": "SEKOLAH MENENGAH KEBANGSAAN KEPONG", "PPD": "PPD GOMBAK", "PBT": "MPS", "JenisWarta": "Tiada", "Tahap_Seko": "Sekolah Menengah", "Koordinat_": 3.225578, "Koordinat1": 101.635392, "web_name": "SEKOLAH MENENGAH KEBANGSAAN KEPONG", "web_code": "-", "web_type": "Tiada", "web_district": "Gombak", "web_ppd": "PPD GOMBAK", "web_level": "Sekolah Menengah", "web_address": "-", "web_pbt": "MPS" }, "geometry": { "type": "Point", "coordinates": [ 101.635392, 3.225578 ] } },
{ "type": "Feature", "properties": { "Nama_Sekol": "SEKOLAH MENENGAH KEBANGSAAN LEMBAH KERAMAT", "PPD": "PPD GOMBAK", "PBT": "MPAJ", "JenisWarta": "Tiada", "Tahap_Seko": "Sekolah Menengah", "Koordinat_": 3.198059, "Koordinat1": 101.759715, "web_name": "SEKOLAH MENENGAH KEBANGSAAN LEMBAH KERAMAT", "web_code": "-", "web_type": "Tiada", "web_district": "Gombak", "web_ppd": "PPD GOMBAK", "web_level": "Sekolah Menengah", "web_address": "-", "web_pbt": "MPAJ" }, "geometry": { "type": "Point", "coordinates": [ 101.759715, 3.198059 ] } },
{ "type": "Feature", "properties": { "Nama_Sekol": "SEKOLAH MENENGAH KEBANGSAAN RAWANG", "PPD": "PPD GOMBAK", "PBT": "MPS", "JenisWarta": "Tiada", "Tahap_Seko": "Sekolah Menengah", "Koordinat_": 3.307583, "Koordinat1": 101.597837, "web_name": "SEKOLAH MENENGAH KEBANGSAAN RAWANG", "web_code": "-", "web_type": "Tiada", "web_district": "Gombak", "web_ppd": "PPD GOMBAK", "web_level": "Sekolah Menengah", "web_address": "-", "web_pbt": "MPS" }, "geometry": { "type": "Point", "coordinates": [ 101.597837, 3.307583 ] } },
{ "type": "Feature", "properties": { "Nama_Sekol": "SEKOLAH MENENGAH KEBANGSAAN SELAYANG BHARU", "PPD": "PPD GOMBAK", "PBT": "MPS", "JenisWarta": "TM_KPM", "Tahap_Seko": "Sekolah Menengah", "Koordinat_": 3.251901, "Koordinat1": 101.667203, "web_name": "SEKOLAH MENENGAH KEBANGSAAN SELAYANG BHARU", "web_code": "-", "web_type": "TM_KPM", "web_district": "Gombak", "web_ppd": "PPD GOMBAK", "web_level": "Sekolah Menengah", "web_address": "-", "web_pbt": "MPS" }, "geometry": { "type": "Point", "coordinates": [ 101.667203, 3.251901 ] } },
{ "type": "Feature", "properties": { "Nama_Sekol": "SEKOLAH MENENGAH KEBANGSAAN SERI GARING", "PPD": "PPD GOMBAK", "PBT": "MPS", "JenisWarta": "W.S62", "Tahap_Seko": "Sekolah Menengah", "Koordinat_": 3.316686, "Koordinat1": 101.568024, "web_name": "SEKOLAH MENENGAH KEBANGSAAN SERI GARING", "web_code": "-", "web_type": "W.S62", "web_district": "Gombak", "web_ppd": "PPD GOMBAK", "web_level": "Sekolah Menengah", "web_address": "-", "web_pbt": "MPS" }, "geometry": { "type": "Point", "coordinates": [ 101.568024, 3.316686 ] } },
{ "type": "Feature", "properties": { "Nama_Sekol": "SEKOLAH MENENGAH KEBANGSAAN SERI GOMBAK", "PPD": "PPD GOMBAK", "PBT": "MPS", "JenisWarta": "TM_KPM", "Tahap_Seko": "Sekolah Menengah", "Koordinat_": 3.23168, "Koordinat1": 101.701666, "web_name": "SEKOLAH MENENGAH KEBANGSAAN SERI GOMBAK", "web_code": "-", "web_type": "TM_KPM", "web_district": "Gombak", "web_ppd": "PPD GOMBAK", "web_level": "Sekolah Menengah", "web_address": "-", "web_pbt": "MPS" }, "geometry": { "type": "Point", "coordinates": [ 101.701666, 3.23168 ] } },
{ "type": "Feature", "properties": { "Nama_Sekol": "SEKOLAH MENENGAH KEBANGSAAN SERI KERAMAT", "PPD": "PPD GOMBAK", "PBT": "MPAJ", "JenisWarta": "Tiada", "Tahap_Seko": "Sekolah Menengah", "Koordinat_": 3.196588, "Koordinat1": 101.75987, "web_name": "SEKOLAH MENENGAH KEBANGSAAN SERI KERAMAT", "web_code": "-", "web_type": "Tiada", "web_district": "Gombak", "web_ppd": "PPD GOMBAK", "web_level": "Sekolah Menengah", "web_address": "-", "web_pbt": "MPAJ" }, "geometry": { "type": "Point", "coordinates": [ 101.75987, 3.196588 ] } },
{ "type": "Feature", "properties": { "Nama_Sekol": "SEKOLAH MENENGAH KEBANGSAAN SERI KUNDANG", "PPD": "PPD GOMBAK", "PBT": "MPS", "JenisWarta": "TM_KPM", "Tahap_Seko": "Sekolah Menengah", "Koordinat_": 3.25556, "Koordinat1": 101.520819, "web_name": "SEKOLAH MENENGAH KEBANGSAAN SERI KUNDANG", "web_code": "-", "web_type": "TM_KPM", "web_district": "Gombak", "web_ppd": "PPD GOMBAK", "web_level": "Sekolah Menengah", "web_address": "-", "web_pbt": "MPS" }, "geometry": { "type": "Point", "coordinates": [ 101.520819, 3.25556 ] } },
{ "type": "Feature", "properties": { "Nama_Sekol": "SEKOLAH MENENGAH KEBANGSAAN SERI SELAYANG", "PPD": "PPD GOMBAK", "PBT": "MPS", "JenisWarta": "TM_KPM", "Tahap_Seko": "Sekolah Menengah", "Koordinat_": 3.2423, "Koordinat1": 101.672759, "web_name": "SEKOLAH MENENGAH KEBANGSAAN SERI SELAYANG", "web_code": "-", "web_type": "TM_KPM", "web_district": "Gombak", "web_ppd": "PPD GOMBAK", "web_level": "Sekolah Menengah", "web_address": "-", "web_pbt": "MPS" }, "geometry": { "type": "Point", "coordinates": [ 101.672759, 3.2423 ] } },
{ "type": "Feature", "properties": { "Nama_Sekol": "SEKOLAH MENENGAH KEBANGSAAN SIERRAMAS", "PPD": "PPD GOMBAK", "PBT": "MPS", "JenisWarta": "TM_KPM", "Tahap_Seko": "Sekolah Menengah", "Koordinat_": 3.214113, "Koordinat1": 101.580401, "web_name": "SEKOLAH MENENGAH KEBANGSAAN SIERRAMAS", "web_code": "-", "web_type": "TM_KPM", "web_district": "Gombak", "web_ppd": "PPD GOMBAK", "web_level": "Sekolah Menengah", "web_address": "-", "web_pbt": "MPS" }, "geometry": { "type": "Point", "coordinates": [ 101.580401, 3.214113 ] } },
{ "type": "Feature", "properties": { "Nama_Sekol": "SEKOLAH MENENGAH KEBANGSAAN SUNGAI KERTAS", "PPD": "PPD GOMBAK", "PBT": "MPS", "JenisWarta": "TM_KPM", "Tahap_Seko": "Sekolah Menengah", "Koordinat_": 3.257225, "Koordinat1": 101.686937, "web_name": "SEKOLAH MENENGAH KEBANGSAAN SUNGAI KERTAS", "web_code": "-", "web_type": "TM_KPM", "web_district": "Gombak", "web_ppd": "PPD GOMBAK", "web_level": "Sekolah Menengah", "web_address": "-", "web_pbt": "MPS" }, "geometry": { "type": "Point", "coordinates": [ 101.686937, 3.257225 ] } },
{ "type": "Feature", "properties": { "Nama_Sekol": "SEKOLAH MENENGAH KEBANGSAAN SUNGAI PUSU", "PPD": "PPD GOMBAK", "PBT": "MPS", "JenisWarta": "Tiada", "Tahap_Seko": "Sekolah Menengah", "Koordinat_": 3.238336, "Koordinat1": 101.717771, "web_name": "SEKOLAH MENENGAH KEBANGSAAN SUNGAI PUSU", "web_code": "-", "web_type": "Tiada", "web_district": "Gombak", "web_ppd": "PPD GOMBAK", "web_level": "Sekolah Menengah", "web_address": "-", "web_pbt": "MPS" }, "geometry": { "type": "Point", "coordinates": [ 101.717771, 3.238336 ] } },
{ "type": "Feature", "properties": { "Nama_Sekol": "SEKOLAH MENENGAH KEBANGSAAN TAMAN DESA", "PPD": "PPD GOMBAK", "PBT": "MPS", "JenisWarta": "TM_KPM", "Tahap_Seko": "Sekolah Menengah", "Koordinat_": 3.330836, "Koordinat1": 101.524715, "web_name": "SEKOLAH MENENGAH KEBANGSAAN TAMAN DESA", "web_code": "-", "web_type": "TM_KPM", "web_district": "Gombak", "web_ppd": "PPD GOMBAK", "web_level": "Sekolah Menengah", "web_address": "-", "web_pbt": "MPS" }, "geometry": { "type": "Point", "coordinates": [ 101.524715, 3.330836 ] } },
{ "type": "Feature", "properties": { "Nama_Sekol": "SEKOLAH MENENGAH KEBANGSAAN TAMAN DESA 2", "PPD": "PPD GOMBAK", "PBT": "MPS", "JenisWarta": "TM_KPM", "Tahap_Seko": "Sekolah Menengah", "Koordinat_": 3.331113, "Koordinat1": 101.537493, "web_name": "SEKOLAH MENENGAH KEBANGSAAN TAMAN DESA 2", "web_code": "-", "web_type": "TM_KPM", "web_district": "Gombak", "web_ppd": "PPD GOMBAK", "web_level": "Sekolah Menengah", "web_address": "-", "web_pbt": "MPS" }, "geometry": { "type": "Point", "coordinates": [ 101.537493, 3.331113 ] } },
{ "type": "Feature", "properties": { "Nama_Sekol": "SEKOLAH MENENGAH KEBANGSAAN TAMAN EHSAN", "PPD": "PPD GOMBAK", "PBT": "MPS", "JenisWarta": "Tiada", "Tahap_Seko": "Sekolah Menengah", "Koordinat_": 3.222395, "Koordinat1": 101.623458, "web_name": "SEKOLAH MENENGAH KEBANGSAAN TAMAN EHSAN", "web_code": "-", "web_type": "Tiada", "web_district": "Gombak", "web_ppd": "PPD GOMBAK", "web_level": "Sekolah Menengah", "web_address": "-", "web_pbt": "MPS" }, "geometry": { "type": "Point", "coordinates": [ 101.623458, 3.222395 ] } },
{ "type": "Feature", "properties": { "Nama_Sekol": "SEKOLAH MENENGAH KEBANGSAAN TAMAN KERAMAT", "PPD": "PPD GOMBAK", "PBT": "MPAJ", "JenisWarta": "Tiada", "Tahap_Seko": "Sekolah Menengah", "Koordinat_": 3.170559, "Koordinat1": 101.743326, "web_name": "SEKOLAH MENENGAH KEBANGSAAN TAMAN KERAMAT", "web_code": "-", "web_type": "Tiada", "web_district": "Gombak", "web_ppd": "PPD GOMBAK", "web_level": "Sekolah Menengah", "web_address": "-", "web_pbt": "MPAJ" }, "geometry": { "type": "Point", "coordinates": [ 101.743326, 3.170559 ] } },
{ "type": "Feature", "properties": { "Nama_Sekol": "SEKOLAH MENENGAH KEBANGSAAN TAMAN MELAWATI", "PPD": "PPD GOMBAK", "PBT": "MPAJ", "JenisWarta": "TM_KPM", "Tahap_Seko": "Sekolah Menengah", "Koordinat_": 3.21532, "Koordinat1": 101.750863, "web_name": "SEKOLAH MENENGAH KEBANGSAAN TAMAN MELAWATI", "web_code": "-", "web_type": "TM_KPM", "web_district": "Gombak", "web_ppd": "PPD GOMBAK", "web_level": "Sekolah Menengah", "web_address": "-", "web_pbt": "MPAJ" }, "geometry": { "type": "Point", "coordinates": [ 101.750863, 3.21532 ] } },
{ "type": "Feature", "properties": { "Nama_Sekol": "SEKOLAH MENENGAH KEBANGSAAN TAMAN SELAYANG", "PPD": "PPD GOMBAK", "PBT": "MPS", "JenisWarta": "TM_KPM", "Tahap_Seko": "Sekolah Menengah", "Koordinat_": 3.243364, "Koordinat1": 101.673435, "web_name": "SEKOLAH MENENGAH KEBANGSAAN TAMAN SELAYANG", "web_code": "-", "web_type": "TM_KPM", "web_district": "Gombak", "web_ppd": "PPD GOMBAK", "web_level": "Sekolah Menengah", "web_address": "-", "web_pbt": "MPS" }, "geometry": { "type": "Point", "coordinates": [ 101.673435, 3.243364 ] } },
{ "type": "Feature", "properties": { "Nama_Sekol": "SEKOLAH MENENGAH KEBANGSAAN TUANKU ABDUL RAHMAN", "PPD": "PPD GOMBAK", "PBT": "MPS", "JenisWarta": "Tiada", "Tahap_Seko": "Sekolah Menengah", "Koordinat_": 3.317509, "Koordinat1": 101.472722, "web_name": "SEKOLAH MENENGAH KEBANGSAAN TUANKU ABDUL RAHMAN", "web_code": "-", "web_type": "Tiada", "web_district": "Gombak", "web_ppd": "PPD GOMBAK", "web_level": "Sekolah Menengah", "web_address": "-", "web_pbt": "MPS" }, "geometry": { "type": "Point", "coordinates": [ 101.472722, 3.317509 ] } },
{ "type": "Feature", "properties": { "Nama_Sekol": "SEKOLAH MENENGAH KEBANGSAAN TUN PERAK", "PPD": "PPD GOMBAK", "PBT": "MPS", "JenisWarta": "TM_KPM", "Tahap_Seko": "Sekolah Menengah", "Koordinat_": 3.300565, "Koordinat1": 101.585226, "web_name": "SEKOLAH MENENGAH KEBANGSAAN TUN PERAK", "web_code": "-", "web_type": "TM_KPM", "web_district": "Gombak", "web_ppd": "PPD GOMBAK", "web_level": "Sekolah Menengah", "web_address": "-", "web_pbt": "MPS" }, "geometry": { "type": "Point", "coordinates": [ 101.585226, 3.300565 ] } },
{ "type": "Feature", "properties": { "Nama_Sekol": "SEKOLAH JENIS KEBANGSAAN (CINA) BALAKONG", "PPD": "PPD HULU LANGAT", "PBT": "MPKJ", "JenisWarta": "TM_KPM", "Tahap_Seko": "Sekolah Rendah", "Koordinat_": 3.028405997, "Koordinat1": 101.7455321, "web_name": "SEKOLAH JENIS KEBANGSAAN (CINA) BALAKONG", "web_code": "-", "web_type": "TM_KPM", "web_district": "Hulu Langat", "web_ppd": "PPD HULU LANGAT", "web_level": "Sekolah Rendah", "web_address": "-", "web_pbt": "MPKJ" }, "geometry": { "type": "Point", "coordinates": [ 101.745532100000048, 3.02840599700005 ] } },
{ "type": "Feature", "properties": { "Nama_Sekol": "SEKOLAH JENIS KEBANGSAAN (CINA) BANDAR KAJANG 2", "PPD": "PPD HULU LANGAT", "PBT": "MPKJ", "JenisWarta": "Tiada", "Tahap_Seko": "Sekolah Rendah", "Koordinat_": 2.96767, "Koordinat1": 101.79509, "web_name": "SEKOLAH JENIS KEBANGSAAN (CINA) BANDAR KAJANG 2", "web_code": "-", "web_type": "Tiada", "web_district": "Hulu Langat", "web_ppd": "PPD HULU LANGAT", "web_level": "Sekolah Rendah", "web_address": "-", "web_pbt": "MPKJ" }, "geometry": { "type": "Point", "coordinates": [ 101.79509, 2.96767 ] } },
{ "type": "Feature", "properties": { "Nama_Sekol": "SEKOLAH JENIS KEBANGSAAN (CINA) BANDAR SUNGAI LONG", "PPD": "PPD HULU LANGAT", "PBT": "MPKJ", "JenisWarta": "TM_KPM", "Tahap_Seko": "Sekolah Rendah", "Koordinat_": 3.051739, "Koordinat1": 101.803314, "web_name": "SEKOLAH JENIS KEBANGSAAN (CINA) BANDAR SUNGAI LONG", "web_code": "-", "web_type": "TM_KPM", "web_district": "Hulu Langat", "web_ppd": "PPD HULU LANGAT", "web_level": "Sekolah Rendah", "web_address": "-", "web_pbt": "MPKJ" }, "geometry": { "type": "Point", "coordinates": [ 101.803314, 3.051739 ] } },
{ "type": "Feature", "properties": { "Nama_Sekol": "SEKOLAH JENIS KEBANGSAAN (CINA) BATU 11", "PPD": "PPD HULU LANGAT", "PBT": "MPKJ", "JenisWarta": "TM_KPM", "Tahap_Seko": "Sekolah Rendah", "Koordinat_": 3.046455874, "Koordinat1": 101.7710862, "web_name": "SEKOLAH JENIS KEBANGSAAN (CINA) BATU 11", "web_code": "-", "web_type": "TM_KPM", "web_district": "Hulu Langat", "web_ppd": "PPD HULU LANGAT", "web_level": "Sekolah Rendah", "web_address": "-", "web_pbt": "MPKJ" }, "geometry": { "type": "Point", "coordinates": [ 101.77108620000007, 3.04645587400006 ] } },
{ "type": "Feature", "properties": { "Nama_Sekol": "SEKOLAH JENIS KEBANGSAAN (CINA) BATU 14", "PPD": "PPD HULU LANGAT", "PBT": "MPKJ", "JenisWarta": "W.S62", "Tahap_Seko": "Sekolah Rendah", "Koordinat_": 3.112723, "Koordinat1": 101.813734, "web_name": "SEKOLAH JENIS KEBANGSAAN (CINA) BATU 14", "web_code": "-", "web_type": "W.S62", "web_district": "Hulu Langat", "web_ppd": "PPD HULU LANGAT", "web_level": "Sekolah Rendah", "web_address": "-", "web_pbt": "MPKJ" }, "geometry": { "type": "Point", "coordinates": [ 101.813734, 3.112723 ] } },
{ "type": "Feature", "properties": { "Nama_Sekol": "SEKOLAH JENIS KEBANGSAAN (CINA) BATU 9 CHERAS", "PPD": "PPD HULU LANGAT", "PBT": "MPKJ", "JenisWarta": "Tiada", "Tahap_Seko": "Sekolah Rendah", "Koordinat_": 3.071671, "Koordinat1": 101.769529, "web_name": "SEKOLAH JENIS KEBANGSAAN (CINA) BATU 9 CHERAS", "web_code": "-", "web_type": "Tiada", "web_district": "Hulu Langat", "web_ppd": "PPD HULU LANGAT", "web_level": "Sekolah Rendah", "web_address": "-", "web_pbt": "MPKJ" }, "geometry": { "type": "Point", "coordinates": [ 101.769529, 3.071671 ] } },
{ "type": "Feature", "properties": { "Nama_Sekol": "SEKOLAH JENIS KEBANGSAAN (CINA) CHOON HWA", "PPD": "PPD HULU LANGAT", "PBT": "MPKJ", "JenisWarta": "Tiada", "Tahap_Seko": "Sekolah Rendah", "Koordinat_": 3.164041, "Koordinat1": 101.847957, "web_name": "SEKOLAH JENIS KEBANGSAAN (CINA) CHOON HWA", "web_code": "-", "web_type": "Tiada", "web_district": "Hulu Langat", "web_ppd": "PPD HULU LANGAT", "web_level": "Sekolah Rendah", "web_address": "-", "web_pbt": "MPKJ" }, "geometry": { "type": "Point", "coordinates": [ 101.847957, 3.164041 ] } },
{ "type": "Feature", "properties": { "Nama_Sekol": "SEKOLAH JENIS KEBANGSAAN (CINA) CONNAUGHT (2)", "PPD": "PPD HULU LANGAT", "PBT": "MPKJ", "JenisWarta": "TM_KPM", "Tahap_Seko": "Sekolah Rendah", "Koordinat_": 3.046182, "Koordinat1": 101.742082, "web_name": "SEKOLAH JENIS KEBANGSAAN (CINA) CONNAUGHT (2)", "web_code": "-", "web_type": "TM_KPM", "web_district": "Hulu Langat", "web_ppd": "PPD HULU LANGAT", "web_level": "Sekolah Rendah", "web_address": "-", "web_pbt": "MPKJ" }, "geometry": { "type": "Point", "coordinates": [ 101.742082, 3.046182 ] } },
{ "type": "Feature", "properties": { "Nama_Sekol": "SEKOLAH JENIS KEBANGSAAN (CINA) KG BARU AMPANG", "PPD": "PPD HULU LANGAT", "PBT": "MPAJ", "JenisWarta": "Tiada", "Tahap_Seko": "Sekolah Rendah", "Koordinat_": 3.141024, "Koordinat1": 101.763816, "web_name": "SEKOLAH JENIS KEBANGSAAN (CINA) KG BARU AMPANG", "web_code": "-", "web_type": "Tiada", "web_district": "Hulu Langat", "web_ppd": "PPD HULU LANGAT", "web_level": "Sekolah Rendah", "web_address": "-", "web_pbt": "MPAJ" }, "geometry": { "type": "Point", "coordinates": [ 101.763816, 3.141024 ] } },
{ "type": "Feature", "properties": { "Nama_Sekol": "SEKOLAH JENIS KEBANGSAAN (CINA) KG BARU SEMENYIH", "PPD": "PPD HULU LANGAT", "PBT": "MPKJ", "JenisWarta": "Tiada", "Tahap_Seko": "Sekolah Rendah", "Koordinat_": 2.949573, "Koordinat1": 101.844203, "web_name": "SEKOLAH JENIS KEBANGSAAN (CINA) KG BARU SEMENYIH", "web_code": "-", "web_type": "Tiada", "web_district": "Hulu Langat", "web_ppd": "PPD HULU LANGAT", "web_level": "Sekolah Rendah", "web_address": "-", "web_pbt": "MPKJ" }, "geometry": { "type": "Point", "coordinates": [ 101.844203, 2.949573 ] } },
{ "type": "Feature", "properties": { "Nama_Sekol": "SEKOLAH JENIS KEBANGSAAN (CINA) ON PONG", "PPD": "PPD HULU LANGAT", "PBT": "MPAJ", "JenisWarta": "Tiada", "Tahap_Seko": "Sekolah Rendah", "Koordinat_": 3.146465, "Koordinat1": 101.761489, "web_name": "SEKOLAH JENIS KEBANGSAAN (CINA) ON PONG", "web_code": "-", "web_type": "Tiada", "web_district": "Hulu Langat", "web_ppd": "PPD HULU LANGAT", "web_level": "Sekolah Rendah", "web_address": "-", "web_pbt": "MPAJ" }, "geometry": { "type": "Point", "coordinates": [ 101.761489, 3.146465 ] } },
{ "type": "Feature", "properties": { "Nama_Sekol": "SEKOLAH JENIS KEBANGSAAN (CINA) ON PONG 2", "PPD": "PPD HULU LANGAT", "PBT": "MPAJ", "JenisWarta": "Tiada", "Tahap_Seko": "Sekolah Rendah", "Koordinat_": 3.126806, "Koordinat1": 101.762438, "web_name": "SEKOLAH JENIS KEBANGSAAN (CINA) ON PONG 2", "web_code": "-", "web_type": "Tiada", "web_district": "Hulu Langat", "web_ppd": "PPD HULU LANGAT", "web_level": "Sekolah Rendah", "web_address": "-", "web_pbt": "MPAJ" }, "geometry": { "type": "Point", "coordinates": [ 101.762438, 3.126806 ] } },
{ "type": "Feature", "properties": { "Nama_Sekol": "SEKOLAH JENIS KEBANGSAAN (CINA) SIN MING", "PPD": "PPD HULU LANGAT", "PBT": "MPKJ", "JenisWarta": "Tiada", "Tahap_Seko": "Sekolah Rendah", "Koordinat_": 2.948060282, "Koordinat1": 101.8445698, "web_name": "SEKOLAH JENIS KEBANGSAAN (CINA) SIN MING", "web_code": "-", "web_type": "Tiada", "web_district": "Hulu Langat", "web_ppd": "PPD HULU LANGAT", "web_level": "Sekolah Rendah", "web_address": "-", "web_pbt": "MPKJ" }, "geometry": { "type": "Point", "coordinates": [ 101.844569800000045, 2.948060282000029 ] } },
{ "type": "Feature", "properties": { "Nama_Sekol": "SEKOLAH JENIS KEBANGSAAN (CINA) SUNGAI CHUA", "PPD": "PPD HULU LANGAT", "PBT": "MPKJ", "JenisWarta": "TM_KPM", "Tahap_Seko": "Sekolah Rendah", "Koordinat_": 2.988573, "Koordinat1": 101.770544, "web_name": "SEKOLAH JENIS KEBANGSAAN (CINA) SUNGAI CHUA", "web_code": "-", "web_type": "TM_KPM", "web_district": "Hulu Langat", "web_ppd": "PPD HULU LANGAT", "web_level": "Sekolah Rendah", "web_address": "-", "web_pbt": "MPKJ" }, "geometry": { "type": "Point", "coordinates": [ 101.770544, 2.988573 ] } },
{ "type": "Feature", "properties": { "Nama_Sekol": "SEKOLAH JENIS KEBANGSAAN (CINA) TON FAH", "PPD": "PPD HULU LANGAT", "PBT": "MPKJ", "JenisWarta": "Tiada", "Tahap_Seko": "Sekolah Rendah", "Koordinat_": 2.90766578, "Koordinat1": 101.8521563, "web_name": "SEKOLAH JENIS KEBANGSAAN (CINA) TON FAH", "web_code": "-", "web_type": "Tiada", "web_district": "Hulu Langat", "web_ppd": "PPD HULU LANGAT", "web_level": "Sekolah Rendah", "web_address": "-", "web_pbt": "MPKJ" }, "geometry": { "type": "Point", "coordinates": [ 101.852156300000047, 2.907665780000059 ] } },
{ "type": "Feature", "properties": { "Nama_Sekol": "SEKOLAH JENIS KEBANGSAAN (CINA) YOKE MIN", "PPD": "PPD HULU LANGAT", "PBT": "MPKJ", "JenisWarta": "Tiada", "Tahap_Seko": "Sekolah Rendah", "Koordinat_": 2.903024, "Koordinat1": 101.783171, "web_name": "SEKOLAH JENIS KEBANGSAAN (CINA) YOKE MIN", "web_code": "-", "web_type": "Tiada", "web_district": "Hulu Langat", "web_ppd": "PPD HULU LANGAT", "web_level": "Sekolah Rendah", "web_address": "-", "web_pbt": "MPKJ" }, "geometry": { "type": "Point", "coordinates": [ 101.783171, 2.903024 ] } },
{ "type": "Feature", "properties": { "Nama_Sekol": "SEKOLAH JENIS KEBANGSAAN (CINA) YU HUA", "PPD": "PPD HULU LANGAT", "PBT": "MPKJ", "JenisWarta": "Tiada", "Tahap_Seko": "Sekolah Rendah", "Koordinat_": 2.995068, "Koordinat1": 101.791262, "web_name": "SEKOLAH JENIS KEBANGSAAN (CINA) YU HUA", "web_code": "-", "web_type": "Tiada", "web_district": "Hulu Langat", "web_ppd": "PPD HULU LANGAT", "web_level": "Sekolah Rendah", "web_address": "-", "web_pbt": "MPKJ" }, "geometry": { "type": "Point", "coordinates": [ 101.791262, 2.995068 ] } },
{ "type": "Feature", "properties": { "Nama_Sekol": "SEKOLAH JENIS KEBANGSAAN (TAMIL) AMPANG", "PPD": "PPD HULU LANGAT", "PBT": "MPAJ", "JenisWarta": "Tiada", "Tahap_Seko": "Sekolah Rendah", "Koordinat_": 3.147973, "Koordinat1": 101.76322, "web_name": "SEKOLAH JENIS KEBANGSAAN (TAMIL) AMPANG", "web_code": "-", "web_type": "Tiada", "web_district": "Hulu Langat", "web_ppd": "PPD HULU LANGAT", "web_level": "Sekolah Rendah", "web_address": "-", "web_pbt": "MPAJ" }, "geometry": { "type": "Point", "coordinates": [ 101.76322, 3.147973 ] } },
{ "type": "Feature", "properties": { "Nama_Sekol": "SEKOLAH JENIS KEBANGSAAN (TAMIL) BANDAR MAHKOTA CHERAS", "PPD": "PPD HULU LANGAT", "PBT": "MPKJ", "JenisWarta": "Tiada", "Tahap_Seko": "Sekolah Rendah", "Koordinat_": 3.065487542, "Koordinat1": 101.7929609, "web_name": "SEKOLAH JENIS KEBANGSAAN (TAMIL) BANDAR MAHKOTA CHERAS", "web_code": "-", "web_type": "Tiada", "web_district": "Hulu Langat", "web_ppd": "PPD HULU LANGAT", "web_level": "Sekolah Rendah", "web_address": "-", "web_pbt": "MPKJ" }, "geometry": { "type": "Point", "coordinates": [ 101.792960900000082, 3.065487542000028 ] } },
{ "type": "Feature", "properties": { "Nama_Sekol": "SEKOLAH JENIS KEBANGSAAN (TAMIL) BANGI", "PPD": "PPD HULU LANGAT", "PBT": "MPKJ", "JenisWarta": "Tiada", "Tahap_Seko": "Sekolah Rendah", "Koordinat_": 2.900308171, "Koordinat1": 101.7772531, "web_name": "SEKOLAH JENIS KEBANGSAAN (TAMIL) BANGI", "web_code": "-", "web_type": "Tiada", "web_district": "Hulu Langat", "web_ppd": "PPD HULU LANGAT", "web_level": "Sekolah Rendah", "web_address": "-", "web_pbt": "MPKJ" }, "geometry": { "type": "Point", "coordinates": [ 101.777253100000053, 2.900308171000063 ] } },
{ "type": "Feature", "properties": { "Nama_Sekol": "SEKOLAH JENIS KEBANGSAAN (TAMIL) KAJANG", "PPD": "PPD HULU LANGAT", "PBT": "MPKJ", "JenisWarta": "TM_KPM", "Tahap_Seko": "Sekolah Rendah", "Koordinat_": 2.994106, "Koordinat1": 101.795014, "web_name": "SEKOLAH JENIS KEBANGSAAN (TAMIL) KAJANG", "web_code": "-", "web_type": "TM_KPM", "web_district": "Hulu Langat", "web_ppd": "PPD HULU LANGAT", "web_level": "Sekolah Rendah", "web_address": "-", "web_pbt": "MPKJ" }, "geometry": { "type": "Point", "coordinates": [ 101.795014, 2.994106 ] } },
{ "type": "Feature", "properties": { "Nama_Sekol": "SEKOLAH JENIS KEBANGSAAN (TAMIL) LADANG SEMENYIH", "PPD": "PPD HULU LANGAT", "PBT": "MPKJ", "JenisWarta": "Tiada", "Tahap_Seko": "Sekolah Rendah", "Koordinat_": 2.947881, "Koordinat1": 101.852946, "web_name": "SEKOLAH JENIS KEBANGSAAN (TAMIL) LADANG SEMENYIH", "web_code": "-", "web_type": "Tiada", "web_district": "Hulu Langat", "web_ppd": "PPD HULU LANGAT", "web_level": "Sekolah Rendah", "web_address": "-", "web_pbt": "MPKJ" }, "geometry": { "type": "Point", "coordinates": [ 101.852946, 2.947881 ] } },
{ "type": "Feature", "properties": { "Nama_Sekol": "SEKOLAH JENIS KEBANGSAAN (TAMIL) LDG DOMINION", "PPD": "PPD HULU LANGAT", "PBT": "MPKJ", "JenisWarta": "Tiada", "Tahap_Seko": "Sekolah Rendah", "Koordinat_": 3.004246914, "Koordinat1": 101.8702164, "web_name": "SEKOLAH JENIS KEBANGSAAN (TAMIL) LDG DOMINION", "web_code": "-", "web_type": "Tiada", "web_district": "Hulu Langat", "web_ppd": "PPD HULU LANGAT", "web_level": "Sekolah Rendah", "web_address": "-", "web_pbt": "MPKJ" }, "geometry": { "type": "Point", "coordinates": [ 101.870216400000061, 3.004246914000021 ] } },
{ "type": "Feature", "properties": { "Nama_Sekol": "SEKOLAH JENIS KEBANGSAAN (TAMIL) LDG RINCHING", "PPD": "PPD HULU LANGAT", "PBT": "MPKJ", "JenisWarta": "Tiada", "Tahap_Seko": "Sekolah Rendah", "Koordinat_": 2.922964, "Koordinat1": 101.859197, "web_name": "SEKOLAH JENIS KEBANGSAAN (TAMIL) LDG RINCHING", "web_code": "-", "web_type": "Tiada", "web_district": "Hulu Langat", "web_ppd": "PPD HULU LANGAT", "web_level": "Sekolah Rendah", "web_address": "-", "web_pbt": "MPKJ" }, "geometry": { "type": "Point", "coordinates": [ 101.859197, 2.922964 ] } },
{ "type": "Feature", "properties": { "Nama_Sekol": "SEKOLAH JENIS KEBANGSAAN (TAMIL) LDG WEST COUNTRY 'TIMUR'", "PPD": "PPD HULU LANGAT", "PBT": "MPKJ", "JenisWarta": "Tiada", "Tahap_Seko": "Sekolah Rendah", "Koordinat_": 2.964208761, "Koordinat1": 101.7883427, "web_name": "SEKOLAH JENIS KEBANGSAAN (TAMIL) LDG WEST COUNTRY 'TIMUR'", "web_code": "-", "web_type": "Tiada", "web_district": "Hulu Langat", "web_ppd": "PPD HULU LANGAT", "web_level": "Sekolah Rendah", "web_address": "-", "web_pbt": "MPKJ" }, "geometry": { "type": "Point", "coordinates": [ 101.788342700000044, 2.964208761000066 ] } },
{ "type": "Feature", "properties": { "Nama_Sekol": "SEKOLAH KEBANGSAAN (2) JALAN BUKIT", "PPD": "PPD HULU LANGAT", "PBT": "MPKJ", "JenisWarta": "Tiada", "Tahap_Seko": "Sekolah Rendah", "Koordinat_": 2.983614, "Koordinat1": 101.79166, "web_name": "SEKOLAH KEBANGSAAN (2) JALAN BUKIT", "web_code": "-", "web_type": "Tiada", "web_district": "Hulu Langat", "web_ppd": "PPD HULU LANGAT", "web_level": "Sekolah Rendah", "web_address": "-", "web_pbt": "MPKJ" }, "geometry": { "type": "Point", "coordinates": [ 101.79166, 2.983614 ] } },
{ "type": "Feature", "properties": { "Nama_Sekol": "SEKOLAH KEBANGSAAN AMPANG", "PPD": "PPD HULU LANGAT", "PBT": "MPAJ", "JenisWarta": "Tiada", "Tahap_Seko": "Sekolah Rendah", "Koordinat_": 3.152714, "Koordinat1": 101.760213, "web_name": "SEKOLAH KEBANGSAAN AMPANG", "web_code": "-", "web_type": "Tiada", "web_district": "Hulu Langat", "web_ppd": "PPD HULU LANGAT", "web_level": "Sekolah Rendah", "web_address": "-", "web_pbt": "MPAJ" }, "geometry": { "type": "Point", "coordinates": [ 101.760213, 3.152714 ] } },
{ "type": "Feature", "properties": { "Nama_Sekol": "SEKOLAH KEBANGSAAN AMPANG CAMPURAN", "PPD": "PPD HULU LANGAT", "PBT": "MPAJ", "JenisWarta": "Tiada", "Tahap_Seko": "Sekolah Rendah", "Koordinat_": 3.132981, "Koordinat1": 101.767877, "web_name": "SEKOLAH KEBANGSAAN AMPANG CAMPURAN", "web_code": "-", "web_type": "Tiada", "web_district": "Hulu Langat", "web_ppd": "PPD HULU LANGAT", "web_level": "Sekolah Rendah", "web_address": "-", "web_pbt": "MPAJ" }, "geometry": { "type": "Point", "coordinates": [ 101.767877, 3.132981 ] } },
{ "type": "Feature", "properties": { "Nama_Sekol": "SEKOLAH KEBANGSAAN BANDAR BARU BANGI", "PPD": "PPD HULU LANGAT", "PBT": "MPKJ", "JenisWarta": "Tiada", "Tahap_Seko": "Sekolah Rendah", "Koordinat_": 2.946143, "Koordinat1": 101.770983, "web_name": "SEKOLAH KEBANGSAAN BANDAR BARU BANGI", "web_code": "-", "web_type": "Tiada", "web_district": "Hulu Langat", "web_ppd": "PPD HULU LANGAT", "web_level": "Sekolah Rendah", "web_address": "-", "web_pbt": "MPKJ" }, "geometry": { "type": "Point", "coordinates": [ 101.770983, 2.946143 ] } },
{ "type": "Feature", "properties": { "Nama_Sekol": "SEKOLAH KEBANGSAAN BANDAR BUKIT MAHKOTA", "PPD": "PPD HULU LANGAT", "PBT": "MPKJ", "JenisWarta": "Tiada", "Tahap_Seko": "Sekolah Rendah", "Koordinat_": 2.880246, "Koordinat1": 101.81244, "web_name": "SEKOLAH KEBANGSAAN BANDAR BUKIT MAHKOTA", "web_code": "-", "web_type": "Tiada", "web_district": "Hulu Langat", "web_ppd": "PPD HULU LANGAT", "web_level": "Sekolah Rendah", "web_address": "-", "web_pbt": "MPKJ" }, "geometry": { "type": "Point", "coordinates": [ 101.81244, 2.880246 ] } },
{ "type": "Feature", "properties": { "Nama_Sekol": "SEKOLAH KEBANGSAAN BANDAR RINCHING", "PPD": "PPD HULU LANGAT", "PBT": "MPKJ", "JenisWarta": "Tiada", "Tahap_Seko": "Sekolah Rendah", "Koordinat_": 2.926408, "Koordinat1": 101.849056, "web_name": "SEKOLAH KEBANGSAAN BANDAR RINCHING", "web_code": "-", "web_type": "Tiada", "web_district": "Hulu Langat", "web_ppd": "PPD HULU LANGAT", "web_level": "Sekolah Rendah", "web_address": "-", "web_pbt": "MPKJ" }, "geometry": { "type": "Point", "coordinates": [ 101.849056, 2.926408 ] } },
{ "type": "Feature", "properties": { "Nama_Sekol": "SEKOLAH KEBANGSAAN BANDAR SERI PUTRA", "PPD": "PPD HULU LANGAT", "PBT": "MPKJ", "JenisWarta": "TM_KPM", "Tahap_Seko": "Sekolah Rendah", "Koordinat_": 2.889537191, "Koordinat1": 101.7758712, "web_name": "SEKOLAH KEBANGSAAN BANDAR SERI PUTRA", "web_code": "-", "web_type": "TM_KPM", "web_district": "Hulu Langat", "web_ppd": "PPD HULU LANGAT", "web_level": "Sekolah Rendah", "web_address": "-", "web_pbt": "MPKJ" }, "geometry": { "type": "Point", "coordinates": [ 101.77587120000004, 2.889537191000045 ] } },
{ "type": "Feature", "properties": { "Nama_Sekol": "SEKOLAH KEBANGSAAN BANDAR SUNWAY SEMENYIH", "PPD": "PPD HULU LANGAT", "PBT": "MPKJ", "JenisWarta": "Tiada", "Tahap_Seko": "Sekolah Rendah", "Koordinat_": 2.967300033, "Koordinat1": 101.8404427, "web_name": "SEKOLAH KEBANGSAAN BANDAR SUNWAY SEMENYIH", "web_code": "-", "web_type": "Tiada", "web_district": "Hulu Langat", "web_ppd": "PPD HULU LANGAT", "web_level": "Sekolah Rendah", "web_address": "-", "web_pbt": "MPKJ" }, "geometry": { "type": "Point", "coordinates": [ 101.84044270000004, 2.967300033000072 ] } },
{ "type": "Feature", "properties": { "Nama_Sekol": "SEKOLAH KEBANGSAAN BANDAR TASIK KESUMA", "PPD": "PPD HULU LANGAT", "PBT": "MPKJ", "JenisWarta": "TM_KPM", "Tahap_Seko": "Sekolah Rendah", "Koordinat_": 2.900133, "Koordinat1": 101.869933, "web_name": "SEKOLAH KEBANGSAAN BANDAR TASIK KESUMA", "web_code": "-", "web_type": "TM_KPM", "web_district": "Hulu Langat", "web_ppd": "PPD HULU LANGAT", "web_level": "Sekolah Rendah", "web_address": "-", "web_pbt": "MPKJ" }, "geometry": { "type": "Point", "coordinates": [ 101.869933, 2.900133 ] } },
{ "type": "Feature", "properties": { "Nama_Sekol": "SEKOLAH KEBANGSAAN BANDAR TEKNOLOGI KAJANG", "PPD": "PPD HULU LANGAT", "PBT": "MPKJ", "JenisWarta": "Tiada", "Tahap_Seko": "Sekolah Rendah", "Koordinat_": 2.969907, "Koordinat1": 101.822487, "web_name": "SEKOLAH KEBANGSAAN BANDAR TEKNOLOGI KAJANG", "web_code": "-", "web_type": "Tiada", "web_district": "Hulu Langat", "web_ppd": "PPD HULU LANGAT", "web_level": "Sekolah Rendah", "web_address": "-", "web_pbt": "MPKJ" }, "geometry": { "type": "Point", "coordinates": [ 101.822487, 2.969907 ] } },
{ "type": "Feature", "properties": { "Nama_Sekol": "SEKOLAH KEBANGSAAN BANDAR TUN HUSSEIN ONN", "PPD": "PPD HULU LANGAT", "PBT": "MPKJ", "JenisWarta": "TM_KPM", "Tahap_Seko": "Sekolah Rendah", "Koordinat_": 3.053283, "Koordinat1": 101.766086, "web_name": "SEKOLAH KEBANGSAAN BANDAR TUN HUSSEIN ONN", "web_code": "-", "web_type": "TM_KPM", "web_district": "Hulu Langat", "web_ppd": "PPD HULU LANGAT", "web_level": "Sekolah Rendah", "web_address": "-", "web_pbt": "MPKJ" }, "geometry": { "type": "Point", "coordinates": [ 101.766086, 3.053283 ] } },
{ "type": "Feature", "properties": { "Nama_Sekol": "SEKOLAH KEBANGSAAN BANDAR TUN HUSSEIN ONN 2", "PPD": "PPD HULU LANGAT", "PBT": "MPKJ", "JenisWarta": "TM_KPM", "Tahap_Seko": "Sekolah Rendah", "Koordinat_": 3.052485, "Koordinat1": 101.754269, "web_name": "SEKOLAH KEBANGSAAN BANDAR TUN HUSSEIN ONN 2", "web_code": "-", "web_type": "TM_KPM", "web_district": "Hulu Langat", "web_ppd": "PPD HULU LANGAT", "web_level": "Sekolah Rendah", "web_address": "-", "web_pbt": "MPKJ" }, "geometry": { "type": "Point", "coordinates": [ 101.754269, 3.052485 ] } },
{ "type": "Feature", "properties": { "Nama_Sekol": "SEKOLAH KEBANGSAAN BANGI", "PPD": "PPD HULU LANGAT", "PBT": "MPKJ", "JenisWarta": "Tiada", "Tahap_Seko": "Sekolah Rendah", "Koordinat_": 2.904813, "Koordinat1": 101.784463, "web_name": "SEKOLAH KEBANGSAAN BANGI", "web_code": "-", "web_type": "Tiada", "web_district": "Hulu Langat", "web_ppd": "PPD HULU LANGAT", "web_level": "Sekolah Rendah", "web_address": "-", "web_pbt": "MPKJ" }, "geometry": { "type": "Point", "coordinates": [ 101.784463, 2.904813 ] } },
{ "type": "Feature", "properties": { "Nama_Sekol": "SEKOLAH KEBANGSAAN BATU SEMBILAN", "PPD": "PPD HULU LANGAT", "PBT": "MPKJ", "JenisWarta": "W.S62", "Tahap_Seko": "Sekolah Rendah", "Koordinat_": 3.06983, "Koordinat1": 101.768654, "web_name": "SEKOLAH KEBANGSAAN BATU SEMBILAN", "web_code": "-", "web_type": "W.S62", "web_district": "Hulu Langat", "web_ppd": "PPD HULU LANGAT", "web_level": "Sekolah Rendah", "web_address": "-", "web_pbt": "MPKJ" }, "geometry": { "type": "Point", "coordinates": [ 101.768654, 3.06983 ] } },
{ "type": "Feature", "properties": { "Nama_Sekol": "SEKOLAH KEBANGSAAN BERANANG", "PPD": "PPD HULU LANGAT", "PBT": "MPKJ", "JenisWarta": "TM_KPM", "Tahap_Seko": "Sekolah Rendah", "Koordinat_": 2.868336, "Koordinat1": 101.871104, "web_name": "SEKOLAH KEBANGSAAN BERANANG", "web_code": "-", "web_type": "TM_KPM", "web_district": "Hulu Langat", "web_ppd": "PPD HULU LANGAT", "web_level": "Sekolah Rendah", "web_address": "-", "web_pbt": "MPKJ" }, "geometry": { "type": "Point", "coordinates": [ 101.871104, 2.868336 ] } },
{ "type": "Feature", "properties": { "Nama_Sekol": "SEKOLAH KEBANGSAAN BUKIT RAYA", "PPD": "PPD HULU LANGAT", "PBT": "MPKJ", "JenisWarta": "TM_KPM", "Tahap_Seko": "Sekolah Rendah", "Koordinat_": 3.072788469, "Koordinat1": 101.7820013, "web_name": "SEKOLAH KEBANGSAAN BUKIT RAYA", "web_code": "-", "web_type": "TM_KPM", "web_district": "Hulu Langat", "web_ppd": "PPD HULU LANGAT", "web_level": "Sekolah Rendah", "web_address": "-", "web_pbt": "MPKJ" }, "geometry": { "type": "Point", "coordinates": [ 101.782001300000047, 3.072788469000045 ] } },
{ "type": "Feature", "properties": { "Nama_Sekol": "SEKOLAH KEBANGSAAN CHERAS INDAH", "PPD": "PPD HULU LANGAT", "PBT": "MPAJ", "JenisWarta": "Tiada", "Tahap_Seko": "Sekolah Rendah", "Koordinat_": 3.125906, "Koordinat1": 101.746178, "web_name": "SEKOLAH KEBANGSAAN CHERAS INDAH", "web_code": "-", "web_type": "Tiada", "web_district": "Hulu Langat", "web_ppd": "PPD HULU LANGAT", "web_level": "Sekolah Rendah", "web_address": "-", "web_pbt": "MPAJ" }, "geometry": { "type": "Point", "coordinates": [ 101.746178, 3.125906 ] } },
{ "type": "Feature", "properties": { "Nama_Sekol": "SEKOLAH KEBANGSAAN CHERAS JAYA", "PPD": "PPD HULU LANGAT", "PBT": "MPKJ", "JenisWarta": "TM_KPM", "Tahap_Seko": "Sekolah Rendah", "Koordinat_": 3.020454, "Koordinat1": 101.762851, "web_name": "SEKOLAH KEBANGSAAN CHERAS JAYA", "web_code": "-", "web_type": "TM_KPM", "web_district": "Hulu Langat", "web_ppd": "PPD HULU LANGAT", "web_level": "Sekolah Rendah", "web_address": "-", "web_pbt": "MPKJ" }, "geometry": { "type": "Point", "coordinates": [ 101.762851, 3.020454 ] } },
{ "type": "Feature", "properties": { "Nama_Sekol": "SEKOLAH KEBANGSAAN CONVENT", "PPD": "PPD HULU LANGAT", "PBT": "MPKJ", "JenisWarta": "Tiada", "Tahap_Seko": "Sekolah Rendah", "Koordinat_": 2.989672, "Koordinat1": 101.789765, "web_name": "SEKOLAH KEBANGSAAN CONVENT", "web_code": "-", "web_type": "Tiada", "web_district": "Hulu Langat", "web_ppd": "PPD HULU LANGAT", "web_level": "Sekolah Rendah", "web_address": "-", "web_pbt": "MPKJ" }, "geometry": { "type": "Point", "coordinates": [ 101.789765, 2.989672 ] } },
{ "type": "Feature", "properties": { "Nama_Sekol": "SEKOLAH KEBANGSAAN DESA BAIDURI", "PPD": "PPD HULU LANGAT", "PBT": "MPKJ", "JenisWarta": "Tiada", "Tahap_Seko": "Sekolah Rendah", "Koordinat_": 3.048106, "Koordinat1": 101.750852, "web_name": "SEKOLAH KEBANGSAAN DESA BAIDURI", "web_code": "-", "web_type": "Tiada", "web_district": "Hulu Langat", "web_ppd": "PPD HULU LANGAT", "web_level": "Sekolah Rendah", "web_address": "-", "web_pbt": "MPKJ" }, "geometry": { "type": "Point", "coordinates": [ 101.750852, 3.048106 ] } },
{ "type": "Feature", "properties": { "Nama_Sekol": "SEKOLAH KEBANGSAAN DUSUN NANDING", "PPD": "PPD HULU LANGAT", "PBT": "MPKJ", "JenisWarta": "TM_KPM", "Tahap_Seko": "Sekolah Rendah", "Koordinat_": 3.083162, "Koordinat1": 101.791043, "web_name": "SEKOLAH KEBANGSAAN DUSUN NANDING", "web_code": "-", "web_type": "TM_KPM", "web_district": "Hulu Langat", "web_ppd": "PPD HULU LANGAT", "web_level": "Sekolah Rendah", "web_address": "-", "web_pbt": "MPKJ" }, "geometry": { "type": "Point", "coordinates": [ 101.791043, 3.083162 ] } },
{ "type": "Feature", "properties": { "Nama_Sekol": "SEKOLAH KEBANGSAAN DUSUN TUA", "PPD": "PPD HULU LANGAT", "PBT": "MPKJ", "JenisWarta": "W.S62", "Tahap_Seko": "Sekolah Rendah", "Koordinat_": 3.150829, "Koordinat1": 101.838493, "web_name": "SEKOLAH KEBANGSAAN DUSUN TUA", "web_code": "-", "web_type": "W.S62", "web_district": "Hulu Langat", "web_ppd": "PPD HULU LANGAT", "web_level": "Sekolah Rendah", "web_address": "-", "web_pbt": "MPKJ" }, "geometry": { "type": "Point", "coordinates": [ 101.838493, 3.150829 ] } },
{ "type": "Feature", "properties": { "Nama_Sekol": "SEKOLAH KEBANGSAAN JALAN 3", "PPD": "PPD HULU LANGAT", "PBT": "MPKJ", "JenisWarta": "TM_KPM", "Tahap_Seko": "Sekolah Rendah", "Koordinat_": 2.946089, "Koordinat1": 101.779441, "web_name": "SEKOLAH KEBANGSAAN JALAN 3", "web_code": "-", "web_type": "TM_KPM", "web_district": "Hulu Langat", "web_ppd": "PPD HULU LANGAT", "web_level": "Sekolah Rendah", "web_address": "-", "web_pbt": "MPKJ" }, "geometry": { "type": "Point", "coordinates": [ 101.779441, 2.946089 ] } },
{ "type": "Feature", "properties": { "Nama_Sekol": "SEKOLAH KEBANGSAAN JALAN BUKIT SATU", "PPD": "PPD HULU LANGAT", "PBT": "MPKJ", "JenisWarta": "Tiada", "Tahap_Seko": "Sekolah Rendah", "Koordinat_": 2.983692636, "Koordinat1": 101.7912651, "web_name": "SEKOLAH KEBANGSAAN JALAN BUKIT SATU", "web_code": "-", "web_type": "Tiada", "web_district": "Hulu Langat", "web_ppd": "PPD HULU LANGAT", "web_level": "Sekolah Rendah", "web_address": "-", "web_pbt": "MPKJ" }, "geometry": { "type": "Point", "coordinates": [ 101.791265100000032, 2.983692636000058 ] } },
{ "type": "Feature", "properties": { "Nama_Sekol": "SEKOLAH KEBANGSAAN JALAN EMPAT", "PPD": "PPD HULU LANGAT", "PBT": "MPKJ", "JenisWarta": "TM_KPM", "Tahap_Seko": "Sekolah Rendah", "Koordinat_": 2.951248, "Koordinat1": 101.779538, "web_name": "SEKOLAH KEBANGSAAN JALAN EMPAT", "web_code": "-", "web_type": "TM_KPM", "web_district": "Hulu Langat", "web_ppd": "PPD HULU LANGAT", "web_level": "Sekolah Rendah", "web_address": "-", "web_pbt": "MPKJ" }, "geometry": { "type": "Point", "coordinates": [ 101.779538, 2.951248 ] } },
{ "type": "Feature", "properties": { "Nama_Sekol": "SEKOLAH KEBANGSAAN JALAN ENAM", "PPD": "PPD HULU LANGAT", "PBT": "MPKJ", "JenisWarta": "Tiada", "Tahap_Seko": "Sekolah Rendah", "Koordinat_": 2.935954, "Koordinat1": 101.766677, "web_name": "SEKOLAH KEBANGSAAN JALAN ENAM", "web_code": "-", "web_type": "Tiada", "web_district": "Hulu Langat", "web_ppd": "PPD HULU LANGAT", "web_level": "Sekolah Rendah", "web_address": "-", "web_pbt": "MPKJ" }, "geometry": { "type": "Point", "coordinates": [ 101.766677, 2.935954 ] } },
{ "type": "Feature", "properties": { "Nama_Sekol": "SEKOLAH KEBANGSAAN JALAN SEMENYIH '1'", "PPD": "PPD HULU LANGAT", "PBT": "MPKJ", "JenisWarta": "Tiada", "Tahap_Seko": "Sekolah Rendah", "Koordinat_": 2.993384056, "Koordinat1": 101.7945287, "web_name": "SEKOLAH KEBANGSAAN JALAN SEMENYIH '1'", "web_code": "-", "web_type": "Tiada", "web_district": "Hulu Langat", "web_ppd": "PPD HULU LANGAT", "web_level": "Sekolah Rendah", "web_address": "-", "web_pbt": "MPKJ" }, "geometry": { "type": "Point", "coordinates": [ 101.794528700000058, 2.993384056000025 ] } },
{ "type": "Feature", "properties": { "Nama_Sekol": "SEKOLAH KEBANGSAAN JALAN SEMENYIH '2'", "PPD": "PPD HULU LANGAT", "PBT": "MPKJ", "JenisWarta": "Tiada", "Tahap_Seko": "Sekolah Rendah", "Koordinat_": 2.993519824, "Koordinat1": 101.7948907, "web_name": "SEKOLAH KEBANGSAAN JALAN SEMENYIH '2'", "web_code": "-", "web_type": "Tiada", "web_district": "Hulu Langat", "web_ppd": "PPD HULU LANGAT", "web_level": "Sekolah Rendah", "web_address": "-", "web_pbt": "MPKJ" }, "geometry": { "type": "Point", "coordinates": [ 101.794890700000053, 2.993519824000032 ] } },
{ "type": "Feature", "properties": { "Nama_Sekol": "SEKOLAH KEBANGSAAN KAJANG", "PPD": "PPD HULU LANGAT", "PBT": "MPKJ", "JenisWarta": "TM_KPM", "Tahap_Seko": "Sekolah Rendah", "Koordinat_": 2.994475899, "Koordinat1": 101.7904349, "web_name": "SEKOLAH KEBANGSAAN KAJANG", "web_code": "-", "web_type": "TM_KPM", "web_district": "Hulu Langat", "web_ppd": "PPD HULU LANGAT", "web_level": "Sekolah Rendah", "web_address": "-", "web_pbt": "MPKJ" }, "geometry": { "type": "Point", "coordinates": [ 101.790434900000037, 2.994475899000065 ] } },
{ "type": "Feature", "properties": { "Nama_Sekol": "SEKOLAH KEBANGSAAN KAJANG UTAMA", "PPD": "PPD HULU LANGAT", "PBT": "MPKJ", "JenisWarta": "TM_KPM", "Tahap_Seko": "Sekolah Rendah", "Koordinat_": 2.973839, "Koordinat1": 101.794229, "web_name": "SEKOLAH KEBANGSAAN KAJANG UTAMA", "web_code": "-", "web_type": "TM_KPM", "web_district": "Hulu Langat", "web_ppd": "PPD HULU LANGAT", "web_level": "Sekolah Rendah", "web_address": "-", "web_pbt": "MPKJ" }, "geometry": { "type": "Point", "coordinates": [ 101.794229, 2.973839 ] } },
{ "type": "Feature", "properties": { "Nama_Sekol": "SEKOLAH KEBANGSAAN KAMPUNG RINCHING", "PPD": "PPD HULU LANGAT", "PBT": "MPKJ", "JenisWarta": "TM_KPM", "Tahap_Seko": "Sekolah Rendah", "Koordinat_": 2.915378, "Koordinat1": 101.861901, "web_name": "SEKOLAH KEBANGSAAN KAMPUNG RINCHING", "web_code": "-", "web_type": "TM_KPM", "web_district": "Hulu Langat", "web_ppd": "PPD HULU LANGAT", "web_level": "Sekolah Rendah", "web_address": "-", "web_pbt": "MPKJ" }, "geometry": { "type": "Point", "coordinates": [ 101.861901, 2.915378 ] } },
{ "type": "Feature", "properties": { "Nama_Sekol": "SEKOLAH KEBANGSAAN KANTAN PERMAI", "PPD": "PPD HULU LANGAT", "PBT": "MPKJ", "JenisWarta": "TM_KPM", "Tahap_Seko": "Sekolah Rendah", "Koordinat_": 3.018483, "Koordinat1": 101.806863, "web_name": "SEKOLAH KEBANGSAAN KANTAN PERMAI", "web_code": "-", "web_type": "TM_KPM", "web_district": "Hulu Langat", "web_ppd": "PPD HULU LANGAT", "web_level": "Sekolah Rendah", "web_address": "-", "web_pbt": "MPKJ" }, "geometry": { "type": "Point", "coordinates": [ 101.806863, 3.018483 ] } },
{ "type": "Feature", "properties": { "Nama_Sekol": "SEKOLAH KEBANGSAAN KG CHERAS BAHARU", "PPD": "PPD HULU LANGAT", "PBT": "MPAJ", "JenisWarta": "Tiada", "Tahap_Seko": "Sekolah Rendah", "Koordinat_": 3.111171, "Koordinat1": 101.74976, "web_name": "SEKOLAH KEBANGSAAN KG CHERAS BAHARU", "web_code": "-", "web_type": "Tiada", "web_district": "Hulu Langat", "web_ppd": "PPD HULU LANGAT", "web_level": "Sekolah Rendah", "web_address": "-", "web_pbt": "MPAJ" }, "geometry": { "type": "Point", "coordinates": [ 101.74976, 3.111171 ] } },
{ "type": "Feature", "properties": { "Nama_Sekol": "SEKOLAH KEBANGSAAN KG KUALA PAJAM", "PPD": "PPD HULU LANGAT", "PBT": "MPKJ", "JenisWarta": "TM_KPM", "Tahap_Seko": "Sekolah Rendah", "Koordinat_": 2.868642, "Koordinat1": 101.845383, "web_name": "SEKOLAH KEBANGSAAN KG KUALA PAJAM", "web_code": "-", "web_type": "TM_KPM", "web_district": "Hulu Langat", "web_ppd": "PPD HULU LANGAT", "web_level": "Sekolah Rendah", "web_address": "-", "web_pbt": "MPKJ" }, "geometry": { "type": "Point", "coordinates": [ 101.845383, 2.868642 ] } },
{ "type": "Feature", "properties": { "Nama_Sekol": "SEKOLAH KEBANGSAAN KUALA POMSON", "PPD": "PPD HULU LANGAT", "PBT": "MPKJ", "JenisWarta": "TM_KPM", "Tahap_Seko": "Sekolah Rendah", "Koordinat_": 3.211399324, "Koordinat1": 101.871046, "web_name": "SEKOLAH KEBANGSAAN KUALA POMSON", "web_code": "-", "web_type": "TM_KPM", "web_district": "Hulu Langat", "web_ppd": "PPD HULU LANGAT", "web_level": "Sekolah Rendah", "web_address": "-", "web_pbt": "MPKJ" }, "geometry": { "type": "Point", "coordinates": [ 101.871046, 3.21139932400007 ] } },
{ "type": "Feature", "properties": { "Nama_Sekol": "SEKOLAH KEBANGSAAN LEFTENAN ADNAN", "PPD": "PPD HULU LANGAT", "PBT": "MPKJ", "JenisWarta": "W.S62", "Tahap_Seko": "Sekolah Rendah", "Koordinat_": 2.986314, "Koordinat1": 101.768069, "web_name": "SEKOLAH KEBANGSAAN LEFTENAN ADNAN", "web_code": "-", "web_type": "W.S62", "web_district": "Hulu Langat", "web_ppd": "PPD HULU LANGAT", "web_level": "Sekolah Rendah", "web_address": "-", "web_pbt": "MPKJ" }, "geometry": { "type": "Point", "coordinates": [ 101.768069, 2.986314 ] } },
{ "type": "Feature", "properties": { "Nama_Sekol": "SEKOLAH KEBANGSAAN LEMBAH JAYA", "PPD": "PPD HULU LANGAT", "PBT": "MPAJ", "JenisWarta": "TM_KPM", "Tahap_Seko": "Sekolah Rendah", "Koordinat_": 3.137911, "Koordinat1": 101.78549, "web_name": "SEKOLAH KEBANGSAAN LEMBAH JAYA", "web_code": "-", "web_type": "TM_KPM", "web_district": "Hulu Langat", "web_ppd": "PPD HULU LANGAT", "web_level": "Sekolah Rendah", "web_address": "-", "web_pbt": "MPAJ" }, "geometry": { "type": "Point", "coordinates": [ 101.78549, 3.137911 ] } },
{ "type": "Feature", "properties": { "Nama_Sekol": "SEKOLAH KEBANGSAAN LUBOK KELUBI", "PPD": "PPD HULU LANGAT", "PBT": "MPKJ", "JenisWarta": "TM_KPM", "Tahap_Seko": "Sekolah Rendah", "Koordinat_": 3.177462, "Koordinat1": 101.855559, "web_name": "SEKOLAH KEBANGSAAN LUBOK KELUBI", "web_code": "-", "web_type": "TM_KPM", "web_district": "Hulu Langat", "web_ppd": "PPD HULU LANGAT", "web_level": "Sekolah Rendah", "web_address": "-", "web_pbt": "MPKJ" }, "geometry": { "type": "Point", "coordinates": [ 101.855559, 3.177462 ] } },
{ "type": "Feature", "properties": { "Nama_Sekol": "SEKOLAH KEBANGSAAN PANDAN INDAH", "PPD": "PPD HULU LANGAT", "PBT": "MPAJ", "JenisWarta": "Tiada", "Tahap_Seko": "Sekolah Rendah", "Koordinat_": 3.125551, "Koordinat1": 101.751969, "web_name": "SEKOLAH KEBANGSAAN PANDAN INDAH", "web_code": "-", "web_type": "Tiada", "web_district": "Hulu Langat", "web_ppd": "PPD HULU LANGAT", "web_level": "Sekolah Rendah", "web_address": "-", "web_pbt": "MPAJ" }, "geometry": { "type": "Point", "coordinates": [ 101.751969, 3.125551 ] } },
{ "type": "Feature", "properties": { "Nama_Sekol": "SEKOLAH KEBANGSAAN PANDAN JAYA", "PPD": "PPD HULU LANGAT", "PBT": "MPAJ", "JenisWarta": "TM_KPM", "Tahap_Seko": "Sekolah Rendah", "Koordinat_": 3.137911, "Koordinat1": 101.738342, "web_name": "SEKOLAH KEBANGSAAN PANDAN JAYA", "web_code": "-", "web_type": "TM_KPM", "web_district": "Hulu Langat", "web_ppd": "PPD HULU LANGAT", "web_level": "Sekolah Rendah", "web_address": "-", "web_pbt": "MPAJ" }, "geometry": { "type": "Point", "coordinates": [ 101.738342, 3.137911 ] } },
{ "type": "Feature", "properties": { "Nama_Sekol": "SEKOLAH KEBANGSAAN PANDAN PERDANA", "PPD": "PPD HULU LANGAT", "PBT": "MPAJ", "JenisWarta": "TM_KPM", "Tahap_Seko": "Sekolah Rendah", "Koordinat_": 3.115935026, "Koordinat1": 101.7419154, "web_name": "SEKOLAH KEBANGSAAN PANDAN PERDANA", "web_code": "-", "web_type": "TM_KPM", "web_district": "Hulu Langat", "web_ppd": "PPD HULU LANGAT", "web_level": "Sekolah Rendah", "web_address": "-", "web_pbt": "MPAJ" }, "geometry": { "type": "Point", "coordinates": [ 101.741915400000039, 3.115935026000045 ] } },
{ "type": "Feature", "properties": { "Nama_Sekol": "SEKOLAH KEBANGSAAN RINCHING HILIR", "PPD": "PPD HULU LANGAT", "PBT": "MPKJ", "JenisWarta": "TM_KPM", "Tahap_Seko": "Sekolah Rendah", "Koordinat_": 2.901388, "Koordinat1": 101.813872, "web_name": "SEKOLAH KEBANGSAAN RINCHING HILIR", "web_code": "-", "web_type": "TM_KPM", "web_district": "Hulu Langat", "web_ppd": "PPD HULU LANGAT", "web_level": "Sekolah Rendah", "web_address": "-", "web_pbt": "MPKJ" }, "geometry": { "type": "Point", "coordinates": [ 101.813872, 2.901388 ] } },
{ "type": "Feature", "properties": { "Nama_Sekol": "SEKOLAH KEBANGSAAN SAUJANA IMPIAN", "PPD": "PPD HULU LANGAT", "PBT": "MPKJ", "JenisWarta": "TM_KPM", "Tahap_Seko": "Sekolah Rendah", "Koordinat_": 3.012838, "Koordinat1": 101.787166, "web_name": "SEKOLAH KEBANGSAAN SAUJANA IMPIAN", "web_code": "-", "web_type": "TM_KPM", "web_district": "Hulu Langat", "web_ppd": "PPD HULU LANGAT", "web_level": "Sekolah Rendah", "web_address": "-", "web_pbt": "MPKJ" }, "geometry": { "type": "Point", "coordinates": [ 101.787166, 3.012838 ] } },
{ "type": "Feature", "properties": { "Nama_Sekol": "SEKOLAH KEBANGSAAN SAUJANA IMPIAN (2)", "PPD": "PPD HULU LANGAT", "PBT": "MPKJ", "JenisWarta": "TM_KPM", "Tahap_Seko": "Sekolah Rendah", "Koordinat_": 3.021045, "Koordinat1": 101.792032, "web_name": "SEKOLAH KEBANGSAAN SAUJANA IMPIAN (2)", "web_code": "-", "web_type": "TM_KPM", "web_district": "Hulu Langat", "web_ppd": "PPD HULU LANGAT", "web_level": "Sekolah Rendah", "web_address": "-", "web_pbt": "MPKJ" }, "geometry": { "type": "Point", "coordinates": [ 101.792032, 3.021045 ] } },
{ "type": "Feature", "properties": { "Nama_Sekol": "SEKOLAH KEBANGSAAN SEKSYEN 7", "PPD": "PPD HULU LANGAT", "PBT": "MPKJ", "JenisWarta": "TM_KPM", "Tahap_Seko": "Sekolah Rendah", "Koordinat_": 2.970422, "Koordinat1": 101.775508, "web_name": "SEKOLAH KEBANGSAAN SEKSYEN 7", "web_code": "-", "web_type": "TM_KPM", "web_district": "Hulu Langat", "web_ppd": "PPD HULU LANGAT", "web_level": "Sekolah Rendah", "web_address": "-", "web_pbt": "MPKJ" }, "geometry": { "type": "Point", "coordinates": [ 101.775508, 2.970422 ] } },
{ "type": "Feature", "properties": { "Nama_Sekol": "SEKOLAH KEBANGSAAN SEMENYIH", "PPD": "PPD HULU LANGAT", "PBT": "MPKJ", "JenisWarta": "W.S62", "Tahap_Seko": "Sekolah Rendah", "Koordinat_": 2.95047, "Koordinat1": 101.844684, "web_name": "SEKOLAH KEBANGSAAN SEMENYIH", "web_code": "-", "web_type": "W.S62", "web_district": "Hulu Langat", "web_ppd": "PPD HULU LANGAT", "web_level": "Sekolah Rendah", "web_address": "-", "web_pbt": "MPKJ" }, "geometry": { "type": "Point", "coordinates": [ 101.844684, 2.95047 ] } },
{ "type": "Feature", "properties": { "Nama_Sekol": "SEKOLAH KEBANGSAAN SERI SEKAMAT", "PPD": "PPD HULU LANGAT", "PBT": "MPKJ", "JenisWarta": "TM_KPM", "Tahap_Seko": "Sekolah Rendah", "Koordinat_": 3.023908, "Koordinat1": 101.779649, "web_name": "SEKOLAH KEBANGSAAN SERI SEKAMAT", "web_code": "-", "web_type": "TM_KPM", "web_district": "Hulu Langat", "web_ppd": "PPD HULU LANGAT", "web_level": "Sekolah Rendah", "web_address": "-", "web_pbt": "MPKJ" }, "geometry": { "type": "Point", "coordinates": [ 101.779649, 3.023908 ] } },
{ "type": "Feature", "properties": { "Nama_Sekol": "SEKOLAH KEBANGSAAN SG TEKALI", "PPD": "PPD HULU LANGAT", "PBT": "MPKJ", "JenisWarta": "TM_KPM", "Tahap_Seko": "Sekolah Rendah", "Koordinat_": 3.113281, "Koordinat1": 101.855689, "web_name": "SEKOLAH KEBANGSAAN SG TEKALI", "web_code": "-", "web_type": "TM_KPM", "web_district": "Hulu Langat", "web_ppd": "PPD HULU LANGAT", "web_level": "Sekolah Rendah", "web_address": "-", "web_pbt": "MPKJ" }, "geometry": { "type": "Point", "coordinates": [ 101.855689, 3.113281 ] } },
{ "type": "Feature", "properties": { "Nama_Sekol": "SEKOLAH KEBANGSAAN SRI JELOK", "PPD": "PPD HULU LANGAT", "PBT": "MPKJ", "JenisWarta": "Tiada", "Tahap_Seko": "Sekolah Rendah", "Koordinat_": 2.99487, "Koordinat1": 101.811293, "web_name": "SEKOLAH KEBANGSAAN SRI JELOK", "web_code": "-", "web_type": "Tiada", "web_district": "Hulu Langat", "web_ppd": "PPD HULU LANGAT", "web_level": "Sekolah Rendah", "web_address": "-", "web_pbt": "MPKJ" }, "geometry": { "type": "Point", "coordinates": [ 101.811293, 2.99487 ] } },
{ "type": "Feature", "properties": { "Nama_Sekol": "SEKOLAH KEBANGSAAN SUNGAI KANTAN", "PPD": "PPD HULU LANGAT", "PBT": "MPKJ", "JenisWarta": "TM_KPM", "Tahap_Seko": "Sekolah Rendah", "Koordinat_": 3.002130137, "Koordinat1": 101.791563, "web_name": "SEKOLAH KEBANGSAAN SUNGAI KANTAN", "web_code": "-", "web_type": "TM_KPM", "web_district": "Hulu Langat", "web_ppd": "PPD HULU LANGAT", "web_level": "Sekolah Rendah", "web_address": "-", "web_pbt": "MPKJ" }, "geometry": { "type": "Point", "coordinates": [ 101.791563, 3.002130137000051 ] } },
{ "type": "Feature", "properties": { "Nama_Sekol": "SEKOLAH KEBANGSAAN SUNGAI LUI", "PPD": "PPD HULU LANGAT", "PBT": "MPKJ", "JenisWarta": "TM_KPM", "Tahap_Seko": "Sekolah Rendah", "Koordinat_": 3.166498, "Koordinat1": 101.883977, "web_name": "SEKOLAH KEBANGSAAN SUNGAI LUI", "web_code": "-", "web_type": "TM_KPM", "web_district": "Hulu Langat", "web_ppd": "PPD HULU LANGAT", "web_level": "Sekolah Rendah", "web_address": "-", "web_pbt": "MPKJ" }, "geometry": { "type": "Point", "coordinates": [ 101.883977, 3.166498 ] } },
{ "type": "Feature", "properties": { "Nama_Sekol": "SEKOLAH KEBANGSAAN SUNGAI RAMAL DALAM", "PPD": "PPD HULU LANGAT", "PBT": "MPKJ", "JenisWarta": "Tiada", "Tahap_Seko": "Sekolah Rendah", "Koordinat_": 2.969483, "Koordinat1": 101.757233, "web_name": "SEKOLAH KEBANGSAAN SUNGAI RAMAL DALAM", "web_code": "-", "web_type": "Tiada", "web_district": "Hulu Langat", "web_ppd": "PPD HULU LANGAT", "web_level": "Sekolah Rendah", "web_address": "-", "web_pbt": "MPKJ" }, "geometry": { "type": "Point", "coordinates": [ 101.757233, 2.969483 ] } },
{ "type": "Feature", "properties": { "Nama_Sekol": "SEKOLAH KEBANGSAAN SUNGAI SERAI", "PPD": "PPD HULU LANGAT", "PBT": "MPKJ", "JenisWarta": "W.S62", "Tahap_Seko": "Sekolah Rendah", "Koordinat_": 3.087726, "Koordinat1": 101.790109, "web_name": "SEKOLAH KEBANGSAAN SUNGAI SERAI", "web_code": "-", "web_type": "W.S62", "web_district": "Hulu Langat", "web_ppd": "PPD HULU LANGAT", "web_level": "Sekolah Rendah", "web_address": "-", "web_pbt": "MPKJ" }, "geometry": { "type": "Point", "coordinates": [ 101.790109, 3.087726 ] } },
{ "type": "Feature", "properties": { "Nama_Sekol": "SEKOLAH KEBANGSAAN TAMAN BUKIT TERATAI", "PPD": "PPD HULU LANGAT", "PBT": "MPAJ", "JenisWarta": "Tiada", "Tahap_Seko": "Sekolah Rendah", "Koordinat_": 3.10913, "Koordinat1": 101.764693, "web_name": "SEKOLAH KEBANGSAAN TAMAN BUKIT TERATAI", "web_code": "-", "web_type": "Tiada", "web_district": "Hulu Langat", "web_ppd": "PPD HULU LANGAT", "web_level": "Sekolah Rendah", "web_address": "-", "web_pbt": "MPAJ" }, "geometry": { "type": "Point", "coordinates": [ 101.764693, 3.10913 ] } },
{ "type": "Feature", "properties": { "Nama_Sekol": "SEKOLAH KEBANGSAAN TAMAN CUEPACS", "PPD": "PPD HULU LANGAT", "PBT": "MPKJ", "JenisWarta": "Tiada", "Tahap_Seko": "Sekolah Rendah", "Koordinat_": 3.078493, "Koordinat1": 101.759093, "web_name": "SEKOLAH KEBANGSAAN TAMAN CUEPACS", "web_code": "-", "web_type": "Tiada", "web_district": "Hulu Langat", "web_ppd": "PPD HULU LANGAT", "web_level": "Sekolah Rendah", "web_address": "-", "web_pbt": "MPKJ" }, "geometry": { "type": "Point", "coordinates": [ 101.759093, 3.078493 ] } },
{ "type": "Feature", "properties": { "Nama_Sekol": "SEKOLAH KEBANGSAAN TAMAN JASMIN", "PPD": "PPD HULU LANGAT", "PBT": "MPKJ", "JenisWarta": "TM_KPM", "Tahap_Seko": "Sekolah Rendah", "Koordinat_": 2.982191, "Koordinat1": 101.814045, "web_name": "SEKOLAH KEBANGSAAN TAMAN JASMIN", "web_code": "-", "web_type": "TM_KPM", "web_district": "Hulu Langat", "web_ppd": "PPD HULU LANGAT", "web_level": "Sekolah Rendah", "web_address": "-", "web_pbt": "MPKJ" }, "geometry": { "type": "Point", "coordinates": [ 101.814045, 2.982191 ] } },
{ "type": "Feature", "properties": { "Nama_Sekol": "SEKOLAH KEBANGSAAN TAMAN KOSAS", "PPD": "PPD HULU LANGAT", "PBT": "MPAJ", "JenisWarta": "Tiada", "Tahap_Seko": "Sekolah Rendah", "Koordinat_": 3.148163, "Koordinat1": 101.773833, "web_name": "SEKOLAH KEBANGSAAN TAMAN KOSAS", "web_code": "-", "web_type": "Tiada", "web_district": "Hulu Langat", "web_ppd": "PPD HULU LANGAT", "web_level": "Sekolah Rendah", "web_address": "-", "web_pbt": "MPAJ" }, "geometry": { "type": "Point", "coordinates": [ 101.773833, 3.148163 ] } },
{ "type": "Feature", "properties": { "Nama_Sekol": "SEKOLAH KEBANGSAAN TAMAN MUDA", "PPD": "PPD HULU LANGAT", "PBT": "MPAJ", "JenisWarta": "Tiada", "Tahap_Seko": "Sekolah Rendah", "Koordinat_": 3.120505, "Koordinat1": 101.7561, "web_name": "SEKOLAH KEBANGSAAN TAMAN MUDA", "web_code": "-", "web_type": "Tiada", "web_district": "Hulu Langat", "web_ppd": "PPD HULU LANGAT", "web_level": "Sekolah Rendah", "web_address": "-", "web_pbt": "MPAJ" }, "geometry": { "type": "Point", "coordinates": [ 101.7561, 3.120505 ] } },
{ "type": "Feature", "properties": { "Nama_Sekol": "SEKOLAH KEBANGSAAN TAMAN NIRWANA", "PPD": "PPD HULU LANGAT", "PBT": "MPAJ", "JenisWarta": "TM_KPM", "Tahap_Seko": "Sekolah Rendah", "Koordinat_": 3.143081, "Koordinat1": 101.751851, "web_name": "SEKOLAH KEBANGSAAN TAMAN NIRWANA", "web_code": "-", "web_type": "TM_KPM", "web_district": "Hulu Langat", "web_ppd": "PPD HULU LANGAT", "web_level": "Sekolah Rendah", "web_address": "-", "web_pbt": "MPAJ" }, "geometry": { "type": "Point", "coordinates": [ 101.751851, 3.143081 ] } },
{ "type": "Feature", "properties": { "Nama_Sekol": "SEKOLAH KEBANGSAAN TAMAN PELANGI SEMENYIH", "PPD": "PPD HULU LANGAT", "PBT": "MPKJ", "JenisWarta": "Tiada", "Tahap_Seko": "Sekolah Rendah", "Koordinat_": 2.942101701, "Koordinat1": 101.860116, "web_name": "SEKOLAH KEBANGSAAN TAMAN PELANGI SEMENYIH", "web_code": "-", "web_type": "Tiada", "web_district": "Hulu Langat", "web_ppd": "PPD HULU LANGAT", "web_level": "Sekolah Rendah", "web_address": "-", "web_pbt": "MPKJ" }, "geometry": { "type": "Point", "coordinates": [ 101.860116, 2.94210170100007 ] } },
{ "type": "Feature", "properties": { "Nama_Sekol": "SEKOLAH KEBANGSAAN TAMAN PUTERI", "PPD": "PPD HULU LANGAT", "PBT": "MPKJ", "JenisWarta": "Tiada", "Tahap_Seko": "Sekolah Rendah", "Koordinat_": 3.078116, "Koordinat1": 101.771993, "web_name": "SEKOLAH KEBANGSAAN TAMAN PUTERI", "web_code": "-", "web_type": "Tiada", "web_district": "Hulu Langat", "web_ppd": "PPD HULU LANGAT", "web_level": "Sekolah Rendah", "web_address": "-", "web_pbt": "MPKJ" }, "geometry": { "type": "Point", "coordinates": [ 101.771993, 3.078116 ] } },
{ "type": "Feature", "properties": { "Nama_Sekol": "SEKOLAH KEBANGSAAN TAMAN RAKAN", "PPD": "PPD HULU LANGAT", "PBT": "MPKJ", "JenisWarta": "Tiada", "Tahap_Seko": "Sekolah Rendah", "Koordinat_": 3.03376, "Koordinat1": 101.787572, "web_name": "SEKOLAH KEBANGSAAN TAMAN RAKAN", "web_code": "-", "web_type": "Tiada", "web_district": "Hulu Langat", "web_ppd": "PPD HULU LANGAT", "web_level": "Sekolah Rendah", "web_address": "-", "web_pbt": "MPKJ" }, "geometry": { "type": "Point", "coordinates": [ 101.787572, 3.03376 ] } },
{ "type": "Feature", "properties": { "Nama_Sekol": "SEKOLAH KEBANGSAAN TAMAN TASIK", "PPD": "PPD HULU LANGAT", "PBT": "MPAJ", "JenisWarta": "TM_KPM", "Tahap_Seko": "Sekolah Rendah", "Koordinat_": 3.126978, "Koordinat1": 101.773091, "web_name": "SEKOLAH KEBANGSAAN TAMAN TASIK", "web_code": "-", "web_type": "TM_KPM", "web_district": "Hulu Langat", "web_ppd": "PPD HULU LANGAT", "web_level": "Sekolah Rendah", "web_address": "-", "web_pbt": "MPAJ" }, "geometry": { "type": "Point", "coordinates": [ 101.773091, 3.126978 ] } },
{ "type": "Feature", "properties": { "Nama_Sekol": "SEKOLAH KEBANGSAAN TAMING JAYA", "PPD": "PPD HULU LANGAT", "PBT": "MPKJ", "JenisWarta": "TM_KPM", "Tahap_Seko": "Sekolah Rendah", "Koordinat_": 3.025503, "Koordinat1": 101.748189, "web_name": "SEKOLAH KEBANGSAAN TAMING JAYA", "web_code": "-", "web_type": "TM_KPM", "web_district": "Hulu Langat", "web_ppd": "PPD HULU LANGAT", "web_level": "Sekolah Rendah", "web_address": "-", "web_pbt": "MPKJ" }, "geometry": { "type": "Point", "coordinates": [ 101.748189, 3.025503 ] } },
{ "type": "Feature", "properties": { "Nama_Sekol": "SEKOLAH KEBANGSAAN TASEK PERMAI", "PPD": "PPD HULU LANGAT", "PBT": "MPAJ", "JenisWarta": "TM_KPM", "Tahap_Seko": "Sekolah Rendah", "Koordinat_": 3.124699, "Koordinat1": 101.779201, "web_name": "SEKOLAH KEBANGSAAN TASEK PERMAI", "web_code": "-", "web_type": "TM_KPM", "web_district": "Hulu Langat", "web_ppd": "PPD HULU LANGAT", "web_level": "Sekolah Rendah", "web_address": "-", "web_pbt": "MPAJ" }, "geometry": { "type": "Point", "coordinates": [ 101.779201, 3.124699 ] } },
{ "type": "Feature", "properties": { "Nama_Sekol": "SEKOLAH KEBANGSAAN TUN ABD AZIZ MAJID", "PPD": "PPD HULU LANGAT", "PBT": "MPKJ", "JenisWarta": "Tiada", "Tahap_Seko": "Sekolah Rendah", "Koordinat_": 3.116822, "Koordinat1": 101.813987, "web_name": "SEKOLAH KEBANGSAAN TUN ABD AZIZ MAJID", "web_code": "-", "web_type": "Tiada", "web_district": "Hulu Langat", "web_ppd": "PPD HULU LANGAT", "web_level": "Sekolah Rendah", "web_address": "-", "web_pbt": "MPKJ" }, "geometry": { "type": "Point", "coordinates": [ 101.813987, 3.116822 ] } },
{ "type": "Feature", "properties": { "Nama_Sekol": "SEKOLAH KEBANGSAAN ULU SEMENYIH", "PPD": "PPD HULU LANGAT", "PBT": "MPKJ", "JenisWarta": "W.S62", "Tahap_Seko": "Sekolah Rendah", "Koordinat_": 2.992503, "Koordinat1": 101.870549, "web_name": "SEKOLAH KEBANGSAAN ULU SEMENYIH", "web_code": "-", "web_type": "W.S62", "web_district": "Hulu Langat", "web_ppd": "PPD HULU LANGAT", "web_level": "Sekolah Rendah", "web_address": "-", "web_pbt": "MPKJ" }, "geometry": { "type": "Point", "coordinates": [ 101.870549, 2.992503 ] } },
{ "type": "Feature", "properties": { "Nama_Sekol": "KOLEJ VOKASIONAL KAJANG", "PPD": "PPD HULU LANGAT", "PBT": "MPKJ", "JenisWarta": "TM_KPM", "Tahap_Seko": "Sekolah Menengah", "Koordinat_": 2.986858, "Koordinat1": 101.81358, "web_name": "KOLEJ VOKASIONAL KAJANG", "web_code": "-", "web_type": "TM_KPM", "web_district": "Hulu Langat", "web_ppd": "PPD HULU LANGAT", "web_level": "Sekolah Menengah", "web_address": "-", "web_pbt": "MPKJ" }, "geometry": { "type": "Point", "coordinates": [ 101.81358, 2.986858 ] } },
{ "type": "Feature", "properties": { "Nama_Sekol": "SAM HULU LANGAT", "PPD": "PPD HULU LANGAT", "PBT": "MPKJ", "JenisWarta": "Tiada", "Tahap_Seko": "Sekolah Menengah", "Koordinat_": 3.063728, "Koordinat1": 101.773643, "web_name": "SAM HULU LANGAT", "web_code": "-", "web_type": "Tiada", "web_district": "Hulu Langat", "web_ppd": "PPD HULU LANGAT", "web_level": "Sekolah Menengah", "web_address": "-", "web_pbt": "MPKJ" }, "geometry": { "type": "Point", "coordinates": [ 101.773643, 3.063728 ] } },
{ "type": "Feature", "properties": { "Nama_Sekol": "SEKOLAH MENENGAH AGAMA PERSEKUTUAN KAJANG", "PPD": "PPD HULU LANGAT", "PBT": "MPKJ", "JenisWarta": "TM_KPM", "Tahap_Seko": "Sekolah Menengah", "Koordinat_": 3.019706, "Koordinat1": 101.780673, "web_name": "SEKOLAH MENENGAH AGAMA PERSEKUTUAN KAJANG", "web_code": "-", "web_type": "TM_KPM", "web_district": "Hulu Langat", "web_ppd": "PPD HULU LANGAT", "web_level": "Sekolah Menengah", "web_address": "-", "web_pbt": "MPKJ" }, "geometry": { "type": "Point", "coordinates": [ 101.780673, 3.019706 ] } },
{ "type": "Feature", "properties": { "Nama_Sekol": "SEKOLAH MENENGAH KEBANGSAAN ABDUL JALIL", "PPD": "PPD HULU LANGAT", "PBT": "MPKJ", "JenisWarta": "TM_KPM", "Tahap_Seko": "Sekolah Menengah", "Koordinat_": 3.118103, "Koordinat1": 101.817496, "web_name": "SEKOLAH MENENGAH KEBANGSAAN ABDUL JALIL", "web_code": "-", "web_type": "TM_KPM", "web_district": "Hulu Langat", "web_ppd": "PPD HULU LANGAT", "web_level": "Sekolah Menengah", "web_address": "-", "web_pbt": "MPKJ" }, "geometry": { "type": "Point", "coordinates": [ 101.817496, 3.118103 ] } },
{ "type": "Feature", "properties": { "Nama_Sekol": "SEKOLAH MENENGAH KEBANGSAAN AGAMA MAAHAD HAMIDIAH", "PPD": "PPD HULU LANGAT", "PBT": "MPKJ", "JenisWarta": "TM_KPM", "Tahap_Seko": "Sekolah Menengah", "Koordinat_": 2.983614, "Koordinat1": 101.752771, "web_name": "SEKOLAH MENENGAH KEBANGSAAN AGAMA MAAHAD HAMIDIAH", "web_code": "-", "web_type": "TM_KPM", "web_district": "Hulu Langat", "web_ppd": "PPD HULU LANGAT", "web_level": "Sekolah Menengah", "web_address": "-", "web_pbt": "MPKJ" }, "geometry": { "type": "Point", "coordinates": [ 101.752771, 2.983614 ] } },
{ "type": "Feature", "properties": { "Nama_Sekol": "SEKOLAH MENENGAH KEBANGSAAN BANDAR BARU AMPANG", "PPD": "PPD HULU LANGAT", "PBT": "MPAJ", "JenisWarta": "TM_KPM", "Tahap_Seko": "Sekolah Menengah", "Koordinat_": 3.13692, "Koordinat1": 101.768273, "web_name": "SEKOLAH MENENGAH KEBANGSAAN BANDAR BARU AMPANG", "web_code": "-", "web_type": "TM_KPM", "web_district": "Hulu Langat", "web_ppd": "PPD HULU LANGAT", "web_level": "Sekolah Menengah", "web_address": "-", "web_pbt": "MPAJ" }, "geometry": { "type": "Point", "coordinates": [ 101.768273, 3.13692 ] } },
{ "type": "Feature", "properties": { "Nama_Sekol": "SEKOLAH MENENGAH KEBANGSAAN BANDAR BARU BANGI", "PPD": "PPD HULU LANGAT", "PBT": "MPKJ", "JenisWarta": "Tiada", "Tahap_Seko": "Sekolah Menengah", "Koordinat_": 2.946607, "Koordinat1": 101.769725, "web_name": "SEKOLAH MENENGAH KEBANGSAAN BANDAR BARU BANGI", "web_code": "-", "web_type": "Tiada", "web_district": "Hulu Langat", "web_ppd": "PPD HULU LANGAT", "web_level": "Sekolah Menengah", "web_address": "-", "web_pbt": "MPKJ" }, "geometry": { "type": "Point", "coordinates": [ 101.769725, 2.946607 ] } },
{ "type": "Feature", "properties": { "Nama_Sekol": "SEKOLAH MENENGAH KEBANGSAAN BANDAR BARU SUNGAI LONG", "PPD": "PPD HULU LANGAT", "PBT": "MPKJ", "JenisWarta": "TM_KPM", "Tahap_Seko": "Sekolah Menengah", "Koordinat_": 3.052821, "Koordinat1": 101.801833, "web_name": "SEKOLAH MENENGAH KEBANGSAAN BANDAR BARU SUNGAI LONG", "web_code": "-", "web_type": "TM_KPM", "web_district": "Hulu Langat", "web_ppd": "PPD HULU LANGAT", "web_level": "Sekolah Menengah", "web_address": "-", "web_pbt": "MPKJ" }, "geometry": { "type": "Point", "coordinates": [ 101.801833, 3.052821 ] } },
{ "type": "Feature", "properties": { "Nama_Sekol": "SEKOLAH MENENGAH KEBANGSAAN BANDAR DAMAI PERDANA", "PPD": "PPD HULU LANGAT", "PBT": "MPKJ", "JenisWarta": "Tiada", "Tahap_Seko": "Sekolah Menengah", "Koordinat_": 3.043592, "Koordinat1": 101.736733, "web_name": "SEKOLAH MENENGAH KEBANGSAAN BANDAR DAMAI PERDANA", "web_code": "-", "web_type": "Tiada", "web_district": "Hulu Langat", "web_ppd": "PPD HULU LANGAT", "web_level": "Sekolah Menengah", "web_address": "-", "web_pbt": "MPKJ" }, "geometry": { "type": "Point", "coordinates": [ 101.736733, 3.043592 ] } },
{ "type": "Feature", "properties": { "Nama_Sekol": "SEKOLAH MENENGAH KEBANGSAAN BANDAR RINCHING", "PPD": "PPD HULU LANGAT", "PBT": "MPKJ", "JenisWarta": "TM_KPM", "Tahap_Seko": "Sekolah Menengah", "Koordinat_": 2.930486, "Koordinat1": 101.865288, "web_name": "SEKOLAH MENENGAH KEBANGSAAN BANDAR RINCHING", "web_code": "-", "web_type": "TM_KPM", "web_district": "Hulu Langat", "web_ppd": "PPD HULU LANGAT", "web_level": "Sekolah Menengah", "web_address": "-", "web_pbt": "MPKJ" }, "geometry": { "type": "Point", "coordinates": [ 101.865288, 2.930486 ] } },
{ "type": "Feature", "properties": { "Nama_Sekol": "SEKOLAH MENENGAH KEBANGSAAN BANDAR SERI PUTRA", "PPD": "PPD HULU LANGAT", "PBT": "MPKJ", "JenisWarta": "TM_KPM", "Tahap_Seko": "Sekolah Menengah", "Koordinat_": 2.887744, "Koordinat1": 101.783331, "web_name": "SEKOLAH MENENGAH KEBANGSAAN BANDAR SERI PUTRA", "web_code": "-", "web_type": "TM_KPM", "web_district": "Hulu Langat", "web_ppd": "PPD HULU LANGAT", "web_level": "Sekolah Menengah", "web_address": "-", "web_pbt": "MPKJ" }, "geometry": { "type": "Point", "coordinates": [ 101.783331, 2.887744 ] } },
{ "type": "Feature", "properties": { "Nama_Sekol": "SEKOLAH MENENGAH KEBANGSAAN BANDAR TASIK KESUMA", "PPD": "PPD HULU LANGAT", "PBT": "MPKJ", "JenisWarta": "TM_KPM", "Tahap_Seko": "Sekolah Menengah", "Koordinat_": 2.899128, "Koordinat1": 101.870069, "web_name": "SEKOLAH MENENGAH KEBANGSAAN BANDAR TASIK KESUMA", "web_code": "-", "web_type": "TM_KPM", "web_district": "Hulu Langat", "web_ppd": "PPD HULU LANGAT", "web_level": "Sekolah Menengah", "web_address": "-", "web_pbt": "MPKJ" }, "geometry": { "type": "Point", "coordinates": [ 101.870069, 2.899128 ] } },
{ "type": "Feature", "properties": { "Nama_Sekol": "SEKOLAH MENENGAH KEBANGSAAN BANDAR TUN HUSSEIN ONN 2", "PPD": "PPD HULU LANGAT", "PBT": "MPKJ", "JenisWarta": "TM_KPM", "Tahap_Seko": "Sekolah Menengah", "Koordinat_": 3.054728, "Koordinat1": 101.755363, "web_name": "SEKOLAH MENENGAH KEBANGSAAN BANDAR TUN HUSSEIN ONN 2", "web_code": "-", "web_type": "TM_KPM", "web_district": "Hulu Langat", "web_ppd": "PPD HULU LANGAT", "web_level": "Sekolah Menengah", "web_address": "-", "web_pbt": "MPKJ" }, "geometry": { "type": "Point", "coordinates": [ 101.755363, 3.054728 ] } },
{ "type": "Feature", "properties": { "Nama_Sekol": "SEKOLAH MENENGAH KEBANGSAAN CHERAS JAYA", "PPD": "PPD HULU LANGAT", "PBT": "MPKJ", "JenisWarta": "TM_KPM", "Tahap_Seko": "Sekolah Menengah", "Koordinat_": 3.019716, "Koordinat1": 101.761823, "web_name": "SEKOLAH MENENGAH KEBANGSAAN CHERAS JAYA", "web_code": "-", "web_type": "TM_KPM", "web_district": "Hulu Langat", "web_ppd": "PPD HULU LANGAT", "web_level": "Sekolah Menengah", "web_address": "-", "web_pbt": "MPKJ" }, "geometry": { "type": "Point", "coordinates": [ 101.761823, 3.019716 ] } },
{ "type": "Feature", "properties": { "Nama_Sekol": "SEKOLAH MENENGAH KEBANGSAAN CHERAS PERDANA", "PPD": "PPD HULU LANGAT", "PBT": "MPKJ", "JenisWarta": "Tiada", "Tahap_Seko": "Sekolah Menengah", "Koordinat_": 3.045273, "Koordinat1": 101.765623, "web_name": "SEKOLAH MENENGAH KEBANGSAAN CHERAS PERDANA", "web_code": "-", "web_type": "Tiada", "web_district": "Hulu Langat", "web_ppd": "PPD HULU LANGAT", "web_level": "Sekolah Menengah", "web_address": "-", "web_pbt": "MPKJ" }, "geometry": { "type": "Point", "coordinates": [ 101.765623, 3.045273 ] } },
{ "type": "Feature", "properties": { "Nama_Sekol": "SEKOLAH MENENGAH KEBANGSAAN CONVENT", "PPD": "PPD HULU LANGAT", "PBT": "MPKJ", "JenisWarta": "Tiada", "Tahap_Seko": "Sekolah Menengah", "Koordinat_": 2.989626, "Koordinat1": 101.790179, "web_name": "SEKOLAH MENENGAH KEBANGSAAN CONVENT", "web_code": "-", "web_type": "Tiada", "web_district": "Hulu Langat", "web_ppd": "PPD HULU LANGAT", "web_level": "Sekolah Menengah", "web_address": "-", "web_pbt": "MPKJ" }, "geometry": { "type": "Point", "coordinates": [ 101.790179, 2.989626 ] } },
{ "type": "Feature", "properties": { "Nama_Sekol": "SEKOLAH MENENGAH KEBANGSAAN DATO' AHMAD RAZALI", "PPD": "PPD HULU LANGAT", "PBT": "MPAJ", "JenisWarta": "TM_KPM", "Tahap_Seko": "Sekolah Menengah", "Koordinat_": 3.15704, "Koordinat1": 101.759312, "web_name": "SEKOLAH MENENGAH KEBANGSAAN DATO' AHMAD RAZALI", "web_code": "-", "web_type": "TM_KPM", "web_district": "Hulu Langat", "web_ppd": "PPD HULU LANGAT", "web_level": "Sekolah Menengah", "web_address": "-", "web_pbt": "MPAJ" }, "geometry": { "type": "Point", "coordinates": [ 101.759312, 3.15704 ] } },
{ "type": "Feature", "properties": { "Nama_Sekol": "SEKOLAH MENENGAH KEBANGSAAN DESA SERDANG", "PPD": "PPD HULU LANGAT", "PBT": "MPKJ", "JenisWarta": "TM_KPM", "Tahap_Seko": "Sekolah Menengah", "Koordinat_": 3.010447438, "Koordinat1": 101.727678, "web_name": "SEKOLAH MENENGAH KEBANGSAAN DESA SERDANG", "web_code": "-", "web_type": "TM_KPM", "web_district": "Hulu Langat", "web_ppd": "PPD HULU LANGAT", "web_level": "Sekolah Menengah", "web_address": "-", "web_pbt": "MPKJ" }, "geometry": { "type": "Point", "coordinates": [ 101.727678, 3.010447438000028 ] } },
{ "type": "Feature", "properties": { "Nama_Sekol": "SEKOLAH MENENGAH KEBANGSAAN DUSUN NANDING", "PPD": "PPD HULU LANGAT", "PBT": "MPKJ", "JenisWarta": "TM_KPM", "Tahap_Seko": "Sekolah Menengah", "Koordinat_": 3.08224, "Koordinat1": 101.790503, "web_name": "SEKOLAH MENENGAH KEBANGSAAN DUSUN NANDING", "web_code": "-", "web_type": "TM_KPM", "web_district": "Hulu Langat", "web_ppd": "PPD HULU LANGAT", "web_level": "Sekolah Menengah", "web_address": "-", "web_pbt": "MPKJ" }, "geometry": { "type": "Point", "coordinates": [ 101.790503, 3.08224 ] } },
{ "type": "Feature", "properties": { "Nama_Sekol": "SEKOLAH MENENGAH KEBANGSAAN ENGKU HUSAIN", "PPD": "PPD HULU LANGAT", "PBT": "MPKJ", "JenisWarta": "TM_KPM", "Tahap_Seko": "Sekolah Menengah", "Koordinat_": 2.953719, "Koordinat1": 101.839691, "web_name": "SEKOLAH MENENGAH KEBANGSAAN ENGKU HUSAIN", "web_code": "-", "web_type": "TM_KPM", "web_district": "Hulu Langat", "web_ppd": "PPD HULU LANGAT", "web_level": "Sekolah Menengah", "web_address": "-", "web_pbt": "MPKJ" }, "geometry": { "type": "Point", "coordinates": [ 101.839691, 2.953719 ] } },
{ "type": "Feature", "properties": { "Nama_Sekol": "SEKOLAH MENENGAH KEBANGSAAN JALAN BUKIT", "PPD": "PPD HULU LANGAT", "PBT": "MPKJ", "JenisWarta": "Tiada", "Tahap_Seko": "Sekolah Menengah", "Koordinat_": 2.985853, "Koordinat1": 101.792074, "web_name": "SEKOLAH MENENGAH KEBANGSAAN JALAN BUKIT", "web_code": "-", "web_type": "Tiada", "web_district": "Hulu Langat", "web_ppd": "PPD HULU LANGAT", "web_level": "Sekolah Menengah", "web_address": "-", "web_pbt": "MPKJ" }, "geometry": { "type": "Point", "coordinates": [ 101.792074, 2.985853 ] } },
{ "type": "Feature", "properties": { "Nama_Sekol": "SEKOLAH MENENGAH KEBANGSAAN JALAN EMPAT", "PPD": "PPD HULU LANGAT", "PBT": "MPKJ", "JenisWarta": "Tiada", "Tahap_Seko": "Sekolah Menengah", "Koordinat_": 2.960908, "Koordinat1": 101.781969, "web_name": "SEKOLAH MENENGAH KEBANGSAAN JALAN EMPAT", "web_code": "-", "web_type": "Tiada", "web_district": "Hulu Langat", "web_ppd": "PPD HULU LANGAT", "web_level": "Sekolah Menengah", "web_address": "-", "web_pbt": "MPKJ" }, "geometry": { "type": "Point", "coordinates": [ 101.781969, 2.960908 ] } },
{ "type": "Feature", "properties": { "Nama_Sekol": "SEKOLAH MENENGAH KEBANGSAAN JALAN REKO", "PPD": "PPD HULU LANGAT", "PBT": "MPKJ", "JenisWarta": "TM_KPM", "Tahap_Seko": "Sekolah Menengah", "Koordinat_": 2.964731, "Koordinat1": 101.789483, "web_name": "SEKOLAH MENENGAH KEBANGSAAN JALAN REKO", "web_code": "-", "web_type": "TM_KPM", "web_district": "Hulu Langat", "web_ppd": "PPD HULU LANGAT", "web_level": "Sekolah Menengah", "web_address": "-", "web_pbt": "MPKJ" }, "geometry": { "type": "Point", "coordinates": [ 101.789483, 2.964731 ] } },
{ "type": "Feature", "properties": { "Nama_Sekol": "SEKOLAH MENENGAH KEBANGSAAN JALAN TIGA", "PPD": "PPD HULU LANGAT", "PBT": "MPKJ", "JenisWarta": "TM_KPM", "Tahap_Seko": "Sekolah Menengah", "Koordinat_": 2.944221, "Koordinat1": 101.779884, "web_name": "SEKOLAH MENENGAH KEBANGSAAN JALAN TIGA", "web_code": "-", "web_type": "TM_KPM", "web_district": "Hulu Langat", "web_ppd": "PPD HULU LANGAT", "web_level": "Sekolah Menengah", "web_address": "-", "web_pbt": "MPKJ" }, "geometry": { "type": "Point", "coordinates": [ 101.779884, 2.944221 ] } },
{ "type": "Feature", "properties": { "Nama_Sekol": "SEKOLAH MENENGAH KEBANGSAAN KAJANG UTAMA", "PPD": "PPD HULU LANGAT", "PBT": "MPKJ", "JenisWarta": "TM_KPM", "Tahap_Seko": "Sekolah Menengah", "Koordinat_": 2.973235, "Koordinat1": 101.795234, "web_name": "SEKOLAH MENENGAH KEBANGSAAN KAJANG UTAMA", "web_code": "-", "web_type": "TM_KPM", "web_district": "Hulu Langat", "web_ppd": "PPD HULU LANGAT", "web_level": "Sekolah Menengah", "web_address": "-", "web_pbt": "MPKJ" }, "geometry": { "type": "Point", "coordinates": [ 101.795234, 2.973235 ] } },
{ "type": "Feature", "properties": { "Nama_Sekol": "SEKOLAH MENENGAH KEBANGSAAN KHIR JOHARI", "PPD": "PPD HULU LANGAT", "PBT": "MPKJ", "JenisWarta": "TM_KPM", "Tahap_Seko": "Sekolah Menengah", "Koordinat_": 2.867519, "Koordinat1": 101.871113, "web_name": "SEKOLAH MENENGAH KEBANGSAAN KHIR JOHARI", "web_code": "-", "web_type": "TM_KPM", "web_district": "Hulu Langat", "web_ppd": "PPD HULU LANGAT", "web_level": "Sekolah Menengah", "web_address": "-", "web_pbt": "MPKJ" }, "geometry": { "type": "Point", "coordinates": [ 101.871113, 2.867519 ] } },
{ "type": "Feature", "properties": { "Nama_Sekol": "SEKOLAH MENENGAH KEBANGSAAN PANDAN INDAH", "PPD": "PPD HULU LANGAT", "PBT": "MPAJ", "JenisWarta": "TM_KPM", "Tahap_Seko": "Sekolah Menengah", "Koordinat_": 3.12282, "Koordinat1": 101.752183, "web_name": "SEKOLAH MENENGAH KEBANGSAAN PANDAN INDAH", "web_code": "-", "web_type": "TM_KPM", "web_district": "Hulu Langat", "web_ppd": "PPD HULU LANGAT", "web_level": "Sekolah Menengah", "web_address": "-", "web_pbt": "MPAJ" }, "geometry": { "type": "Point", "coordinates": [ 101.752183, 3.12282 ] } },
{ "type": "Feature", "properties": { "Nama_Sekol": "SEKOLAH MENENGAH KEBANGSAAN PANDAN JAYA", "PPD": "PPD HULU LANGAT", "PBT": "MPAJ", "JenisWarta": "TM_KPM", "Tahap_Seko": "Sekolah Menengah", "Koordinat_": 3.13656, "Koordinat1": 101.737886, "web_name": "SEKOLAH MENENGAH KEBANGSAAN PANDAN JAYA", "web_code": "-", "web_type": "TM_KPM", "web_district": "Hulu Langat", "web_ppd": "PPD HULU LANGAT", "web_level": "Sekolah Menengah", "web_address": "-", "web_pbt": "MPAJ" }, "geometry": { "type": "Point", "coordinates": [ 101.737886, 3.13656 ] } },
{ "type": "Feature", "properties": { "Nama_Sekol": "SEKOLAH MENENGAH KEBANGSAAN PANDAN MEWAH", "PPD": "PPD HULU LANGAT", "PBT": "MPAJ", "JenisWarta": "TM_KPM", "Tahap_Seko": "Sekolah Menengah", "Koordinat_": 3.125035, "Koordinat1": 101.761897, "web_name": "SEKOLAH MENENGAH KEBANGSAAN PANDAN MEWAH", "web_code": "-", "web_type": "TM_KPM", "web_district": "Hulu Langat", "web_ppd": "PPD HULU LANGAT", "web_level": "Sekolah Menengah", "web_address": "-", "web_pbt": "MPAJ" }, "geometry": { "type": "Point", "coordinates": [ 101.761897, 3.125035 ] } },
{ "type": "Feature", "properties": { "Nama_Sekol": "SEKOLAH MENENGAH KEBANGSAAN PERIMBUN", "PPD": "PPD HULU LANGAT", "PBT": "MPKJ", "JenisWarta": "TM_KPM", "Tahap_Seko": "Sekolah Menengah", "Koordinat_": 3.061209, "Koordinat1": 101.770347, "web_name": "SEKOLAH MENENGAH KEBANGSAAN PERIMBUN", "web_code": "-", "web_type": "TM_KPM", "web_district": "Hulu Langat", "web_ppd": "PPD HULU LANGAT", "web_level": "Sekolah Menengah", "web_address": "-", "web_pbt": "MPKJ" }, "geometry": { "type": "Point", "coordinates": [ 101.770347, 3.061209 ] } },
{ "type": "Feature", "properties": { "Nama_Sekol": "SEKOLAH MENENGAH KEBANGSAAN SAUJANA IMPIAN", "PPD": "PPD HULU LANGAT", "PBT": "MPKJ", "JenisWarta": "TM_KPM", "Tahap_Seko": "Sekolah Menengah", "Koordinat_": 3.013302, "Koordinat1": 101.788618, "web_name": "SEKOLAH MENENGAH KEBANGSAAN SAUJANA IMPIAN", "web_code": "-", "web_type": "TM_KPM", "web_district": "Hulu Langat", "web_ppd": "PPD HULU LANGAT", "web_level": "Sekolah Menengah", "web_address": "-", "web_pbt": "MPKJ" }, "geometry": { "type": "Point", "coordinates": [ 101.788618, 3.013302 ] } },
{ "type": "Feature", "properties": { "Nama_Sekol": "SEKOLAH MENENGAH KEBANGSAAN SULTAN ABDUL AZIZ SHAH", "PPD": "PPD HULU LANGAT", "PBT": "MPKJ", "JenisWarta": "TM_KPM", "Tahap_Seko": "Sekolah Menengah", "Koordinat_": 3.005643, "Koordinat1": 101.782853, "web_name": "SEKOLAH MENENGAH KEBANGSAAN SULTAN ABDUL AZIZ SHAH", "web_code": "-", "web_type": "TM_KPM", "web_district": "Hulu Langat", "web_ppd": "PPD HULU LANGAT", "web_level": "Sekolah Menengah", "web_address": "-", "web_pbt": "MPKJ" }, "geometry": { "type": "Point", "coordinates": [ 101.782853, 3.005643 ] } },
{ "type": "Feature", "properties": { "Nama_Sekol": "SEKOLAH MENENGAH KEBANGSAAN SUNGAI RAMAL", "PPD": "PPD HULU LANGAT", "PBT": "MPKJ", "JenisWarta": "TM_KPM", "Tahap_Seko": "Sekolah Menengah", "Koordinat_": 2.983689, "Koordinat1": 101.760998, "web_name": "SEKOLAH MENENGAH KEBANGSAAN SUNGAI RAMAL", "web_code": "-", "web_type": "TM_KPM", "web_district": "Hulu Langat", "web_ppd": "PPD HULU LANGAT", "web_level": "Sekolah Menengah", "web_address": "-", "web_pbt": "MPKJ" }, "geometry": { "type": "Point", "coordinates": [ 101.760998, 2.983689 ] } },
{ "type": "Feature", "properties": { "Nama_Sekol": "SEKOLAH MENENGAH KEBANGSAAN TAMAN JASMIN 2", "PPD": "PPD HULU LANGAT", "PBT": "MPKJ", "JenisWarta": "TM_KPM", "Tahap_Seko": "Sekolah Menengah", "Koordinat_": 2.980945, "Koordinat1": 101.813747, "web_name": "SEKOLAH MENENGAH KEBANGSAAN TAMAN JASMIN 2", "web_code": "-", "web_type": "TM_KPM", "web_district": "Hulu Langat", "web_ppd": "PPD HULU LANGAT", "web_level": "Sekolah Menengah", "web_address": "-", "web_pbt": "MPKJ" }, "geometry": { "type": "Point", "coordinates": [ 101.813747, 2.980945 ] } },
{ "type": "Feature", "properties": { "Nama_Sekol": "SEKOLAH MENENGAH KEBANGSAAN TAMAN KOSAS", "PPD": "PPD HULU LANGAT", "PBT": "MPAJ", "JenisWarta": "TM_KPM", "Tahap_Seko": "Sekolah Menengah", "Koordinat_": 3.148178, "Koordinat1": 101.772171, "web_name": "SEKOLAH MENENGAH KEBANGSAAN TAMAN KOSAS", "web_code": "-", "web_type": "TM_KPM", "web_district": "Hulu Langat", "web_ppd": "PPD HULU LANGAT", "web_level": "Sekolah Menengah", "web_address": "-", "web_pbt": "MPAJ" }, "geometry": { "type": "Point", "coordinates": [ 101.772171, 3.148178 ] } },
{ "type": "Feature", "properties": { "Nama_Sekol": "SEKOLAH MENENGAH KEBANGSAAN TAMAN SERAYA", "PPD": "PPD HULU LANGAT", "PBT": "MPAJ", "JenisWarta": "TM_KPM", "Tahap_Seko": "Sekolah Menengah", "Koordinat_": 3.113614, "Koordinat1": 101.761104, "web_name": "SEKOLAH MENENGAH KEBANGSAAN TAMAN SERAYA", "web_code": "-", "web_type": "TM_KPM", "web_district": "Hulu Langat", "web_ppd": "PPD HULU LANGAT", "web_level": "Sekolah Menengah", "web_address": "-", "web_pbt": "MPAJ" }, "geometry": { "type": "Point", "coordinates": [ 101.761104, 3.113614 ] } },
{ "type": "Feature", "properties": { "Nama_Sekol": "SEKOLAH MENENGAH KEBANGSAAN TAMAN TASIK", "PPD": "PPD HULU LANGAT", "PBT": "MPAJ", "JenisWarta": "TM_KPM", "Tahap_Seko": "Sekolah Menengah", "Koordinat_": 3.126596, "Koordinat1": 101.774403, "web_name": "SEKOLAH MENENGAH KEBANGSAAN TAMAN TASIK", "web_code": "-", "web_type": "TM_KPM", "web_district": "Hulu Langat", "web_ppd": "PPD HULU LANGAT", "web_level": "Sekolah Menengah", "web_address": "-", "web_pbt": "MPAJ" }, "geometry": { "type": "Point", "coordinates": [ 101.774403, 3.126596 ] } },
{ "type": "Feature", "properties": { "Nama_Sekol": "SEKOLAH MENENGAH KEBANGSAAN TASEK PERMAI", "PPD": "PPD HULU LANGAT", "PBT": "MPAJ", "JenisWarta": "TM_KPM", "Tahap_Seko": "Sekolah Menengah", "Koordinat_": 3.124025, "Koordinat1": 101.78063, "web_name": "SEKOLAH MENENGAH KEBANGSAAN TASEK PERMAI", "web_code": "-", "web_type": "TM_KPM", "web_district": "Hulu Langat", "web_ppd": "PPD HULU LANGAT", "web_level": "Sekolah Menengah", "web_address": "-", "web_pbt": "MPAJ" }, "geometry": { "type": "Point", "coordinates": [ 101.78063, 3.124025 ] } },
{ "type": "Feature", "properties": { "Nama_Sekol": "SEKOLAH MENENGAH KEBANGSAAN TINGGI KAJANG", "PPD": "PPD HULU LANGAT", "PBT": "MPKJ", "JenisWarta": "Tiada", "Tahap_Seko": "Sekolah Menengah", "Koordinat_": 2.992049467, "Koordinat1": 101.7955761, "web_name": "SEKOLAH MENENGAH KEBANGSAAN TINGGI KAJANG", "web_code": "-", "web_type": "Tiada", "web_district": "Hulu Langat", "web_ppd": "PPD HULU LANGAT", "web_level": "Sekolah Menengah", "web_address": "-", "web_pbt": "MPKJ" }, "geometry": { "type": "Point", "coordinates": [ 101.795576100000062, 2.992049467000072 ] } },
{ "type": "Feature", "properties": { "Nama_Sekol": "SEKOLAH MENENGAH KEBANGSAAN YU HUA", "PPD": "PPD HULU LANGAT", "PBT": "MPKJ", "JenisWarta": "Tiada", "Tahap_Seko": "Sekolah Menengah", "Koordinat_": 2.995997, "Koordinat1": 101.791168, "web_name": "SEKOLAH MENENGAH KEBANGSAAN YU HUA", "web_code": "-", "web_type": "Tiada", "web_district": "Hulu Langat", "web_ppd": "PPD HULU LANGAT", "web_level": "Sekolah Menengah", "web_address": "-", "web_pbt": "MPKJ" }, "geometry": { "type": "Point", "coordinates": [ 101.791168, 2.995997 ] } },
{ "type": "Feature", "properties": { "Nama_Sekol": "SEKOLAH JENIS KEBANGSAAN (CINA) CHIO CHIAO", "PPD": "PPD SEPANG", "PBT": "MPSp", "JenisWarta": "Tiada", "Tahap_Seko": "Sekolah Rendah", "Koordinat_": 2.781236365, "Koordinat1": 101.7515887, "web_name": "SEKOLAH JENIS KEBANGSAAN (CINA) CHIO CHIAO", "web_code": "-", "web_type": "Tiada", "web_district": "Sepang", "web_ppd": "PPD SEPANG", "web_level": "Sekolah Rendah", "web_address": "-", "web_pbt": "MPSp" }, "geometry": { "type": "Point", "coordinates": [ 101.75158870000007, 2.781236365000041 ] } },
{ "type": "Feature", "properties": { "Nama_Sekol": "SEKOLAH JENIS KEBANGSAAN (CINA) DENGKIL", "PPD": "PPD SEPANG", "PBT": "MPSp", "JenisWarta": "Tiada", "Tahap_Seko": "Sekolah Rendah", "Koordinat_": 2.859605909, "Koordinat1": 101.6777037, "web_name": "SEKOLAH JENIS KEBANGSAAN (CINA) DENGKIL", "web_code": "-", "web_type": "Tiada", "web_district": "Sepang", "web_ppd": "PPD SEPANG", "web_level": "Sekolah Rendah", "web_address": "-", "web_pbt": "MPSp" }, "geometry": { "type": "Point", "coordinates": [ 101.677703700000052, 2.859605909000038 ] } },
{ "type": "Feature", "properties": { "Nama_Sekol": "SEKOLAH JENIS KEBANGSAAN (CINA) SEPANG", "PPD": "PPD SEPANG", "PBT": "MPSp", "JenisWarta": "Tiada", "Tahap_Seko": "Sekolah Rendah", "Koordinat_": 2.689104386, "Koordinat1": 101.749153, "web_name": "SEKOLAH JENIS KEBANGSAAN (CINA) SEPANG", "web_code": "-", "web_type": "Tiada", "web_district": "Sepang", "web_ppd": "PPD SEPANG", "web_level": "Sekolah Rendah", "web_address": "-", "web_pbt": "MPSp" }, "geometry": { "type": "Point", "coordinates": [ 101.749153, 2.689104386000054 ] } },
{ "type": "Feature", "properties": { "Nama_Sekol": "SEKOLAH JENIS KEBANGSAAN (CINA) SIN MING", "PPD": "PPD SEPANG", "PBT": "MPSp", "JenisWarta": "Tiada", "Tahap_Seko": "Sekolah Rendah", "Koordinat_": 2.966116, "Koordinat1": 101.613631, "web_name": "SEKOLAH JENIS KEBANGSAAN (CINA) SIN MING", "web_code": "-", "web_type": "Tiada", "web_district": "Sepang", "web_ppd": "PPD SEPANG", "web_level": "Sekolah Rendah", "web_address": "-", "web_pbt": "MPSp" }, "geometry": { "type": "Point", "coordinates": [ 101.613631, 2.966116 ] } },
{ "type": "Feature", "properties": { "Nama_Sekol": "SEKOLAH JENIS KEBANGSAAN (CINA) TCHE MIN", "PPD": "PPD SEPANG", "PBT": "MPSp", "JenisWarta": "Tiada", "Tahap_Seko": "Sekolah Rendah", "Koordinat_": 2.645198, "Koordinat1": 101.717123, "web_name": "SEKOLAH JENIS KEBANGSAAN (CINA) TCHE MIN", "web_code": "-", "web_type": "Tiada", "web_district": "Sepang", "web_ppd": "PPD SEPANG", "web_level": "Sekolah Rendah", "web_address": "-", "web_pbt": "MPSp" }, "geometry": { "type": "Point", "coordinates": [ 101.717123, 2.645198 ] } },
{ "type": "Feature", "properties": { "Nama_Sekol": "SEKOLAH JENIS KEBANGSAAN (CINA) UNION", "PPD": "PPD SEPANG", "PBT": "MPSp", "JenisWarta": "Tiada", "Tahap_Seko": "Sekolah Rendah", "Koordinat_": 2.925668654, "Koordinat1": 101.6301252, "web_name": "SEKOLAH JENIS KEBANGSAAN (CINA) UNION", "web_code": "-", "web_type": "Tiada", "web_district": "Sepang", "web_ppd": "PPD SEPANG", "web_level": "Sekolah Rendah", "web_address": "-", "web_pbt": "MPSp" }, "geometry": { "type": "Point", "coordinates": [ 101.630125200000066, 2.925668654000049 ] } },
{ "type": "Feature", "properties": { "Nama_Sekol": "SEKOLAH JENIS KEBANGSAAN (CINA) WAH LIAN", "PPD": "PPD SEPANG", "PBT": "MPSp", "JenisWarta": "Tiada", "Tahap_Seko": "Sekolah Rendah", "Koordinat_": 2.642554, "Koordinat1": 101.714027, "web_name": "SEKOLAH JENIS KEBANGSAAN (CINA) WAH LIAN", "web_code": "-", "web_type": "Tiada", "web_district": "Sepang", "web_ppd": "PPD SEPANG", "web_level": "Sekolah Rendah", "web_address": "-", "web_pbt": "MPSp" }, "geometry": { "type": "Point", "coordinates": [ 101.714027, 2.642554 ] } },
{ "type": "Feature", "properties": { "Nama_Sekol": "SEKOLAH JENIS KEBANGSAAN (TAMIL) BANDAR BARU SALAK TINGGI", "PPD": "PPD SEPANG", "PBT": "MPSp", "JenisWarta": "Tiada", "Tahap_Seko": "Sekolah Rendah", "Koordinat_": 2.815856, "Koordinat1": 101.738989, "web_name": "SEKOLAH JENIS KEBANGSAAN (TAMIL) BANDAR BARU SALAK TINGGI", "web_code": "-", "web_type": "Tiada", "web_district": "Sepang", "web_ppd": "PPD SEPANG", "web_level": "Sekolah Rendah", "web_address": "-", "web_pbt": "MPSp" }, "geometry": { "type": "Point", "coordinates": [ 101.738989, 2.815856 ] } },
{ "type": "Feature", "properties": { "Nama_Sekol": "SEKOLAH JENIS KEBANGSAAN (TAMIL) DENGKIL", "PPD": "PPD SEPANG", "PBT": "MPSp", "JenisWarta": "Tiada", "Tahap_Seko": "Sekolah Rendah", "Koordinat_": 2.855519, "Koordinat1": 101.678811, "web_name": "SEKOLAH JENIS KEBANGSAAN (TAMIL) DENGKIL", "web_code": "-", "web_type": "Tiada", "web_district": "Sepang", "web_ppd": "PPD SEPANG", "web_level": "Sekolah Rendah", "web_address": "-", "web_pbt": "MPSp" }, "geometry": { "type": "Point", "coordinates": [ 101.678811, 2.855519 ] } },
{ "type": "Feature", "properties": { "Nama_Sekol": "SEKOLAH JENIS KEBANGSAAN (TAMIL) LADANG AMPAR TENANG", "PPD": "PPD SEPANG", "PBT": "MPSp", "JenisWarta": "Tiada", "Tahap_Seko": "Sekolah Rendah", "Koordinat_": 2.847072, "Koordinat1": 101.701569, "web_name": "SEKOLAH JENIS KEBANGSAAN (TAMIL) LADANG AMPAR TENANG", "web_code": "-", "web_type": "Tiada", "web_district": "Sepang", "web_ppd": "PPD SEPANG", "web_level": "Sekolah Rendah", "web_address": "-", "web_pbt": "MPSp" }, "geometry": { "type": "Point", "coordinates": [ 101.701569, 2.847072 ] } },
{ "type": "Feature", "properties": { "Nama_Sekol": "SEKOLAH JENIS KEBANGSAAN (TAMIL) LADANG BUTE", "PPD": "PPD SEPANG", "PBT": "MPSp", "JenisWarta": "Tiada", "Tahap_Seko": "Sekolah Rendah", "Koordinat_": 2.756105534, "Koordinat1": 101.7483202, "web_name": "SEKOLAH JENIS KEBANGSAAN (TAMIL) LADANG BUTE", "web_code": "-", "web_type": "Tiada", "web_district": "Sepang", "web_ppd": "PPD SEPANG", "web_level": "Sekolah Rendah", "web_address": "-", "web_pbt": "MPSp" }, "geometry": { "type": "Point", "coordinates": [ 101.74832020000008, 2.756105534000028 ] } },
{ "type": "Feature", "properties": { "Nama_Sekol": "SEKOLAH JENIS KEBANGSAAN (TAMIL) LDG BKT IJOK", "PPD": "PPD SEPANG", "PBT": "MPSp", "JenisWarta": "Tiada", "Tahap_Seko": "Sekolah Rendah", "Koordinat_": 2.63962449, "Koordinat1": 101.7082685, "web_name": "SEKOLAH JENIS KEBANGSAAN (TAMIL) LDG BKT IJOK", "web_code": "-", "web_type": "Tiada", "web_district": "Sepang", "web_ppd": "PPD SEPANG", "web_level": "Sekolah Rendah", "web_address": "-", "web_pbt": "MPSp" }, "geometry": { "type": "Point", "coordinates": [ 101.708268500000088, 2.639624490000074 ] } },
{ "type": "Feature", "properties": { "Nama_Sekol": "SEKOLAH JENIS KEBANGSAAN (TAMIL) LDG WEST COUNTRY 'BARAT'", "PPD": "PPD SEPANG", "PBT": "MPSp", "JenisWarta": "Tiada", "Tahap_Seko": "Sekolah Rendah", "Koordinat_": 2.974526, "Koordinat1": 101.725662, "web_name": "SEKOLAH JENIS KEBANGSAAN (TAMIL) LDG WEST COUNTRY 'BARAT'", "web_code": "-", "web_type": "Tiada", "web_district": "Sepang", "web_ppd": "PPD SEPANG", "web_level": "Sekolah Rendah", "web_address": "-", "web_pbt": "MPSp" }, "geometry": { "type": "Point", "coordinates": [ 101.725662, 2.974526 ] } },
{ "type": "Feature", "properties": { "Nama_Sekol": "SEKOLAH JENIS KEBANGSAAN (TAMIL) SEPANG", "PPD": "PPD SEPANG", "PBT": "MPSp", "JenisWarta": "Tiada", "Tahap_Seko": "Sekolah Rendah", "Koordinat_": 2.695225, "Koordinat1": 101.750325, "web_name": "SEKOLAH JENIS KEBANGSAAN (TAMIL) SEPANG", "web_code": "-", "web_type": "Tiada", "web_district": "Sepang", "web_ppd": "PPD SEPANG", "web_level": "Sekolah Rendah", "web_address": "-", "web_pbt": "MPSp" }, "geometry": { "type": "Point", "coordinates": [ 101.750325, 2.695225 ] } },
{ "type": "Feature", "properties": { "Nama_Sekol": "SEKOLAH JENIS KEBANGSAAN (TAMIL) TAMAN PERMATA", "PPD": "PPD SEPANG", "PBT": "MPSp", "JenisWarta": "Tiada", "Tahap_Seko": "Sekolah Rendah", "Koordinat_": 2.869509, "Koordinat1": 101.680139, "web_name": "SEKOLAH JENIS KEBANGSAAN (TAMIL) TAMAN PERMATA", "web_code": "-", "web_type": "Tiada", "web_district": "Sepang", "web_ppd": "PPD SEPANG", "web_level": "Sekolah Rendah", "web_address": "-", "web_pbt": "MPSp" }, "geometry": { "type": "Point", "coordinates": [ 101.680139, 2.869509 ] } },
{ "type": "Feature", "properties": { "Nama_Sekol": "SEKOLAH JENIS KEBANGSAAN (TAMIL) TELUK MERBAU", "PPD": "PPD SEPANG", "PBT": "MPSp", "JenisWarta": "Tiada", "Tahap_Seko": "Sekolah Rendah", "Koordinat_": 2.642918, "Koordinat1": 101.660631, "web_name": "SEKOLAH JENIS KEBANGSAAN (TAMIL) TELUK MERBAU", "web_code": "-", "web_type": "Tiada", "web_district": "Sepang", "web_ppd": "PPD SEPANG", "web_level": "Sekolah Rendah", "web_address": "-", "web_pbt": "MPSp" }, "geometry": { "type": "Point", "coordinates": [ 101.660631, 2.642918 ] } },
{ "type": "Feature", "properties": { "Nama_Sekol": "SEKOLAH KEBANGSAAN BANDAR BARU SALAK TINGGI", "PPD": "PPD SEPANG", "PBT": "MPSp", "JenisWarta": "Tiada", "Tahap_Seko": "Sekolah Rendah", "Koordinat_": 2.806795, "Koordinat1": 101.740554, "web_name": "SEKOLAH KEBANGSAAN BANDAR BARU SALAK TINGGI", "web_code": "-", "web_type": "Tiada", "web_district": "Sepang", "web_ppd": "PPD SEPANG", "web_level": "Sekolah Rendah", "web_address": "-", "web_pbt": "MPSp" }, "geometry": { "type": "Point", "coordinates": [ 101.740554, 2.806795 ] } },
{ "type": "Feature", "properties": { "Nama_Sekol": "SEKOLAH KEBANGSAAN BKT BANGKONG", "PPD": "PPD SEPANG", "PBT": "MPSp", "JenisWarta": "Tiada", "Tahap_Seko": "Sekolah Rendah", "Koordinat_": 2.652138, "Koordinat1": 101.672298, "web_name": "SEKOLAH KEBANGSAAN BKT BANGKONG", "web_code": "-", "web_type": "Tiada", "web_district": "Sepang", "web_ppd": "PPD SEPANG", "web_level": "Sekolah Rendah", "web_address": "-", "web_pbt": "MPSp" }, "geometry": { "type": "Point", "coordinates": [ 101.672298, 2.652138 ] } },
{ "type": "Feature", "properties": { "Nama_Sekol": "SEKOLAH KEBANGSAAN BKT TAMPOI (ASLI)", "PPD": "PPD SEPANG", "PBT": "MPSp", "JenisWarta": "Tiada", "Tahap_Seko": "Sekolah Rendah", "Koordinat_": 2.850967, "Koordinat1": 101.671661, "web_name": "SEKOLAH KEBANGSAAN BKT TAMPOI (ASLI)", "web_code": "-", "web_type": "Tiada", "web_district": "Sepang", "web_ppd": "PPD SEPANG", "web_level": "Sekolah Rendah", "web_address": "-", "web_pbt": "MPSp" }, "geometry": { "type": "Point", "coordinates": [ 101.671661, 2.850967 ] } },
{ "type": "Feature", "properties": { "Nama_Sekol": "SEKOLAH KEBANGSAAN CYBERJAYA", "PPD": "PPD SEPANG", "PBT": "MPSp", "JenisWarta": "SUKSel", "Tahap_Seko": "Sekolah Rendah", "Koordinat_": 2.919236, "Koordinat1": 101.638383, "web_name": "SEKOLAH KEBANGSAAN CYBERJAYA", "web_code": "-", "web_type": "SUKSel", "web_district": "Sepang", "web_ppd": "PPD SEPANG", "web_level": "Sekolah Rendah", "web_address": "-", "web_pbt": "MPSp" }, "geometry": { "type": "Point", "coordinates": [ 101.638383, 2.919236 ] } },
{ "type": "Feature", "properties": { "Nama_Sekol": "SEKOLAH KEBANGSAAN DATO' ABU BAKAR BAGINDA", "PPD": "PPD SEPANG", "PBT": "MPSp", "JenisWarta": "TM_KPM", "Tahap_Seko": "Sekolah Rendah", "Koordinat_": 2.957818, "Koordinat1": 101.730403, "web_name": "SEKOLAH KEBANGSAAN DATO' ABU BAKAR BAGINDA", "web_code": "-", "web_type": "TM_KPM", "web_district": "Sepang", "web_ppd": "PPD SEPANG", "web_level": "Sekolah Rendah", "web_address": "-", "web_pbt": "MPSp" }, "geometry": { "type": "Point", "coordinates": [ 101.730403, 2.957818 ] } },
{ "type": "Feature", "properties": { "Nama_Sekol": "SEKOLAH KEBANGSAAN DENGKIL", "PPD": "PPD SEPANG", "PBT": "MPSp", "JenisWarta": "TM_KPM", "Tahap_Seko": "Sekolah Rendah", "Koordinat_": 2.864152, "Koordinat1": 101.674119, "web_name": "SEKOLAH KEBANGSAAN DENGKIL", "web_code": "-", "web_type": "TM_KPM", "web_district": "Sepang", "web_ppd": "PPD SEPANG", "web_level": "Sekolah Rendah", "web_address": "-", "web_pbt": "MPSp" }, "geometry": { "type": "Point", "coordinates": [ 101.674119, 2.864152 ] } },
{ "type": "Feature", "properties": { "Nama_Sekol": "SEKOLAH KEBANGSAAN DESA PINGGIRAN PUTRA", "PPD": "PPD SEPANG", "PBT": "MPSp", "JenisWarta": "TM_KPM", "Tahap_Seko": "Sekolah Rendah", "Koordinat_": 2.899576, "Koordinat1": 101.705659, "web_name": "SEKOLAH KEBANGSAAN DESA PINGGIRAN PUTRA", "web_code": "-", "web_type": "TM_KPM", "web_district": "Sepang", "web_ppd": "PPD SEPANG", "web_level": "Sekolah Rendah", "web_address": "-", "web_pbt": "MPSp" }, "geometry": { "type": "Point", "coordinates": [ 101.705659, 2.899576 ] } },
{ "type": "Feature", "properties": { "Nama_Sekol": "SEKOLAH KEBANGSAAN DESA PUTRA", "PPD": "PPD SEPANG", "PBT": "MPSp", "JenisWarta": "Tiada", "Tahap_Seko": "Sekolah Rendah", "Koordinat_": 2.912692, "Koordinat1": 101.729892, "web_name": "SEKOLAH KEBANGSAAN DESA PUTRA", "web_code": "-", "web_type": "Tiada", "web_district": "Sepang", "web_ppd": "PPD SEPANG", "web_level": "Sekolah Rendah", "web_address": "-", "web_pbt": "MPSp" }, "geometry": { "type": "Point", "coordinates": [ 101.729892, 2.912692 ] } },
{ "type": "Feature", "properties": { "Nama_Sekol": "SEKOLAH KEBANGSAAN JENDERAM", "PPD": "PPD SEPANG", "PBT": "MPSp", "JenisWarta": "TM_KPM", "Tahap_Seko": "Sekolah Rendah", "Koordinat_": 2.868681882, "Koordinat1": 101.7315362, "web_name": "SEKOLAH KEBANGSAAN JENDERAM", "web_code": "-", "web_type": "TM_KPM", "web_district": "Sepang", "web_ppd": "PPD SEPANG", "web_level": "Sekolah Rendah", "web_address": "-", "web_pbt": "MPSp" }, "geometry": { "type": "Point", "coordinates": [ 101.73153620000005, 2.868681882000033 ] } },
{ "type": "Feature", "properties": { "Nama_Sekol": "SEKOLAH KEBANGSAAN JENDERAM HILIR", "PPD": "PPD SEPANG", "PBT": "MPSp", "JenisWarta": "TM_KPM", "Tahap_Seko": "Sekolah Rendah", "Koordinat_": 2.885564, "Koordinat1": 101.722639, "web_name": "SEKOLAH KEBANGSAAN JENDERAM HILIR", "web_code": "-", "web_type": "TM_KPM", "web_district": "Sepang", "web_ppd": "PPD SEPANG", "web_level": "Sekolah Rendah", "web_address": "-", "web_pbt": "MPSp" }, "geometry": { "type": "Point", "coordinates": [ 101.722639, 2.885564 ] } },
{ "type": "Feature", "properties": { "Nama_Sekol": "SEKOLAH KEBANGSAAN KG BAHARU LANJUT", "PPD": "PPD SEPANG", "PBT": "MPSp", "JenisWarta": "Tiada", "Tahap_Seko": "Sekolah Rendah", "Koordinat_": 2.794571, "Koordinat1": 101.717652, "web_name": "SEKOLAH KEBANGSAAN KG BAHARU LANJUT", "web_code": "-", "web_type": "Tiada", "web_district": "Sepang", "web_ppd": "PPD SEPANG", "web_level": "Sekolah Rendah", "web_address": "-", "web_pbt": "MPSp" }, "geometry": { "type": "Point", "coordinates": [ 101.717652, 2.794571 ] } },
{ "type": "Feature", "properties": { "Nama_Sekol": "SEKOLAH KEBANGSAAN KLIA", "PPD": "PPD SEPANG", "PBT": "MPSp", "JenisWarta": "TM_KPM", "Tahap_Seko": "Sekolah Rendah", "Koordinat_": 2.831949, "Koordinat1": 101.731589, "web_name": "SEKOLAH KEBANGSAAN KLIA", "web_code": "-", "web_type": "TM_KPM", "web_district": "Sepang", "web_ppd": "PPD SEPANG", "web_level": "Sekolah Rendah", "web_address": "-", "web_pbt": "MPSp" }, "geometry": { "type": "Point", "coordinates": [ 101.731589, 2.831949 ] } },
{ "type": "Feature", "properties": { "Nama_Sekol": "SEKOLAH KEBANGSAAN KOTA WARISAN", "PPD": "PPD SEPANG", "PBT": "MPSp", "JenisWarta": "TM_KPM", "Tahap_Seko": "Sekolah Rendah", "Koordinat_": 2.825979, "Koordinat1": 101.704832, "web_name": "SEKOLAH KEBANGSAAN KOTA WARISAN", "web_code": "-", "web_type": "TM_KPM", "web_district": "Sepang", "web_ppd": "PPD SEPANG", "web_level": "Sekolah Rendah", "web_address": "-", "web_pbt": "MPSp" }, "geometry": { "type": "Point", "coordinates": [ 101.704832, 2.825979 ] } },
{ "type": "Feature", "properties": { "Nama_Sekol": "SEKOLAH KEBANGSAAN METHODIST", "PPD": "PPD SEPANG", "PBT": "MPSp", "JenisWarta": "Tiada", "Tahap_Seko": "Sekolah Rendah", "Koordinat_": 2.639569, "Koordinat1": 101.711982, "web_name": "SEKOLAH KEBANGSAAN METHODIST", "web_code": "-", "web_type": "Tiada", "web_district": "Sepang", "web_ppd": "PPD SEPANG", "web_level": "Sekolah Rendah", "web_address": "-", "web_pbt": "MPSp" }, "geometry": { "type": "Point", "coordinates": [ 101.711982, 2.639569 ] } },
{ "type": "Feature", "properties": { "Nama_Sekol": "SEKOLAH KEBANGSAAN PULAU MERANTI", "PPD": "PPD SEPANG", "PBT": "MPSp", "JenisWarta": "TM_KPM", "Tahap_Seko": "Sekolah Rendah", "Koordinat_": 2.965492, "Koordinat1": 101.625617, "web_name": "SEKOLAH KEBANGSAAN PULAU MERANTI", "web_code": "-", "web_type": "TM_KPM", "web_district": "Sepang", "web_ppd": "PPD SEPANG", "web_level": "Sekolah Rendah", "web_address": "-", "web_pbt": "MPSp" }, "geometry": { "type": "Point", "coordinates": [ 101.625617, 2.965492 ] } },
{ "type": "Feature", "properties": { "Nama_Sekol": "SEKOLAH KEBANGSAAN SALAK", "PPD": "PPD SEPANG", "PBT": "MPSp", "JenisWarta": "TM_KPM", "Tahap_Seko": "Sekolah Rendah", "Koordinat_": 2.79654879, "Koordinat1": 101.746584, "web_name": "SEKOLAH KEBANGSAAN SALAK", "web_code": "-", "web_type": "TM_KPM", "web_district": "Sepang", "web_ppd": "PPD SEPANG", "web_level": "Sekolah Rendah", "web_address": "-", "web_pbt": "MPSp" }, "geometry": { "type": "Point", "coordinates": [ 101.746584, 2.796548790000031 ] } },
{ "type": "Feature", "properties": { "Nama_Sekol": "SEKOLAH KEBANGSAAN SG MELUT (ASLI)", "PPD": "PPD SEPANG", "PBT": "MPSp", "JenisWarta": "Tiada", "Tahap_Seko": "Sekolah Rendah", "Koordinat_": 2.832672, "Koordinat1": 101.685156, "web_name": "SEKOLAH KEBANGSAAN SG MELUT (ASLI)", "web_code": "-", "web_type": "Tiada", "web_district": "Sepang", "web_ppd": "PPD SEPANG", "web_level": "Sekolah Rendah", "web_address": "-", "web_pbt": "MPSp" }, "geometry": { "type": "Point", "coordinates": [ 101.685156, 2.832672 ] } },
{ "type": "Feature", "properties": { "Nama_Sekol": "SEKOLAH KEBANGSAAN SG MERAB LUAR", "PPD": "PPD SEPANG", "PBT": "MPSp", "JenisWarta": "Tiada", "Tahap_Seko": "Sekolah Rendah", "Koordinat_": 2.937293, "Koordinat1": 101.750552, "web_name": "SEKOLAH KEBANGSAAN SG MERAB LUAR", "web_code": "-", "web_type": "Tiada", "web_district": "Sepang", "web_ppd": "PPD SEPANG", "web_level": "Sekolah Rendah", "web_address": "-", "web_pbt": "MPSp" }, "geometry": { "type": "Point", "coordinates": [ 101.750552, 2.937293 ] } },
{ "type": "Feature", "properties": { "Nama_Sekol": "SEKOLAH KEBANGSAAN SG PELEK", "PPD": "PPD SEPANG", "PBT": "MPSp", "JenisWarta": "TM_KPM", "Tahap_Seko": "Sekolah Rendah", "Koordinat_": 2.645718061, "Koordinat1": 101.7218001, "web_name": "SEKOLAH KEBANGSAAN SG PELEK", "web_code": "-", "web_type": "TM_KPM", "web_district": "Sepang", "web_ppd": "PPD SEPANG", "web_level": "Sekolah Rendah", "web_address": "-", "web_pbt": "MPSp" }, "geometry": { "type": "Point", "coordinates": [ 101.721800100000053, 2.645718061000025 ] } },
{ "type": "Feature", "properties": { "Nama_Sekol": "SEKOLAH KEBANGSAAN SUNGAI RAWANG", "PPD": "PPD SEPANG", "PBT": "MPSp", "JenisWarta": "Tiada", "Tahap_Seko": "Sekolah Rendah", "Koordinat_": 2.663524, "Koordinat1": 101.673278, "web_name": "SEKOLAH KEBANGSAAN SUNGAI RAWANG", "web_code": "-", "web_type": "Tiada", "web_district": "Sepang", "web_ppd": "PPD SEPANG", "web_level": "Sekolah Rendah", "web_address": "-", "web_pbt": "MPSp" }, "geometry": { "type": "Point", "coordinates": [ 101.673278, 2.663524 ] } },
{ "type": "Feature", "properties": { "Nama_Sekol": "SEKOLAH KEBANGSAAN TAMAN PANTAI SEPANG PUTRA", "PPD": "PPD SEPANG", "PBT": "MPSp", "JenisWarta": "Tiada", "Tahap_Seko": "Sekolah Rendah", "Koordinat_": 2.624446, "Koordinat1": 101.710908, "web_name": "SEKOLAH KEBANGSAAN TAMAN PANTAI SEPANG PUTRA", "web_code": "-", "web_type": "Tiada", "web_district": "Sepang", "web_ppd": "PPD SEPANG", "web_level": "Sekolah Rendah", "web_address": "-", "web_pbt": "MPSp" }, "geometry": { "type": "Point", "coordinates": [ 101.710908, 2.624446 ] } },
{ "type": "Feature", "properties": { "Nama_Sekol": "SEKOLAH KEBANGSAAN TAMAN PUTRA PERDANA", "PPD": "PPD SEPANG", "PBT": "MPSp", "JenisWarta": "Tiada", "Tahap_Seko": "Sekolah Rendah", "Koordinat_": 2.940266, "Koordinat1": 101.621234, "web_name": "SEKOLAH KEBANGSAAN TAMAN PUTRA PERDANA", "web_code": "-", "web_type": "Tiada", "web_district": "Sepang", "web_ppd": "PPD SEPANG", "web_level": "Sekolah Rendah", "web_address": "-", "web_pbt": "MPSp" }, "geometry": { "type": "Point", "coordinates": [ 101.621234, 2.940266 ] } },
{ "type": "Feature", "properties": { "Nama_Sekol": "SEKOLAH KEBANGSAAN TAMAN PUTRA PERDANA 2", "PPD": "PPD SEPANG", "PBT": "MPSp", "JenisWarta": "Tiada", "Tahap_Seko": "Sekolah Rendah", "Koordinat_": 2.940508112, "Koordinat1": 101.6110946, "web_name": "SEKOLAH KEBANGSAAN TAMAN PUTRA PERDANA 2", "web_code": "-", "web_type": "Tiada", "web_district": "Sepang", "web_ppd": "PPD SEPANG", "web_level": "Sekolah Rendah", "web_address": "-", "web_pbt": "MPSp" }, "geometry": { "type": "Point", "coordinates": [ 101.611094600000058, 2.940508112000032 ] } },
{ "type": "Feature", "properties": { "Nama_Sekol": "SEKOLAH KEBANGSAAN TAMAN SEROJA", "PPD": "PPD SEPANG", "PBT": "MPSp", "JenisWarta": "TM_KPM", "Tahap_Seko": "Sekolah Rendah", "Koordinat_": 2.829181, "Koordinat1": 101.728153, "web_name": "SEKOLAH KEBANGSAAN TAMAN SEROJA", "web_code": "-", "web_type": "TM_KPM", "web_district": "Sepang", "web_ppd": "PPD SEPANG", "web_level": "Sekolah Rendah", "web_address": "-", "web_pbt": "MPSp" }, "geometry": { "type": "Point", "coordinates": [ 101.728153, 2.829181 ] } },
{ "type": "Feature", "properties": { "Nama_Sekol": "KOLEJ VOKASIONAL SEPANG", "PPD": "PPD SEPANG", "PBT": "MPSp", "JenisWarta": "TM_KPM", "Tahap_Seko": "Sekolah Menengah", "Koordinat_": 2.900300553, "Koordinat1": 101.7273393, "web_name": "KOLEJ VOKASIONAL SEPANG", "web_code": "-", "web_type": "TM_KPM", "web_district": "Sepang", "web_ppd": "PPD SEPANG", "web_level": "Sekolah Menengah", "web_address": "-", "web_pbt": "MPSp" }, "geometry": { "type": "Point", "coordinates": [ 101.72733930000004, 2.900300553000022 ] } },
{ "type": "Feature", "properties": { "Nama_Sekol": "SAM BANDAR BARU SALAK TINGGI", "PPD": "PPD SEPANG", "PBT": "MPSp", "JenisWarta": "Tiada", "Tahap_Seko": "Sekolah Menengah", "Koordinat_": 2.820275, "Koordinat1": 101.734398, "web_name": "SAM BANDAR BARU SALAK TINGGI", "web_code": "-", "web_type": "Tiada", "web_district": "Sepang", "web_ppd": "PPD SEPANG", "web_level": "Sekolah Menengah", "web_address": "-", "web_pbt": "MPSp" }, "geometry": { "type": "Point", "coordinates": [ 101.734398, 2.820275 ] } },
{ "type": "Feature", "properties": { "Nama_Sekol": "SAM SUNGAI MERAB LUAR", "PPD": "PPD SEPANG", "PBT": "MPSp", "JenisWarta": "Tiada", "Tahap_Seko": "Sekolah Menengah", "Koordinat_": 2.939456, "Koordinat1": 101.749085, "web_name": "SAM SUNGAI MERAB LUAR", "web_code": "-", "web_type": "Tiada", "web_district": "Sepang", "web_ppd": "PPD SEPANG", "web_level": "Sekolah Menengah", "web_address": "-", "web_pbt": "MPSp" }, "geometry": { "type": "Point", "coordinates": [ 101.749085, 2.939456 ] } },
{ "type": "Feature", "properties": { "Nama_Sekol": "SEKOLAH MENENGAH KEBANGSAAN BANDAR BARU SALAK TINGGI", "PPD": "PPD SEPANG", "PBT": "MPSp", "JenisWarta": "Tiada", "Tahap_Seko": "Sekolah Menengah", "Koordinat_": 2.827617, "Koordinat1": 101.720006, "web_name": "SEKOLAH MENENGAH KEBANGSAAN BANDAR BARU SALAK TINGGI", "web_code": "-", "web_type": "Tiada", "web_district": "Sepang", "web_ppd": "PPD SEPANG", "web_level": "Sekolah Menengah", "web_address": "-", "web_pbt": "MPSp" }, "geometry": { "type": "Point", "coordinates": [ 101.720006, 2.827617 ] } },
{ "type": "Feature", "properties": { "Nama_Sekol": "SEKOLAH MENENGAH KEBANGSAAN CYBERJAYA", "PPD": "PPD SEPANG", "PBT": "MPSp", "JenisWarta": "SUKSel", "Tahap_Seko": "Sekolah Menengah", "Koordinat_": 2.919294, "Koordinat1": 101.639467, "web_name": "SEKOLAH MENENGAH KEBANGSAAN CYBERJAYA", "web_code": "-", "web_type": "SUKSel", "web_district": "Sepang", "web_ppd": "PPD SEPANG", "web_level": "Sekolah Menengah", "web_address": "-", "web_pbt": "MPSp" }, "geometry": { "type": "Point", "coordinates": [ 101.639467, 2.919294 ] } },
{ "type": "Feature", "properties": { "Nama_Sekol": "SEKOLAH MENENGAH KEBANGSAAN DATO' ABU BAKAR BAGINDA", "PPD": "PPD SEPANG", "PBT": "MPSp", "JenisWarta": "Tiada", "Tahap_Seko": "Sekolah Menengah", "Koordinat_": 2.951074, "Koordinat1": 101.750092, "web_name": "SEKOLAH MENENGAH KEBANGSAAN DATO' ABU BAKAR BAGINDA", "web_code": "-", "web_type": "Tiada", "web_district": "Sepang", "web_ppd": "PPD SEPANG", "web_level": "Sekolah Menengah", "web_address": "-", "web_pbt": "MPSp" }, "geometry": { "type": "Point", "coordinates": [ 101.750092, 2.951074 ] } },
{ "type": "Feature", "properties": { "Nama_Sekol": "SEKOLAH MENENGAH KEBANGSAAN DENGKIL", "PPD": "PPD SEPANG", "PBT": "MPSp", "JenisWarta": "TM_KPM", "Tahap_Seko": "Sekolah Menengah", "Koordinat_": 2.865842, "Koordinat1": 101.672592, "web_name": "SEKOLAH MENENGAH KEBANGSAAN DENGKIL", "web_code": "-", "web_type": "TM_KPM", "web_district": "Sepang", "web_ppd": "PPD SEPANG", "web_level": "Sekolah Menengah", "web_address": "-", "web_pbt": "MPSp" }, "geometry": { "type": "Point", "coordinates": [ 101.672592, 2.865842 ] } },
{ "type": "Feature", "properties": { "Nama_Sekol": "SEKOLAH MENENGAH KEBANGSAAN PANTAI SEPANG PUTRA", "PPD": "PPD SEPANG", "PBT": "MPSp", "JenisWarta": "TM_KPM", "Tahap_Seko": "Sekolah Menengah", "Koordinat_": 2.621310842, "Koordinat1": 101.7122331, "web_name": "SEKOLAH MENENGAH KEBANGSAAN PANTAI SEPANG PUTRA", "web_code": "-", "web_type": "TM_KPM", "web_district": "Sepang", "web_ppd": "PPD SEPANG", "web_level": "Sekolah Menengah", "web_address": "-", "web_pbt": "MPSp" }, "geometry": { "type": "Point", "coordinates": [ 101.712233100000049, 2.621310842000071 ] } },
{ "type": "Feature", "properties": { "Nama_Sekol": "SEKOLAH MENENGAH KEBANGSAAN PUTRA PERDANA", "PPD": "PPD SEPANG", "PBT": "MPSp", "JenisWarta": "Tiada", "Tahap_Seko": "Sekolah Menengah", "Koordinat_": 2.944004, "Koordinat1": 101.622071, "web_name": "SEKOLAH MENENGAH KEBANGSAAN PUTRA PERDANA", "web_code": "-", "web_type": "Tiada", "web_district": "Sepang", "web_ppd": "PPD SEPANG", "web_level": "Sekolah Menengah", "web_address": "-", "web_pbt": "MPSp" }, "geometry": { "type": "Point", "coordinates": [ 101.622071, 2.944004 ] } },
{ "type": "Feature", "properties": { "Nama_Sekol": "SEKOLAH MENENGAH KEBANGSAAN SERI PUTERI", "PPD": "PPD SEPANG", "PBT": "MPSp", "JenisWarta": "TM_KPM", "Tahap_Seko": "Sekolah Menengah", "Koordinat_": 2.91112149, "Koordinat1": 101.6639993, "web_name": "SEKOLAH MENENGAH KEBANGSAAN SERI PUTERI", "web_code": "-", "web_type": "TM_KPM", "web_district": "Sepang", "web_ppd": "PPD SEPANG", "web_level": "Sekolah Menengah", "web_address": "-", "web_pbt": "MPSp" }, "geometry": { "type": "Point", "coordinates": [ 101.663999300000057, 2.911121490000028 ] } },
{ "type": "Feature", "properties": { "Nama_Sekol": "SEKOLAH MENENGAH KEBANGSAAN SERI SEPANG", "PPD": "PPD SEPANG", "PBT": "MPSp", "JenisWarta": "Tiada", "Tahap_Seko": "Sekolah Menengah", "Koordinat_": 2.810353, "Koordinat1": 101.740668, "web_name": "SEKOLAH MENENGAH KEBANGSAAN SERI SEPANG", "web_code": "-", "web_type": "Tiada", "web_district": "Sepang", "web_ppd": "PPD SEPANG", "web_level": "Sekolah Menengah", "web_address": "-", "web_pbt": "MPSp" }, "geometry": { "type": "Point", "coordinates": [ 101.740668, 2.810353 ] } },
{ "type": "Feature", "properties": { "Nama_Sekol": "SEKOLAH MENENGAH KEBANGSAAN SUNGAI PELEK", "PPD": "PPD SEPANG", "PBT": "MPSp", "JenisWarta": "TM_KPM", "Tahap_Seko": "Sekolah Menengah", "Koordinat_": 2.639985802, "Koordinat1": 101.710436, "web_name": "SEKOLAH MENENGAH KEBANGSAAN SUNGAI PELEK", "web_code": "-", "web_type": "TM_KPM", "web_district": "Sepang", "web_ppd": "PPD SEPANG", "web_level": "Sekolah Menengah", "web_address": "-", "web_pbt": "MPSp" }, "geometry": { "type": "Point", "coordinates": [ 101.710436, 2.639985802000069 ] } },
{ "type": "Feature", "properties": { "Nama_Sekol": "SEKOLAH MENENGAH KEBANGSAAN SUNGAI RAWANG", "PPD": "PPD SEPANG", "PBT": "MPSp", "JenisWarta": "Tiada", "Tahap_Seko": "Sekolah Menengah", "Koordinat_": 2.671652, "Koordinat1": 101.676927, "web_name": "SEKOLAH MENENGAH KEBANGSAAN SUNGAI RAWANG", "web_code": "-", "web_type": "Tiada", "web_district": "Sepang", "web_ppd": "PPD SEPANG", "web_level": "Sekolah Menengah", "web_address": "-", "web_pbt": "MPSp" }, "geometry": { "type": "Point", "coordinates": [ 101.676927, 2.671652 ] } },
{ "type": "Feature", "properties": { "Nama_Sekol": "SEKOLAH JENIS KEBANGSAAN (CINA) BUKIT FRASER", "PPD": "PPD KUALA LANGAT", "PBT": "MPKL", "JenisWarta": "Tiada", "Tahap_Seko": "Sekolah Rendah", "Koordinat_": 2.946634, "Koordinat1": 101.528929, "web_name": "SEKOLAH JENIS KEBANGSAAN (CINA) BUKIT FRASER", "web_code": "-", "web_type": "Tiada", "web_district": "Kuala Langat", "web_ppd": "PPD KUALA LANGAT", "web_level": "Sekolah Rendah", "web_address": "-", "web_pbt": "MPKL" }, "geometry": { "type": "Point", "coordinates": [ 101.528929, 2.946634 ] } },
{ "type": "Feature", "properties": { "Nama_Sekol": "SEKOLAH JENIS KEBANGSAAN (CINA) CHOONG HUA", "PPD": "PPD KUALA LANGAT", "PBT": "MPKL", "JenisWarta": "Tiada", "Tahap_Seko": "Sekolah Rendah", "Koordinat_": 2.807774, "Koordinat1": 101.497686, "web_name": "SEKOLAH JENIS KEBANGSAAN (CINA) CHOONG HUA", "web_code": "-", "web_type": "Tiada", "web_district": "Kuala Langat", "web_ppd": "PPD KUALA LANGAT", "web_level": "Sekolah Rendah", "web_address": "-", "web_pbt": "MPKL" }, "geometry": { "type": "Point", "coordinates": [ 101.497686, 2.807774 ] } },
{ "type": "Feature", "properties": { "Nama_Sekol": "SEKOLAH JENIS KEBANGSAAN (CINA) JENJAROM", "PPD": "PPD KUALA LANGAT", "PBT": "MPKL", "JenisWarta": "TM_KPM", "Tahap_Seko": "Sekolah Rendah", "Koordinat_": 2.874827, "Koordinat1": 101.496687, "web_name": "SEKOLAH JENIS KEBANGSAAN (CINA) JENJAROM", "web_code": "-", "web_type": "TM_KPM", "web_district": "Kuala Langat", "web_ppd": "PPD KUALA LANGAT", "web_level": "Sekolah Rendah", "web_address": "-", "web_pbt": "MPKL" }, "geometry": { "type": "Point", "coordinates": [ 101.496687, 2.874827 ] } },
{ "type": "Feature", "properties": { "Nama_Sekol": "SEKOLAH JENIS KEBANGSAAN (CINA) KAH WAH", "PPD": "PPD KUALA LANGAT", "PBT": "MPKL", "JenisWarta": "Tiada", "Tahap_Seko": "Sekolah Rendah", "Koordinat_": 2.823741, "Koordinat1": 101.501634, "web_name": "SEKOLAH JENIS KEBANGSAAN (CINA) KAH WAH", "web_code": "-", "web_type": "Tiada", "web_district": "Kuala Langat", "web_ppd": "PPD KUALA LANGAT", "web_level": "Sekolah Rendah", "web_address": "-", "web_pbt": "MPKL" }, "geometry": { "type": "Point", "coordinates": [ 101.501634, 2.823741 ] } },
{ "type": "Feature", "properties": { "Nama_Sekol": "SEKOLAH JENIS KEBANGSAAN (CINA) PENG MING", "PPD": "PPD KUALA LANGAT", "PBT": "MPKL", "JenisWarta": "TM_KPM", "Tahap_Seko": "Sekolah Rendah", "Koordinat_": 2.906463, "Koordinat1": 101.468166, "web_name": "SEKOLAH JENIS KEBANGSAAN (CINA) PENG MING", "web_code": "-", "web_type": "TM_KPM", "web_district": "Kuala Langat", "web_ppd": "PPD KUALA LANGAT", "web_level": "Sekolah Rendah", "web_address": "-", "web_pbt": "MPKL" }, "geometry": { "type": "Point", "coordinates": [ 101.468166, 2.906463 ] } },
{ "type": "Feature", "properties": { "Nama_Sekol": "SEKOLAH JENIS KEBANGSAAN (CINA) SIMPANG MORIB", "PPD": "PPD KUALA LANGAT", "PBT": "MPKL", "JenisWarta": "TM_KPM", "Tahap_Seko": "Sekolah Rendah", "Koordinat_": 2.780437, "Koordinat1": 101.459855, "web_name": "SEKOLAH JENIS KEBANGSAAN (CINA) SIMPANG MORIB", "web_code": "-", "web_type": "TM_KPM", "web_district": "Kuala Langat", "web_ppd": "PPD KUALA LANGAT", "web_level": "Sekolah Rendah", "web_address": "-", "web_pbt": "MPKL" }, "geometry": { "type": "Point", "coordinates": [ 101.459855, 2.780437 ] } },
{ "type": "Feature", "properties": { "Nama_Sekol": "SEKOLAH JENIS KEBANGSAAN (CINA) TANJONG SEPAT", "PPD": "PPD KUALA LANGAT", "PBT": "MPKL", "JenisWarta": "TM_KPM", "Tahap_Seko": "Sekolah Rendah", "Koordinat_": 2.661492, "Koordinat1": 101.557401, "web_name": "SEKOLAH JENIS KEBANGSAAN (CINA) TANJONG SEPAT", "web_code": "-", "web_type": "TM_KPM", "web_district": "Kuala Langat", "web_ppd": "PPD KUALA LANGAT", "web_level": "Sekolah Rendah", "web_address": "-", "web_pbt": "MPKL" }, "geometry": { "type": "Point", "coordinates": [ 101.557401, 2.661492 ] } },
{ "type": "Feature", "properties": { "Nama_Sekol": "SEKOLAH JENIS KEBANGSAAN (CINA) TIONG NAM", "PPD": "PPD KUALA LANGAT", "PBT": "MPKL", "JenisWarta": "Tiada", "Tahap_Seko": "Sekolah Rendah", "Koordinat_": 2.842512466, "Koordinat1": 101.440558, "web_name": "SEKOLAH JENIS KEBANGSAAN (CINA) TIONG NAM", "web_code": "-", "web_type": "Tiada", "web_district": "Kuala Langat", "web_ppd": "PPD KUALA LANGAT", "web_level": "Sekolah Rendah", "web_address": "-", "web_pbt": "MPKL" }, "geometry": { "type": "Point", "coordinates": [ 101.440558, 2.842512466000073 ] } },
{ "type": "Feature", "properties": { "Nama_Sekol": "SEKOLAH JENIS KEBANGSAAN (TAMIL) JENJAROM", "PPD": "PPD KUALA LANGAT", "PBT": "MPKL", "JenisWarta": "166(4)", "Tahap_Seko": "Sekolah Rendah", "Koordinat_": 2.879709, "Koordinat1": 101.493763, "web_name": "SEKOLAH JENIS KEBANGSAAN (TAMIL) JENJAROM", "web_code": "-", "web_type": "166(4)", "web_district": "Kuala Langat", "web_ppd": "PPD KUALA LANGAT", "web_level": "Sekolah Rendah", "web_address": "-", "web_pbt": "MPKL" }, "geometry": { "type": "Point", "coordinates": [ 101.493763, 2.879709 ] } },
{ "type": "Feature", "properties": { "Nama_Sekol": "SEKOLAH JENIS KEBANGSAAN (TAMIL) LADANG TUMBUK", "PPD": "PPD KUALA LANGAT", "PBT": "MPKL", "JenisWarta": "Tiada", "Tahap_Seko": "Sekolah Rendah", "Koordinat_": 2.651790385, "Koordinat1": 101.5816089, "web_name": "SEKOLAH JENIS KEBANGSAAN (TAMIL) LADANG TUMBUK", "web_code": "-", "web_type": "Tiada", "web_district": "Kuala Langat", "web_ppd": "PPD KUALA LANGAT", "web_level": "Sekolah Rendah", "web_address": "-", "web_pbt": "MPKL" }, "geometry": { "type": "Point", "coordinates": [ 101.581608900000049, 2.651790385000027 ] } },
{ "type": "Feature", "properties": { "Nama_Sekol": "SEKOLAH JENIS KEBANGSAAN (TAMIL) LDG GADONG", "PPD": "PPD KUALA LANGAT", "PBT": "MPKL", "JenisWarta": "Tiada", "Tahap_Seko": "Sekolah Rendah", "Koordinat_": 2.699959225, "Koordinat1": 101.4736574, "web_name": "SEKOLAH JENIS KEBANGSAAN (TAMIL) LDG GADONG", "web_code": "-", "web_type": "Tiada", "web_district": "Kuala Langat", "web_ppd": "PPD KUALA LANGAT", "web_level": "Sekolah Rendah", "web_address": "-", "web_pbt": "MPKL" }, "geometry": { "type": "Point", "coordinates": [ 101.473657400000036, 2.699959225000043 ] } },
{ "type": "Feature", "properties": { "Nama_Sekol": "SEKOLAH JENIS KEBANGSAAN (TAMIL) LDG JUGRA", "PPD": "PPD KUALA LANGAT", "PBT": "MPKL", "JenisWarta": "Tiada", "Tahap_Seko": "Sekolah Rendah", "Koordinat_": 2.819890126, "Koordinat1": 101.4616359, "web_name": "SEKOLAH JENIS KEBANGSAAN (TAMIL) LDG JUGRA", "web_code": "-", "web_type": "Tiada", "web_district": "Kuala Langat", "web_ppd": "PPD KUALA LANGAT", "web_level": "Sekolah Rendah", "web_address": "-", "web_pbt": "MPKL" }, "geometry": { "type": "Point", "coordinates": [ 101.461635900000033, 2.819890126000075 ] } },
{ "type": "Feature", "properties": { "Nama_Sekol": "SEKOLAH JENIS KEBANGSAAN (TAMIL) PULAU CAREY BARAT", "PPD": "PPD KUALA LANGAT", "PBT": "MPKL", "JenisWarta": "Tiada", "Tahap_Seko": "Sekolah Rendah", "Koordinat_": 2.890788814, "Koordinat1": 101.3531837, "web_name": "SEKOLAH JENIS KEBANGSAAN (TAMIL) PULAU CAREY BARAT", "web_code": "-", "web_type": "Tiada", "web_district": "Kuala Langat", "web_ppd": "PPD KUALA LANGAT", "web_level": "Sekolah Rendah", "web_address": "-", "web_pbt": "MPKL" }, "geometry": { "type": "Point", "coordinates": [ 101.353183700000045, 2.890788814000075 ] } },
{ "type": "Feature", "properties": { "Nama_Sekol": "SEKOLAH JENIS KEBANGSAAN (TAMIL) PULAU CAREY SELATAN", "PPD": "PPD KUALA LANGAT", "PBT": "MPKL", "JenisWarta": "Tiada", "Tahap_Seko": "Sekolah Rendah", "Koordinat_": 2.856519403, "Koordinat1": 101.3312145, "web_name": "SEKOLAH JENIS KEBANGSAAN (TAMIL) PULAU CAREY SELATAN", "web_code": "-", "web_type": "Tiada", "web_district": "Kuala Langat", "web_ppd": "PPD KUALA LANGAT", "web_level": "Sekolah Rendah", "web_address": "-", "web_pbt": "MPKL" }, "geometry": { "type": "Point", "coordinates": [ 101.331214500000044, 2.85651940300005 ] } },
{ "type": "Feature", "properties": { "Nama_Sekol": "SEKOLAH JENIS KEBANGSAAN (TAMIL) PULAU CAREY TIMUR", "PPD": "PPD KUALA LANGAT", "PBT": "MPKL", "JenisWarta": "Tiada", "Tahap_Seko": "Sekolah Rendah", "Koordinat_": 2.911423707, "Koordinat1": 101.4006949, "web_name": "SEKOLAH JENIS KEBANGSAAN (TAMIL) PULAU CAREY TIMUR", "web_code": "-", "web_type": "Tiada", "web_district": "Kuala Langat", "web_ppd": "PPD KUALA LANGAT", "web_level": "Sekolah Rendah", "web_address": "-", "web_pbt": "MPKL" }, "geometry": { "type": "Point", "coordinates": [ 101.400694900000076, 2.91142370700004 ] } },
{ "type": "Feature", "properties": { "Nama_Sekol": "SEKOLAH JENIS KEBANGSAAN (TAMIL) PUSAT TELOK DATOK", "PPD": "PPD KUALA LANGAT", "PBT": "MPKL", "JenisWarta": "TM_KPM", "Tahap_Seko": "Sekolah Rendah", "Koordinat_": 2.817753, "Koordinat1": 101.524725, "web_name": "SEKOLAH JENIS KEBANGSAAN (TAMIL) PUSAT TELOK DATOK", "web_code": "-", "web_type": "TM_KPM", "web_district": "Kuala Langat", "web_ppd": "PPD KUALA LANGAT", "web_level": "Sekolah Rendah", "web_address": "-", "web_pbt": "MPKL" }, "geometry": { "type": "Point", "coordinates": [ 101.524725, 2.817753 ] } },
{ "type": "Feature", "properties": { "Nama_Sekol": "SEKOLAH JENIS KEBANGSAAN (TAMIL) SG MANGGIS", "PPD": "PPD KUALA LANGAT", "PBT": "MPKL", "JenisWarta": "TM_KPM", "Tahap_Seko": "Sekolah Rendah", "Koordinat_": 2.827301, "Koordinat1": 101.541099, "web_name": "SEKOLAH JENIS KEBANGSAAN (TAMIL) SG MANGGIS", "web_code": "-", "web_type": "TM_KPM", "web_district": "Kuala Langat", "web_ppd": "PPD KUALA LANGAT", "web_level": "Sekolah Rendah", "web_address": "-", "web_pbt": "MPKL" }, "geometry": { "type": "Point", "coordinates": [ 101.541099, 2.827301 ] } },
{ "type": "Feature", "properties": { "Nama_Sekol": "SEKOLAH JENIS KEBANGSAAN (TAMIL) SIMPANG MORIB", "PPD": "PPD KUALA LANGAT", "PBT": "MPKL", "JenisWarta": "TM_KPM", "Tahap_Seko": "Sekolah Rendah", "Koordinat_": 2.78392, "Koordinat1": 101.460508, "web_name": "SEKOLAH JENIS KEBANGSAAN (TAMIL) SIMPANG MORIB", "web_code": "-", "web_type": "TM_KPM", "web_district": "Kuala Langat", "web_ppd": "PPD KUALA LANGAT", "web_level": "Sekolah Rendah", "web_address": "-", "web_pbt": "MPKL" }, "geometry": { "type": "Point", "coordinates": [ 101.460508, 2.78392 ] } },
{ "type": "Feature", "properties": { "Nama_Sekol": "SEKOLAH JENIS KEBANGSAAN (TAMIL) SUNGAI BUAYA", "PPD": "PPD KUALA LANGAT", "PBT": "MPKL", "JenisWarta": "TM_KPM", "Tahap_Seko": "Sekolah Rendah", "Koordinat_": 2.845913, "Koordinat1": 101.481687, "web_name": "SEKOLAH JENIS KEBANGSAAN (TAMIL) SUNGAI BUAYA", "web_code": "-", "web_type": "TM_KPM", "web_district": "Kuala Langat", "web_ppd": "PPD KUALA LANGAT", "web_level": "Sekolah Rendah", "web_address": "-", "web_pbt": "MPKL" }, "geometry": { "type": "Point", "coordinates": [ 101.481687, 2.845913 ] } },
{ "type": "Feature", "properties": { "Nama_Sekol": "SEKOLAH JENIS KEBANGSAAN (TAMIL) SUNGAI SEDU", "PPD": "PPD KUALA LANGAT", "PBT": "MPKL", "JenisWarta": "Tiada", "Tahap_Seko": "Sekolah Rendah", "Koordinat_": 2.842470523, "Koordinat1": 101.5242096, "web_name": "SEKOLAH JENIS KEBANGSAAN (TAMIL) SUNGAI SEDU", "web_code": "-", "web_type": "Tiada", "web_district": "Kuala Langat", "web_ppd": "PPD KUALA LANGAT", "web_level": "Sekolah Rendah", "web_address": "-", "web_pbt": "MPKL" }, "geometry": { "type": "Point", "coordinates": [ 101.524209600000063, 2.842470523000031 ] } },
{ "type": "Feature", "properties": { "Nama_Sekol": "SEKOLAH JENIS KEBANGSAAN (TAMIL) TELOK PANGLIMA GARANG", "PPD": "PPD KUALA LANGAT", "PBT": "MPKL", "JenisWarta": "TM_KPM", "Tahap_Seko": "Sekolah Rendah", "Koordinat_": 2.906363, "Koordinat1": 101.469616, "web_name": "SEKOLAH JENIS KEBANGSAAN (TAMIL) TELOK PANGLIMA GARANG", "web_code": "-", "web_type": "TM_KPM", "web_district": "Kuala Langat", "web_ppd": "PPD KUALA LANGAT", "web_level": "Sekolah Rendah", "web_address": "-", "web_pbt": "MPKL" }, "geometry": { "type": "Point", "coordinates": [ 101.469616, 2.906363 ] } },
{ "type": "Feature", "properties": { "Nama_Sekol": "SEKOLAH KEBANGSAAN (ASLI) BKT CHEDING", "PPD": "PPD KUALA LANGAT", "PBT": "MPKL", "JenisWarta": "Tiada", "Tahap_Seko": "Sekolah Rendah", "Koordinat_": 2.897902, "Koordinat1": 101.57452, "web_name": "SEKOLAH KEBANGSAAN (ASLI) BKT CHEDING", "web_code": "-", "web_type": "Tiada", "web_district": "Kuala Langat", "web_ppd": "PPD KUALA LANGAT", "web_level": "Sekolah Rendah", "web_address": "-", "web_pbt": "MPKL" }, "geometry": { "type": "Point", "coordinates": [ 101.57452, 2.897902 ] } },
{ "type": "Feature", "properties": { "Nama_Sekol": "SEKOLAH KEBANGSAAN (ASLI) BUKIT KEMANDOL", "PPD": "PPD KUALA LANGAT", "PBT": "MPKL", "JenisWarta": "Tiada", "Tahap_Seko": "Sekolah Rendah", "Koordinat_": 2.93948, "Koordinat1": 101.565414, "web_name": "SEKOLAH KEBANGSAAN (ASLI) BUKIT KEMANDOL", "web_code": "-", "web_type": "Tiada", "web_district": "Kuala Langat", "web_ppd": "PPD KUALA LANGAT", "web_level": "Sekolah Rendah", "web_address": "-", "web_pbt": "MPKL" }, "geometry": { "type": "Point", "coordinates": [ 101.565414, 2.93948 ] } },
{ "type": "Feature", "properties": { "Nama_Sekol": "SEKOLAH KEBANGSAAN BANDAR", "PPD": "PPD KUALA LANGAT", "PBT": "MPKL", "JenisWarta": "166(4)", "Tahap_Seko": "Sekolah Rendah", "Koordinat_": 2.864041, "Koordinat1": 101.438932, "web_name": "SEKOLAH KEBANGSAAN BANDAR", "web_code": "-", "web_type": "166(4)", "web_district": "Kuala Langat", "web_ppd": "PPD KUALA LANGAT", "web_level": "Sekolah Rendah", "web_address": "-", "web_pbt": "MPKL" }, "geometry": { "type": "Point", "coordinates": [ 101.438932, 2.864041 ] } },
{ "type": "Feature", "properties": { "Nama_Sekol": "SEKOLAH KEBANGSAAN BANDAR BANTING", "PPD": "PPD KUALA LANGAT", "PBT": "MPKL", "JenisWarta": "TM_KPM", "Tahap_Seko": "Sekolah Rendah", "Koordinat_": 2.803977, "Koordinat1": 101.502367, "web_name": "SEKOLAH KEBANGSAAN BANDAR BANTING", "web_code": "-", "web_type": "TM_KPM", "web_district": "Kuala Langat", "web_ppd": "PPD KUALA LANGAT", "web_level": "Sekolah Rendah", "web_address": "-", "web_pbt": "MPKL" }, "geometry": { "type": "Point", "coordinates": [ 101.502367, 2.803977 ] } },
{ "type": "Feature", "properties": { "Nama_Sekol": "SEKOLAH KEBANGSAAN BATU LAUT", "PPD": "PPD KUALA LANGAT", "PBT": "MPKL", "JenisWarta": "TM_KPM", "Tahap_Seko": "Sekolah Rendah", "Koordinat_": 2.676688, "Koordinat1": 101.514801, "web_name": "SEKOLAH KEBANGSAAN BATU LAUT", "web_code": "-", "web_type": "TM_KPM", "web_district": "Kuala Langat", "web_ppd": "PPD KUALA LANGAT", "web_level": "Sekolah Rendah", "web_address": "-", "web_pbt": "MPKL" }, "geometry": { "type": "Point", "coordinates": [ 101.514801, 2.676688 ] } },
{ "type": "Feature", "properties": { "Nama_Sekol": "SEKOLAH KEBANGSAAN BKT CHANGGANG", "PPD": "PPD KUALA LANGAT", "PBT": "MPKL", "JenisWarta": "Tiada", "Tahap_Seko": "Sekolah Rendah", "Koordinat_": 2.832285, "Koordinat1": 101.627348, "web_name": "SEKOLAH KEBANGSAAN BKT CHANGGANG", "web_code": "-", "web_type": "Tiada", "web_district": "Kuala Langat", "web_ppd": "PPD KUALA LANGAT", "web_level": "Sekolah Rendah", "web_address": "-", "web_pbt": "MPKL" }, "geometry": { "type": "Point", "coordinates": [ 101.627348, 2.832285 ] } },
{ "type": "Feature", "properties": { "Nama_Sekol": "SEKOLAH KEBANGSAAN BUKIT TADOM", "PPD": "PPD KUALA LANGAT", "PBT": "MPKL", "JenisWarta": "Tiada", "Tahap_Seko": "Sekolah Rendah", "Koordinat_": 2.804546, "Koordinat1": 101.623711, "web_name": "SEKOLAH KEBANGSAAN BUKIT TADOM", "web_code": "-", "web_type": "Tiada", "web_district": "Kuala Langat", "web_ppd": "PPD KUALA LANGAT", "web_level": "Sekolah Rendah", "web_address": "-", "web_pbt": "MPKL" }, "geometry": { "type": "Point", "coordinates": [ 101.623711, 2.804546 ] } },
{ "type": "Feature", "properties": { "Nama_Sekol": "SEKOLAH KEBANGSAAN JALAN TANJUNG", "PPD": "PPD KUALA LANGAT", "PBT": "MPKL", "JenisWarta": "TM_KPM", "Tahap_Seko": "Sekolah Rendah", "Koordinat_": 2.924031, "Koordinat1": 101.437227, "web_name": "SEKOLAH KEBANGSAAN JALAN TANJUNG", "web_code": "-", "web_type": "TM_KPM", "web_district": "Kuala Langat", "web_ppd": "PPD KUALA LANGAT", "web_level": "Sekolah Rendah", "web_address": "-", "web_pbt": "MPKL" }, "geometry": { "type": "Point", "coordinates": [ 101.437227, 2.924031 ] } },
{ "type": "Feature", "properties": { "Nama_Sekol": "SEKOLAH KEBANGSAAN JENJAROM", "PPD": "PPD KUALA LANGAT", "PBT": "MPKL", "JenisWarta": "W.S62", "Tahap_Seko": "Sekolah Rendah", "Koordinat_": 2.885869, "Koordinat1": 101.517641, "web_name": "SEKOLAH KEBANGSAAN JENJAROM", "web_code": "-", "web_type": "W.S62", "web_district": "Kuala Langat", "web_ppd": "PPD KUALA LANGAT", "web_level": "Sekolah Rendah", "web_address": "-", "web_pbt": "MPKL" }, "geometry": { "type": "Point", "coordinates": [ 101.517641, 2.885869 ] } },
{ "type": "Feature", "properties": { "Nama_Sekol": "SEKOLAH KEBANGSAAN JUGRA", "PPD": "PPD KUALA LANGAT", "PBT": "MPKL", "JenisWarta": "TM_KPM", "Tahap_Seko": "Sekolah Rendah", "Koordinat_": 2.820369, "Koordinat1": 101.456177, "web_name": "SEKOLAH KEBANGSAAN JUGRA", "web_code": "-", "web_type": "TM_KPM", "web_district": "Kuala Langat", "web_ppd": "PPD KUALA LANGAT", "web_level": "Sekolah Rendah", "web_address": "-", "web_pbt": "MPKL" }, "geometry": { "type": "Point", "coordinates": [ 101.456177, 2.820369 ] } },
{ "type": "Feature", "properties": { "Nama_Sekol": "SEKOLAH KEBANGSAAN KAMPONG BUSUT ASLI", "PPD": "PPD KUALA LANGAT", "PBT": "MPKL", "JenisWarta": "Tiada", "Tahap_Seko": "Sekolah Rendah", "Koordinat_": 2.905162, "Koordinat1": 101.590773, "web_name": "SEKOLAH KEBANGSAAN KAMPONG BUSUT ASLI", "web_code": "-", "web_type": "Tiada", "web_district": "Kuala Langat", "web_ppd": "PPD KUALA LANGAT", "web_level": "Sekolah Rendah", "web_address": "-", "web_pbt": "MPKL" }, "geometry": { "type": "Point", "coordinates": [ 101.590773, 2.905162 ] } },
{ "type": "Feature", "properties": { "Nama_Sekol": "SEKOLAH KEBANGSAAN KAMPONG ENDAH", "PPD": "PPD KUALA LANGAT", "PBT": "MPKL", "JenisWarta": "TM_KPM", "Tahap_Seko": "Sekolah Rendah", "Koordinat_": 2.734223, "Koordinat1": 101.46986, "web_name": "SEKOLAH KEBANGSAAN KAMPONG ENDAH", "web_code": "-", "web_type": "TM_KPM", "web_district": "Kuala Langat", "web_ppd": "PPD KUALA LANGAT", "web_level": "Sekolah Rendah", "web_address": "-", "web_pbt": "MPKL" }, "geometry": { "type": "Point", "coordinates": [ 101.46986, 2.734223 ] } },
{ "type": "Feature", "properties": { "Nama_Sekol": "SEKOLAH KEBANGSAAN KAMPUNG MEDAN", "PPD": "PPD KUALA LANGAT", "PBT": "MPKL", "JenisWarta": "TM_KPM", "Tahap_Seko": "Sekolah Rendah", "Koordinat_": 2.929851006, "Koordinat1": 101.4743953, "web_name": "SEKOLAH KEBANGSAAN KAMPUNG MEDAN", "web_code": "-", "web_type": "TM_KPM", "web_district": "Kuala Langat", "web_ppd": "PPD KUALA LANGAT", "web_level": "Sekolah Rendah", "web_address": "-", "web_pbt": "MPKL" }, "geometry": { "type": "Point", "coordinates": [ 101.474395300000083, 2.929851006000035 ] } },
{ "type": "Feature", "properties": { "Nama_Sekol": "SEKOLAH KEBANGSAAN KANCHONG DARAT", "PPD": "PPD KUALA LANGAT", "PBT": "MPKL", "JenisWarta": "W.S62", "Tahap_Seko": "Sekolah Rendah", "Koordinat_": 2.788408, "Koordinat1": 101.48279, "web_name": "SEKOLAH KEBANGSAAN KANCHONG DARAT", "web_code": "-", "web_type": "W.S62", "web_district": "Kuala Langat", "web_ppd": "PPD KUALA LANGAT", "web_level": "Sekolah Rendah", "web_address": "-", "web_pbt": "MPKL" }, "geometry": { "type": "Point", "coordinates": [ 101.48279, 2.788408 ] } },
{ "type": "Feature", "properties": { "Nama_Sekol": "SEKOLAH KEBANGSAAN KANCHONG TENGAH", "PPD": "PPD KUALA LANGAT", "PBT": "MPKL", "JenisWarta": "TM_KPM", "Tahap_Seko": "Sekolah Rendah", "Koordinat_": 2.74721, "Koordinat1": 101.49591, "web_name": "SEKOLAH KEBANGSAAN KANCHONG TENGAH", "web_code": "-", "web_type": "TM_KPM", "web_district": "Kuala Langat", "web_ppd": "PPD KUALA LANGAT", "web_level": "Sekolah Rendah", "web_address": "-", "web_pbt": "MPKL" }, "geometry": { "type": "Point", "coordinates": [ 101.49591, 2.74721 ] } },
{ "type": "Feature", "properties": { "Nama_Sekol": "SEKOLAH KEBANGSAAN KEBUN BAHARU", "PPD": "PPD KUALA LANGAT", "PBT": "MPKL", "JenisWarta": "TM_KPM", "Tahap_Seko": "Sekolah Rendah", "Koordinat_": 2.919857, "Koordinat1": 101.493593, "web_name": "SEKOLAH KEBANGSAAN KEBUN BAHARU", "web_code": "-", "web_type": "TM_KPM", "web_district": "Kuala Langat", "web_ppd": "PPD KUALA LANGAT", "web_level": "Sekolah Rendah", "web_address": "-", "web_pbt": "MPKL" }, "geometry": { "type": "Point", "coordinates": [ 101.493593, 2.919857 ] } },
{ "type": "Feature", "properties": { "Nama_Sekol": "SEKOLAH KEBANGSAAN LABOHAN DAGANG", "PPD": "PPD KUALA LANGAT", "PBT": "MPKL", "JenisWarta": "W.S62", "Tahap_Seko": "Sekolah Rendah", "Koordinat_": 2.805832, "Koordinat1": 101.613638, "web_name": "SEKOLAH KEBANGSAAN LABOHAN DAGANG", "web_code": "-", "web_type": "W.S62", "web_district": "Kuala Langat", "web_ppd": "PPD KUALA LANGAT", "web_level": "Sekolah Rendah", "web_address": "-", "web_pbt": "MPKL" }, "geometry": { "type": "Point", "coordinates": [ 101.613638, 2.805832 ] } },
{ "type": "Feature", "properties": { "Nama_Sekol": "SEKOLAH KEBANGSAAN METHODIST", "PPD": "PPD KUALA LANGAT", "PBT": "MPKL", "JenisWarta": "Tiada", "Tahap_Seko": "Sekolah Rendah", "Koordinat_": 2.821864, "Koordinat1": 101.518587, "web_name": "SEKOLAH KEBANGSAAN METHODIST", "web_code": "-", "web_type": "Tiada", "web_district": "Kuala Langat", "web_ppd": "PPD KUALA LANGAT", "web_level": "Sekolah Rendah", "web_address": "-", "web_pbt": "MPKL" }, "geometry": { "type": "Point", "coordinates": [ 101.518587, 2.821864 ] } },
{ "type": "Feature", "properties": { "Nama_Sekol": "SEKOLAH KEBANGSAAN MORIB", "PPD": "PPD KUALA LANGAT", "PBT": "MPKL", "JenisWarta": "W.S62", "Tahap_Seko": "Sekolah Rendah", "Koordinat_": 2.745899, "Koordinat1": 101.448441, "web_name": "SEKOLAH KEBANGSAAN MORIB", "web_code": "-", "web_type": "W.S62", "web_district": "Kuala Langat", "web_ppd": "PPD KUALA LANGAT", "web_level": "Sekolah Rendah", "web_address": "-", "web_pbt": "MPKL" }, "geometry": { "type": "Point", "coordinates": [ 101.448441, 2.745899 ] } },
{ "type": "Feature", "properties": { "Nama_Sekol": "SEKOLAH KEBANGSAAN OLAK LEMPIT", "PPD": "PPD KUALA LANGAT", "PBT": "MPKL", "JenisWarta": "166(4)", "Tahap_Seko": "Sekolah Rendah", "Koordinat_": 2.835472, "Koordinat1": 101.587744, "web_name": "SEKOLAH KEBANGSAAN OLAK LEMPIT", "web_code": "-", "web_type": "166(4)", "web_district": "Kuala Langat", "web_ppd": "PPD KUALA LANGAT", "web_level": "Sekolah Rendah", "web_address": "-", "web_pbt": "MPKL" }, "geometry": { "type": "Point", "coordinates": [ 101.587744, 2.835472 ] } },
{ "type": "Feature", "properties": { "Nama_Sekol": "SEKOLAH KEBANGSAAN PERMATANG PASIR", "PPD": "PPD KUALA LANGAT", "PBT": "MPKL", "JenisWarta": "W.S62", "Tahap_Seko": "Sekolah Rendah", "Koordinat_": 2.837635, "Koordinat1": 101.432029, "web_name": "SEKOLAH KEBANGSAAN PERMATANG PASIR", "web_code": "-", "web_type": "W.S62", "web_district": "Kuala Langat", "web_ppd": "PPD KUALA LANGAT", "web_level": "Sekolah Rendah", "web_address": "-", "web_pbt": "MPKL" }, "geometry": { "type": "Point", "coordinates": [ 101.432029, 2.837635 ] } },
{ "type": "Feature", "properties": { "Nama_Sekol": "SEKOLAH KEBANGSAAN RTB BUKIT CHANGGANG", "PPD": "PPD KUALA LANGAT", "PBT": "MPKL", "JenisWarta": "TM_KPM", "Tahap_Seko": "Sekolah Rendah", "Koordinat_": 2.805429, "Koordinat1": 101.657137, "web_name": "SEKOLAH KEBANGSAAN RTB BUKIT CHANGGANG", "web_code": "-", "web_type": "TM_KPM", "web_district": "Kuala Langat", "web_ppd": "PPD KUALA LANGAT", "web_level": "Sekolah Rendah", "web_address": "-", "web_pbt": "MPKL" }, "geometry": { "type": "Point", "coordinates": [ 101.657137, 2.805429 ] } },
{ "type": "Feature", "properties": { "Nama_Sekol": "SEKOLAH KEBANGSAAN SAUJANA PUTRA", "PPD": "PPD KUALA LANGAT", "PBT": "MPKL", "JenisWarta": "TM_KPM", "Tahap_Seko": "Sekolah Rendah", "Koordinat_": 2.957340829, "Koordinat1": 101.5812399, "web_name": "SEKOLAH KEBANGSAAN SAUJANA PUTRA", "web_code": "-", "web_type": "TM_KPM", "web_district": "Kuala Langat", "web_ppd": "PPD KUALA LANGAT", "web_level": "Sekolah Rendah", "web_address": "-", "web_pbt": "MPKL" }, "geometry": { "type": "Point", "coordinates": [ 101.581239900000071, 2.957340829000032 ] } },
{ "type": "Feature", "properties": { "Nama_Sekol": "SEKOLAH KEBANGSAAN SERI CHEDING", "PPD": "PPD KUALA LANGAT", "PBT": "MPKL", "JenisWarta": "TM_KPM", "Tahap_Seko": "Sekolah Rendah", "Koordinat_": 2.887156, "Koordinat1": 101.55184, "web_name": "SEKOLAH KEBANGSAAN SERI CHEDING", "web_code": "-", "web_type": "TM_KPM", "web_district": "Kuala Langat", "web_ppd": "PPD KUALA LANGAT", "web_level": "Sekolah Rendah", "web_address": "-", "web_pbt": "MPKL" }, "geometry": { "type": "Point", "coordinates": [ 101.55184, 2.887156 ] } },
{ "type": "Feature", "properties": { "Nama_Sekol": "SEKOLAH KEBANGSAAN SERI LANANG", "PPD": "PPD KUALA LANGAT", "PBT": "MPKL", "JenisWarta": "W.S62", "Tahap_Seko": "Sekolah Rendah", "Koordinat_": 2.800854, "Koordinat1": 101.445398, "web_name": "SEKOLAH KEBANGSAAN SERI LANANG", "web_code": "-", "web_type": "W.S62", "web_district": "Kuala Langat", "web_ppd": "PPD KUALA LANGAT", "web_level": "Sekolah Rendah", "web_address": "-", "web_pbt": "MPKL" }, "geometry": { "type": "Point", "coordinates": [ 101.445398, 2.800854 ] } },
{ "type": "Feature", "properties": { "Nama_Sekol": "SEKOLAH KEBANGSAAN SG BUMBUN (A)", "PPD": "PPD KUALA LANGAT", "PBT": "MPKL", "JenisWarta": "Tiada", "Tahap_Seko": "Sekolah Rendah", "Koordinat_": 2.850587, "Koordinat1": 101.401477, "web_name": "SEKOLAH KEBANGSAAN SG BUMBUN (A)", "web_code": "-", "web_type": "Tiada", "web_district": "Kuala Langat", "web_ppd": "PPD KUALA LANGAT", "web_level": "Sekolah Rendah", "web_address": "-", "web_pbt": "MPKL" }, "geometry": { "type": "Point", "coordinates": [ 101.401477, 2.850587 ] } },
{ "type": "Feature", "properties": { "Nama_Sekol": "SEKOLAH KEBANGSAAN SG KELAMBU", "PPD": "PPD KUALA LANGAT", "PBT": "MPKL", "JenisWarta": "TM_KPM", "Tahap_Seko": "Sekolah Rendah", "Koordinat_": 2.787375, "Koordinat1": 101.552101, "web_name": "SEKOLAH KEBANGSAAN SG KELAMBU", "web_code": "-", "web_type": "TM_KPM", "web_district": "Kuala Langat", "web_ppd": "PPD KUALA LANGAT", "web_level": "Sekolah Rendah", "web_address": "-", "web_pbt": "MPKL" }, "geometry": { "type": "Point", "coordinates": [ 101.552101, 2.787375 ] } },
{ "type": "Feature", "properties": { "Nama_Sekol": "SEKOLAH KEBANGSAAN SG LANG", "PPD": "PPD KUALA LANGAT", "PBT": "MPKL", "JenisWarta": "TM_KPM", "Tahap_Seko": "Sekolah Rendah", "Koordinat_": 2.790238, "Koordinat1": 101.520348, "web_name": "SEKOLAH KEBANGSAAN SG LANG", "web_code": "-", "web_type": "TM_KPM", "web_district": "Kuala Langat", "web_ppd": "PPD KUALA LANGAT", "web_level": "Sekolah Rendah", "web_address": "-", "web_pbt": "MPKL" }, "geometry": { "type": "Point", "coordinates": [ 101.520348, 2.790238 ] } },
{ "type": "Feature", "properties": { "Nama_Sekol": "SEKOLAH KEBANGSAAN SIJANGKANG", "PPD": "PPD KUALA LANGAT", "PBT": "MPKL", "JenisWarta": "W.S62", "Tahap_Seko": "Sekolah Rendah", "Koordinat_": 2.941188, "Koordinat1": 101.457187, "web_name": "SEKOLAH KEBANGSAAN SIJANGKANG", "web_code": "-", "web_type": "W.S62", "web_district": "Kuala Langat", "web_ppd": "PPD KUALA LANGAT", "web_level": "Sekolah Rendah", "web_address": "-", "web_pbt": "MPKL" }, "geometry": { "type": "Point", "coordinates": [ 101.457187, 2.941188 ] } },
{ "type": "Feature", "properties": { "Nama_Sekol": "SEKOLAH KEBANGSAAN SIJANGKANG JAYA", "PPD": "PPD KUALA LANGAT", "PBT": "MPKL", "JenisWarta": "TM_KPM", "Tahap_Seko": "Sekolah Rendah", "Koordinat_": 2.930527, "Koordinat1": 101.475429, "web_name": "SEKOLAH KEBANGSAAN SIJANGKANG JAYA", "web_code": "-", "web_type": "TM_KPM", "web_district": "Kuala Langat", "web_ppd": "PPD KUALA LANGAT", "web_level": "Sekolah Rendah", "web_address": "-", "web_pbt": "MPKL" }, "geometry": { "type": "Point", "coordinates": [ 101.475429, 2.930527 ] } },
{ "type": "Feature", "properties": { "Nama_Sekol": "SEKOLAH KEBANGSAAN SRI LANGAT", "PPD": "PPD KUALA LANGAT", "PBT": "MPKL", "JenisWarta": "TM_KPM", "Tahap_Seko": "Sekolah Rendah", "Koordinat_": 2.809817, "Koordinat1": 101.494273, "web_name": "SEKOLAH KEBANGSAAN SRI LANGAT", "web_code": "-", "web_type": "TM_KPM", "web_district": "Kuala Langat", "web_ppd": "PPD KUALA LANGAT", "web_level": "Sekolah Rendah", "web_address": "-", "web_pbt": "MPKL" }, "geometry": { "type": "Point", "coordinates": [ 101.494273, 2.809817 ] } },
{ "type": "Feature", "properties": { "Nama_Sekol": "SEKOLAH KEBANGSAAN SUNGAI BUAYA", "PPD": "PPD KUALA LANGAT", "PBT": "MPKL", "JenisWarta": "W.S62", "Tahap_Seko": "Sekolah Rendah", "Koordinat_": 2.845577, "Koordinat1": 101.46071, "web_name": "SEKOLAH KEBANGSAAN SUNGAI BUAYA", "web_code": "-", "web_type": "W.S62", "web_district": "Kuala Langat", "web_ppd": "PPD KUALA LANGAT", "web_level": "Sekolah Rendah", "web_address": "-", "web_pbt": "MPKL" }, "geometry": { "type": "Point", "coordinates": [ 101.46071, 2.845577 ] } },
{ "type": "Feature", "properties": { "Nama_Sekol": "SEKOLAH KEBANGSAAN SUNGAI JUDAH", "PPD": "PPD KUALA LANGAT", "PBT": "MPKL", "JenisWarta": "Tiada", "Tahap_Seko": "Sekolah Rendah", "Koordinat_": 2.84330588, "Koordinat1": 101.3476639, "web_name": "SEKOLAH KEBANGSAAN SUNGAI JUDAH", "web_code": "-", "web_type": "Tiada", "web_district": "Kuala Langat", "web_ppd": "PPD KUALA LANGAT", "web_level": "Sekolah Rendah", "web_address": "-", "web_pbt": "MPKL" }, "geometry": { "type": "Point", "coordinates": [ 101.347663900000043, 2.843305880000059 ] } },
{ "type": "Feature", "properties": { "Nama_Sekol": "SEKOLAH KEBANGSAAN SUNGAI MANGGIS", "PPD": "PPD KUALA LANGAT", "PBT": "MPKL", "JenisWarta": "TM_KPM", "Tahap_Seko": "Sekolah Rendah", "Koordinat_": 2.82361809, "Koordinat1": 101.538654, "web_name": "SEKOLAH KEBANGSAAN SUNGAI MANGGIS", "web_code": "-", "web_type": "TM_KPM", "web_district": "Kuala Langat", "web_ppd": "PPD KUALA LANGAT", "web_level": "Sekolah Rendah", "web_address": "-", "web_pbt": "MPKL" }, "geometry": { "type": "Point", "coordinates": [ 101.538654, 2.823618090000025 ] } },
{ "type": "Feature", "properties": { "Nama_Sekol": "SEKOLAH KEBANGSAAN TELOK PANGLIMA GARANG", "PPD": "PPD KUALA LANGAT", "PBT": "MPKL", "JenisWarta": "W.S62", "Tahap_Seko": "Sekolah Rendah", "Koordinat_": 2.906120034, "Koordinat1": 101.4687918, "web_name": "SEKOLAH KEBANGSAAN TELOK PANGLIMA GARANG", "web_code": "-", "web_type": "W.S62", "web_district": "Kuala Langat", "web_ppd": "PPD KUALA LANGAT", "web_level": "Sekolah Rendah", "web_address": "-", "web_pbt": "MPKL" }, "geometry": { "type": "Point", "coordinates": [ 101.468791800000076, 2.906120034000025 ] } },
{ "type": "Feature", "properties": { "Nama_Sekol": "SEKOLAH KEBANGSAAN TG SEPAT", "PPD": "PPD KUALA LANGAT", "PBT": "MPKL", "JenisWarta": "W.S62", "Tahap_Seko": "Sekolah Rendah", "Koordinat_": 2.674108, "Koordinat1": 101.555495, "web_name": "SEKOLAH KEBANGSAAN TG SEPAT", "web_code": "-", "web_type": "W.S62", "web_district": "Kuala Langat", "web_ppd": "PPD KUALA LANGAT", "web_level": "Sekolah Rendah", "web_address": "-", "web_pbt": "MPKL" }, "geometry": { "type": "Point", "coordinates": [ 101.555495, 2.674108 ] } },
{ "type": "Feature", "properties": { "Nama_Sekol": "KOLEJ VOKASIONAL SULTAN ABDUL SAMAD", "PPD": "PPD KUALA LANGAT", "PBT": "MPKL", "JenisWarta": "TM_KPM", "Tahap_Seko": "Sekolah Menengah", "Koordinat_": 2.819836, "Koordinat1": 101.526881, "web_name": "KOLEJ VOKASIONAL SULTAN ABDUL SAMAD", "web_code": "-", "web_type": "TM_KPM", "web_district": "Kuala Langat", "web_ppd": "PPD KUALA LANGAT", "web_level": "Sekolah Menengah", "web_address": "-", "web_pbt": "MPKL" }, "geometry": { "type": "Point", "coordinates": [ 101.526881, 2.819836 ] } },
{ "type": "Feature", "properties": { "Nama_Sekol": "MAAHAD IMTIYAZ INTEGRASI ILMUAN ULUL ALBAB", "PPD": "PPD KUALA LANGAT", "PBT": "MPKL", "JenisWarta": "Tiada", "Tahap_Seko": "Sekolah Menengah", "Koordinat_": 2.812258773, "Koordinat1": 101.4327054, "web_name": "MAAHAD IMTIYAZ INTEGRASI ILMUAN ULUL ALBAB", "web_code": "-", "web_type": "Tiada", "web_district": "Kuala Langat", "web_ppd": "PPD KUALA LANGAT", "web_level": "Sekolah Menengah", "web_address": "-", "web_pbt": "MPKL" }, "geometry": { "type": "Point", "coordinates": [ 101.432705400000032, 2.812258773000053 ] } },
{ "type": "Feature", "properties": { "Nama_Sekol": "SAM UNWANUS SAADAH", "PPD": "PPD KUALA LANGAT", "PBT": "MPKL", "JenisWarta": "Tiada", "Tahap_Seko": "Sekolah Menengah", "Koordinat_": 2.780161, "Koordinat1": 101.47099, "web_name": "SAM UNWANUS SAADAH", "web_code": "-", "web_type": "Tiada", "web_district": "Kuala Langat", "web_ppd": "PPD KUALA LANGAT", "web_level": "Sekolah Menengah", "web_address": "-", "web_pbt": "MPKL" }, "geometry": { "type": "Point", "coordinates": [ 101.47099, 2.780161 ] } },
{ "type": "Feature", "properties": { "Nama_Sekol": "SAMT TENGKU AMPUAN RAHIMAH", "PPD": "PPD KUALA LANGAT", "PBT": "MPKL", "JenisWarta": "Tiada", "Tahap_Seko": "Sekolah Menengah", "Koordinat_": 2.832592, "Koordinat1": 101.532641, "web_name": "SAMT TENGKU AMPUAN RAHIMAH", "web_code": "-", "web_type": "Tiada", "web_district": "Kuala Langat", "web_ppd": "PPD KUALA LANGAT", "web_level": "Sekolah Menengah", "web_address": "-", "web_pbt": "MPKL" }, "geometry": { "type": "Point", "coordinates": [ 101.532641, 2.832592 ] } },
{ "type": "Feature", "properties": { "Nama_Sekol": "SEKOLAH MENENGAH KEBANGSAAN BANDAR BANTING", "PPD": "PPD KUALA LANGAT", "PBT": "MPKL", "JenisWarta": "TM_KPM", "Tahap_Seko": "Sekolah Menengah", "Koordinat_": 2.803085, "Koordinat1": 101.50261, "web_name": "SEKOLAH MENENGAH KEBANGSAAN BANDAR BANTING", "web_code": "-", "web_type": "TM_KPM", "web_district": "Kuala Langat", "web_ppd": "PPD KUALA LANGAT", "web_level": "Sekolah Menengah", "web_address": "-", "web_pbt": "MPKL" }, "geometry": { "type": "Point", "coordinates": [ 101.50261, 2.803085 ] } },
{ "type": "Feature", "properties": { "Nama_Sekol": "SEKOLAH MENENGAH KEBANGSAAN BANDAR SAUJANA PUTRA", "PPD": "PPD KUALA LANGAT", "PBT": "MPKL", "JenisWarta": "TM_KPM", "Tahap_Seko": "Sekolah Menengah", "Koordinat_": 2.956512536, "Koordinat1": 101.5824822, "web_name": "SEKOLAH MENENGAH KEBANGSAAN BANDAR SAUJANA PUTRA", "web_code": "-", "web_type": "TM_KPM", "web_district": "Kuala Langat", "web_ppd": "PPD KUALA LANGAT", "web_level": "Sekolah Menengah", "web_address": "-", "web_pbt": "MPKL" }, "geometry": { "type": "Point", "coordinates": [ 101.582482200000072, 2.956512536000048 ] } },
{ "type": "Feature", "properties": { "Nama_Sekol": "SEKOLAH MENENGAH KEBANGSAAN BANTING", "PPD": "PPD KUALA LANGAT", "PBT": "MPKL", "JenisWarta": "TM_KPM", "Tahap_Seko": "Sekolah Menengah", "Koordinat_": 2.820729, "Koordinat1": 101.52874, "web_name": "SEKOLAH MENENGAH KEBANGSAAN BANTING", "web_code": "-", "web_type": "TM_KPM", "web_district": "Kuala Langat", "web_ppd": "PPD KUALA LANGAT", "web_level": "Sekolah Menengah", "web_address": "-", "web_pbt": "MPKL" }, "geometry": { "type": "Point", "coordinates": [ 101.52874, 2.820729 ] } },
{ "type": "Feature", "properties": { "Nama_Sekol": "SEKOLAH MENENGAH KEBANGSAAN BATU LAUT", "PPD": "PPD KUALA LANGAT", "PBT": "MPKL", "JenisWarta": "W.S62", "Tahap_Seko": "Sekolah Menengah", "Koordinat_": 2.677957, "Koordinat1": 101.515173, "web_name": "SEKOLAH MENENGAH KEBANGSAAN BATU LAUT", "web_code": "-", "web_type": "W.S62", "web_district": "Kuala Langat", "web_ppd": "PPD KUALA LANGAT", "web_level": "Sekolah Menengah", "web_address": "-", "web_pbt": "MPKL" }, "geometry": { "type": "Point", "coordinates": [ 101.515173, 2.677957 ] } },
{ "type": "Feature", "properties": { "Nama_Sekol": "SEKOLAH MENENGAH KEBANGSAAN BUKIT CHANGGANG", "PPD": "PPD KUALA LANGAT", "PBT": "MPKL", "JenisWarta": "TM_KPM", "Tahap_Seko": "Sekolah Menengah", "Koordinat_": 2.822893, "Koordinat1": 101.622263, "web_name": "SEKOLAH MENENGAH KEBANGSAAN BUKIT CHANGGANG", "web_code": "-", "web_type": "TM_KPM", "web_district": "Kuala Langat", "web_ppd": "PPD KUALA LANGAT", "web_level": "Sekolah Menengah", "web_address": "-", "web_pbt": "MPKL" }, "geometry": { "type": "Point", "coordinates": [ 101.622263, 2.822893 ] } },
{ "type": "Feature", "properties": { "Nama_Sekol": "SEKOLAH MENENGAH KEBANGSAAN JENJAROM", "PPD": "PPD KUALA LANGAT", "PBT": "MPKL", "JenisWarta": "TM_KPM", "Tahap_Seko": "Sekolah Menengah", "Koordinat_": 2.88167, "Koordinat1": 101.506937, "web_name": "SEKOLAH MENENGAH KEBANGSAAN JENJAROM", "web_code": "-", "web_type": "TM_KPM", "web_district": "Kuala Langat", "web_ppd": "PPD KUALA LANGAT", "web_level": "Sekolah Menengah", "web_address": "-", "web_pbt": "MPKL" }, "geometry": { "type": "Point", "coordinates": [ 101.506937, 2.88167 ] } },
{ "type": "Feature", "properties": { "Nama_Sekol": "SEKOLAH MENENGAH KEBANGSAAN JUGRA", "PPD": "PPD KUALA LANGAT", "PBT": "MPKL", "JenisWarta": "TM_KPM", "Tahap_Seko": "Sekolah Menengah", "Koordinat_": 2.820207, "Koordinat1": 101.457138, "web_name": "SEKOLAH MENENGAH KEBANGSAAN JUGRA", "web_code": "-", "web_type": "TM_KPM", "web_district": "Kuala Langat", "web_ppd": "PPD KUALA LANGAT", "web_level": "Sekolah Menengah", "web_address": "-", "web_pbt": "MPKL" }, "geometry": { "type": "Point", "coordinates": [ 101.457138, 2.820207 ] } },
{ "type": "Feature", "properties": { "Nama_Sekol": "SEKOLAH MENENGAH KEBANGSAAN METHODIST", "PPD": "PPD KUALA LANGAT", "PBT": "MPKL", "JenisWarta": "Tiada", "Tahap_Seko": "Sekolah Menengah", "Koordinat_": 2.821325, "Koordinat1": 101.518931, "web_name": "SEKOLAH MENENGAH KEBANGSAAN METHODIST", "web_code": "-", "web_type": "Tiada", "web_district": "Kuala Langat", "web_ppd": "PPD KUALA LANGAT", "web_level": "Sekolah Menengah", "web_address": "-", "web_pbt": "MPKL" }, "geometry": { "type": "Point", "coordinates": [ 101.518931, 2.821325 ] } },
{ "type": "Feature", "properties": { "Nama_Sekol": "SEKOLAH MENENGAH KEBANGSAAN PULAU CAREY", "PPD": "PPD KUALA LANGAT", "PBT": "MPKL", "JenisWarta": "Tiada", "Tahap_Seko": "Sekolah Menengah", "Koordinat_": 2.891589276, "Koordinat1": 101.3526974, "web_name": "SEKOLAH MENENGAH KEBANGSAAN PULAU CAREY", "web_code": "-", "web_type": "Tiada", "web_district": "Kuala Langat", "web_ppd": "PPD KUALA LANGAT", "web_level": "Sekolah Menengah", "web_address": "-", "web_pbt": "MPKL" }, "geometry": { "type": "Point", "coordinates": [ 101.352697400000068, 2.891589276000047 ] } },
{ "type": "Feature", "properties": { "Nama_Sekol": "SEKOLAH MENENGAH KEBANGSAAN SIJANGKANG JAYA", "PPD": "PPD KUALA LANGAT", "PBT": "MPKL", "JenisWarta": "TM_KPM", "Tahap_Seko": "Sekolah Menengah", "Koordinat_": 2.931999, "Koordinat1": 101.476084, "web_name": "SEKOLAH MENENGAH KEBANGSAAN SIJANGKANG JAYA", "web_code": "-", "web_type": "TM_KPM", "web_district": "Kuala Langat", "web_ppd": "PPD KUALA LANGAT", "web_level": "Sekolah Menengah", "web_address": "-", "web_pbt": "MPKL" }, "geometry": { "type": "Point", "coordinates": [ 101.476084, 2.931999 ] } },
{ "type": "Feature", "properties": { "Nama_Sekol": "SEKOLAH MENENGAH KEBANGSAAN SUNGAI MANGGIS", "PPD": "PPD KUALA LANGAT", "PBT": "MPKL", "JenisWarta": "TM_KPM", "Tahap_Seko": "Sekolah Menengah", "Koordinat_": 2.826244, "Koordinat1": 101.536914, "web_name": "SEKOLAH MENENGAH KEBANGSAAN SUNGAI MANGGIS", "web_code": "-", "web_type": "TM_KPM", "web_district": "Kuala Langat", "web_ppd": "PPD KUALA LANGAT", "web_level": "Sekolah Menengah", "web_address": "-", "web_pbt": "MPKL" }, "geometry": { "type": "Point", "coordinates": [ 101.536914, 2.826244 ] } },
{ "type": "Feature", "properties": { "Nama_Sekol": "SEKOLAH MENENGAH KEBANGSAAN TANJUNG SEPAT", "PPD": "PPD KUALA LANGAT", "PBT": "MPKL", "JenisWarta": "TM_KPM", "Tahap_Seko": "Sekolah Menengah", "Koordinat_": 2.656872, "Koordinat1": 101.566474, "web_name": "SEKOLAH MENENGAH KEBANGSAAN TANJUNG SEPAT", "web_code": "-", "web_type": "TM_KPM", "web_district": "Kuala Langat", "web_ppd": "PPD KUALA LANGAT", "web_level": "Sekolah Menengah", "web_address": "-", "web_pbt": "MPKL" }, "geometry": { "type": "Point", "coordinates": [ 101.566474, 2.656872 ] } },
{ "type": "Feature", "properties": { "Nama_Sekol": "SEKOLAH MENENGAH KEBANGSAAN TELOK DATOK", "PPD": "PPD KUALA LANGAT", "PBT": "MPKL", "JenisWarta": "TM_KPM", "Tahap_Seko": "Sekolah Menengah", "Koordinat_": 2.818983, "Koordinat1": 101.524349, "web_name": "SEKOLAH MENENGAH KEBANGSAAN TELOK DATOK", "web_code": "-", "web_type": "TM_KPM", "web_district": "Kuala Langat", "web_ppd": "PPD KUALA LANGAT", "web_level": "Sekolah Menengah", "web_address": "-", "web_pbt": "MPKL" }, "geometry": { "type": "Point", "coordinates": [ 101.524349, 2.818983 ] } },
{ "type": "Feature", "properties": { "Nama_Sekol": "SEKOLAH MENENGAH KEBANGSAAN TELOK PANGLIMA GARANG", "PPD": "PPD KUALA LANGAT", "PBT": "MPKL", "JenisWarta": "TM_KPM", "Tahap_Seko": "Sekolah Menengah", "Koordinat_": 2.911681, "Koordinat1": 101.469044, "web_name": "SEKOLAH MENENGAH KEBANGSAAN TELOK PANGLIMA GARANG", "web_code": "-", "web_type": "TM_KPM", "web_district": "Kuala Langat", "web_ppd": "PPD KUALA LANGAT", "web_level": "Sekolah Menengah", "web_address": "-", "web_pbt": "MPKL" }, "geometry": { "type": "Point", "coordinates": [ 101.469044, 2.911681 ] } },
{ "type": "Feature", "properties": { "Nama_Sekol": "SEKOLAH MENENGAH SAINS BANTING", "PPD": "PPD KUALA LANGAT", "PBT": "MPKL", "JenisWarta": "TM_KPM", "Tahap_Seko": "Sekolah Menengah", "Koordinat_": 2.827408, "Koordinat1": 101.446504, "web_name": "SEKOLAH MENENGAH SAINS BANTING", "web_code": "-", "web_type": "TM_KPM", "web_district": "Kuala Langat", "web_ppd": "PPD KUALA LANGAT", "web_level": "Sekolah Menengah", "web_address": "-", "web_pbt": "MPKL" }, "geometry": { "type": "Point", "coordinates": [ 101.446504, 2.827408 ] } },
{ "type": "Feature", "properties": { "Nama_Sekol": "SEKOLAH JENIS KEBANGSAAN (CINA) AIK THEE", "PPD": "PPD KUALA SELANGOR", "PBT": "MPKS", "JenisWarta": "TM_KPM", "Tahap_Seko": "Sekolah Rendah", "Koordinat_": 3.346663342, "Koordinat1": 101.2433937, "web_name": "SEKOLAH JENIS KEBANGSAAN (CINA) AIK THEE", "web_code": "-", "web_type": "TM_KPM", "web_district": "Kuala Selangor", "web_ppd": "PPD KUALA SELANGOR", "web_level": "Sekolah Rendah", "web_address": "-", "web_pbt": "MPKS" }, "geometry": { "type": "Point", "coordinates": [ 101.24339370000007, 3.346663342000056 ] } },
{ "type": "Feature", "properties": { "Nama_Sekol": "SEKOLAH JENIS KEBANGSAAN (CINA) BAGAN PASIR", "PPD": "PPD KUALA SELANGOR", "PBT": "MPKS", "JenisWarta": "Tiada", "Tahap_Seko": "Sekolah Rendah", "Koordinat_": 3.397561441, "Koordinat1": 101.1714822, "web_name": "SEKOLAH JENIS KEBANGSAAN (CINA) BAGAN PASIR", "web_code": "-", "web_type": "Tiada", "web_district": "Kuala Selangor", "web_ppd": "PPD KUALA SELANGOR", "web_level": "Sekolah Rendah", "web_address": "-", "web_pbt": "MPKS" }, "geometry": { "type": "Point", "coordinates": [ 101.171482200000071, 3.39756144100005 ] } },
{ "type": "Feature", "properties": { "Nama_Sekol": "SEKOLAH JENIS KEBANGSAAN (CINA) CHUNG WAH", "PPD": "PPD KUALA SELANGOR", "PBT": "MPKS", "JenisWarta": "Tiada", "Tahap_Seko": "Sekolah Rendah", "Koordinat_": 3.260899, "Koordinat1": 101.311127, "web_name": "SEKOLAH JENIS KEBANGSAAN (CINA) CHUNG WAH", "web_code": "-", "web_type": "Tiada", "web_district": "Kuala Selangor", "web_ppd": "PPD KUALA SELANGOR", "web_level": "Sekolah Rendah", "web_address": "-", "web_pbt": "MPKS" }, "geometry": { "type": "Point", "coordinates": [ 101.311127, 3.260899 ] } },
{ "type": "Feature", "properties": { "Nama_Sekol": "SEKOLAH JENIS KEBANGSAAN (CINA) IJOK", "PPD": "PPD KUALA SELANGOR", "PBT": "MPKS", "JenisWarta": "TM_KPM", "Tahap_Seko": "Sekolah Rendah", "Koordinat_": 3.3159, "Koordinat1": 101.4158, "web_name": "SEKOLAH JENIS KEBANGSAAN (CINA) IJOK", "web_code": "-", "web_type": "TM_KPM", "web_district": "Kuala Selangor", "web_ppd": "PPD KUALA SELANGOR", "web_level": "Sekolah Rendah", "web_address": "-", "web_pbt": "MPKS" }, "geometry": { "type": "Point", "coordinates": [ 101.4158, 3.3159 ] } },
{ "type": "Feature", "properties": { "Nama_Sekol": "SEKOLAH JENIS KEBANGSAAN (CINA) KHAI TEE", "PPD": "PPD KUALA SELANGOR", "PBT": "MPKS", "JenisWarta": "Tiada", "Tahap_Seko": "Sekolah Rendah", "Koordinat_": 3.355377, "Koordinat1": 101.252171, "web_name": "SEKOLAH JENIS KEBANGSAAN (CINA) KHAI TEE", "web_code": "-", "web_type": "Tiada", "web_district": "Kuala Selangor", "web_ppd": "PPD KUALA SELANGOR", "web_level": "Sekolah Rendah", "web_address": "-", "web_pbt": "MPKS" }, "geometry": { "type": "Point", "coordinates": [ 101.252171, 3.355377 ] } },
{ "type": "Feature", "properties": { "Nama_Sekol": "SEKOLAH JENIS KEBANGSAAN (CINA) LIAT CHOON", "PPD": "PPD KUALA SELANGOR", "PBT": "MPKS", "JenisWarta": "Tiada", "Tahap_Seko": "Sekolah Rendah", "Koordinat_": 3.19688, "Koordinat1": 101.315735, "web_name": "SEKOLAH JENIS KEBANGSAAN (CINA) LIAT CHOON", "web_code": "-", "web_type": "Tiada", "web_district": "Kuala Selangor", "web_ppd": "PPD KUALA SELANGOR", "web_level": "Sekolah Rendah", "web_address": "-", "web_pbt": "MPKS" }, "geometry": { "type": "Point", "coordinates": [ 101.315735, 3.19688 ] } },
{ "type": "Feature", "properties": { "Nama_Sekol": "SEKOLAH JENIS KEBANGSAAN (CINA) MING TEE", "PPD": "PPD KUALA SELANGOR", "PBT": "MPKS", "JenisWarta": "Tiada", "Tahap_Seko": "Sekolah Rendah", "Koordinat_": 3.42589, "Koordinat1": 101.24651, "web_name": "SEKOLAH JENIS KEBANGSAAN (CINA) MING TEE", "web_code": "-", "web_type": "Tiada", "web_district": "Kuala Selangor", "web_ppd": "PPD KUALA SELANGOR", "web_level": "Sekolah Rendah", "web_address": "-", "web_pbt": "MPKS" }, "geometry": { "type": "Point", "coordinates": [ 101.24651, 3.42589 ] } },
{ "type": "Feature", "properties": { "Nama_Sekol": "SEKOLAH JENIS KEBANGSAAN (CINA) PUI CHI", "PPD": "PPD KUALA SELANGOR", "PBT": "MPKS", "JenisWarta": "Tiada", "Tahap_Seko": "Sekolah Rendah", "Koordinat_": 3.300479564, "Koordinat1": 101.2880545, "web_name": "SEKOLAH JENIS KEBANGSAAN (CINA) PUI CHI", "web_code": "-", "web_type": "Tiada", "web_district": "Kuala Selangor", "web_ppd": "PPD KUALA SELANGOR", "web_level": "Sekolah Rendah", "web_address": "-", "web_pbt": "MPKS" }, "geometry": { "type": "Point", "coordinates": [ 101.288054500000044, 3.300479564000057 ] } },
{ "type": "Feature", "properties": { "Nama_Sekol": "SEKOLAH JENIS KEBANGSAAN (CINA) PUI TEH", "PPD": "PPD KUALA SELANGOR", "PBT": "MPKS", "JenisWarta": "Tiada", "Tahap_Seko": "Sekolah Rendah", "Koordinat_": 3.225651, "Koordinat1": 101.318218, "web_name": "SEKOLAH JENIS KEBANGSAAN (CINA) PUI TEH", "web_code": "-", "web_type": "Tiada", "web_district": "Kuala Selangor", "web_ppd": "PPD KUALA SELANGOR", "web_level": "Sekolah Rendah", "web_address": "-", "web_pbt": "MPKS" }, "geometry": { "type": "Point", "coordinates": [ 101.318218, 3.225651 ] } },
{ "type": "Feature", "properties": { "Nama_Sekol": "SEKOLAH JENIS KEBANGSAAN (CINA) TANJONG KARANG", "PPD": "PPD KUALA SELANGOR", "PBT": "MPKS", "JenisWarta": "Tiada", "Tahap_Seko": "Sekolah Rendah", "Koordinat_": 3.426564, "Koordinat1": 101.171958, "web_name": "SEKOLAH JENIS KEBANGSAAN (CINA) TANJONG KARANG", "web_code": "-", "web_type": "Tiada", "web_district": "Kuala Selangor", "web_ppd": "PPD KUALA SELANGOR", "web_level": "Sekolah Rendah", "web_address": "-", "web_pbt": "MPKS" }, "geometry": { "type": "Point", "coordinates": [ 101.171958, 3.426564 ] } },
{ "type": "Feature", "properties": { "Nama_Sekol": "SEKOLAH JENIS KEBANGSAAN (CINA) YIT KHWAN", "PPD": "PPD KUALA SELANGOR", "PBT": "MPKS", "JenisWarta": "Tiada", "Tahap_Seko": "Sekolah Rendah", "Koordinat_": 3.401794, "Koordinat1": 101.171198, "web_name": "SEKOLAH JENIS KEBANGSAAN (CINA) YIT KHWAN", "web_code": "-", "web_type": "Tiada", "web_district": "Kuala Selangor", "web_ppd": "PPD KUALA SELANGOR", "web_level": "Sekolah Rendah", "web_address": "-", "web_pbt": "MPKS" }, "geometry": { "type": "Point", "coordinates": [ 101.171198, 3.401794 ] } },
{ "type": "Feature", "properties": { "Nama_Sekol": "SEKOLAH JENIS KEBANGSAAN (CINA) YUK CHIH", "PPD": "PPD KUALA SELANGOR", "PBT": "MPKS", "JenisWarta": "Tiada", "Tahap_Seko": "Sekolah Rendah", "Koordinat_": 3.379142, "Koordinat1": 101.404662, "web_name": "SEKOLAH JENIS KEBANGSAAN (CINA) YUK CHIH", "web_code": "-", "web_type": "Tiada", "web_district": "Kuala Selangor", "web_ppd": "PPD KUALA SELANGOR", "web_level": "Sekolah Rendah", "web_address": "-", "web_pbt": "MPKS" }, "geometry": { "type": "Point", "coordinates": [ 101.404662, 3.379142 ] } },
{ "type": "Feature", "properties": { "Nama_Sekol": "SEKOLAH JENIS KEBANGSAAN (TAMIL) BESTARI JAYA", "PPD": "PPD KUALA SELANGOR", "PBT": "MPKS", "JenisWarta": "Tiada", "Tahap_Seko": "Sekolah Rendah", "Koordinat_": 3.37969, "Koordinat1": 101.404082, "web_name": "SEKOLAH JENIS KEBANGSAAN (TAMIL) BESTARI JAYA", "web_code": "-", "web_type": "Tiada", "web_district": "Kuala Selangor", "web_ppd": "PPD KUALA SELANGOR", "web_level": "Sekolah Rendah", "web_address": "-", "web_pbt": "MPKS" }, "geometry": { "type": "Point", "coordinates": [ 101.404082, 3.37969 ] } },
{ "type": "Feature", "properties": { "Nama_Sekol": "SEKOLAH JENIS KEBANGSAAN (TAMIL) BUKIT ROTAN BARU", "PPD": "PPD KUALA SELANGOR", "PBT": "MPKS", "JenisWarta": "Tiada", "Tahap_Seko": "Sekolah Rendah", "Koordinat_": 3.305487955, "Koordinat1": 101.3446305, "web_name": "SEKOLAH JENIS KEBANGSAAN (TAMIL) BUKIT ROTAN BARU", "web_code": "-", "web_type": "Tiada", "web_district": "Kuala Selangor", "web_ppd": "PPD KUALA SELANGOR", "web_level": "Sekolah Rendah", "web_address": "-", "web_pbt": "MPKS" }, "geometry": { "type": "Point", "coordinates": [ 101.344630500000051, 3.305487955000046 ] } },
{ "type": "Feature", "properties": { "Nama_Sekol": "SEKOLAH JENIS KEBANGSAAN (TAMIL) GHANDIJI", "PPD": "PPD KUALA SELANGOR", "PBT": "MPKS", "JenisWarta": "Tiada", "Tahap_Seko": "Sekolah Rendah", "Koordinat_": 3.485694, "Koordinat1": 101.116062, "web_name": "SEKOLAH JENIS KEBANGSAAN (TAMIL) GHANDIJI", "web_code": "-", "web_type": "Tiada", "web_district": "Kuala Selangor", "web_ppd": "PPD KUALA SELANGOR", "web_level": "Sekolah Rendah", "web_address": "-", "web_pbt": "MPKS" }, "geometry": { "type": "Point", "coordinates": [ 101.116062, 3.485694 ] } },
{ "type": "Feature", "properties": { "Nama_Sekol": "SEKOLAH JENIS KEBANGSAAN (TAMIL) LADANG SG TINGGI", "PPD": "PPD KUALA SELANGOR", "PBT": "MPHS", "JenisWarta": "Tiada", "Tahap_Seko": "Sekolah Rendah", "Koordinat_": 3.430480071, "Koordinat1": 101.4687744, "web_name": "SEKOLAH JENIS KEBANGSAAN (TAMIL) LADANG SG TINGGI", "web_code": "-", "web_type": "Tiada", "web_district": "Kuala Selangor", "web_ppd": "PPD KUALA SELANGOR", "web_level": "Sekolah Rendah", "web_address": "-", "web_pbt": "MPHS" }, "geometry": { "type": "Point", "coordinates": [ 101.468774400000086, 3.430480071000034 ] } },
{ "type": "Feature", "properties": { "Nama_Sekol": "SEKOLAH JENIS KEBANGSAAN (TAMIL) LADANG SUNGAI TERAP", "PPD": "PPD KUALA SELANGOR", "PBT": "MPKS", "JenisWarta": "Tiada", "Tahap_Seko": "Sekolah Rendah", "Koordinat_": 3.391916529, "Koordinat1": 101.2211417, "web_name": "SEKOLAH JENIS KEBANGSAAN (TAMIL) LADANG SUNGAI TERAP", "web_code": "-", "web_type": "Tiada", "web_district": "Kuala Selangor", "web_ppd": "PPD KUALA SELANGOR", "web_level": "Sekolah Rendah", "web_address": "-", "web_pbt": "MPKS" }, "geometry": { "type": "Point", "coordinates": [ 101.221141700000032, 3.391916529000071 ] } },
{ "type": "Feature", "properties": { "Nama_Sekol": "SEKOLAH JENIS KEBANGSAAN (TAMIL) LADANG TUAN MEE", "PPD": "PPD KUALA SELANGOR", "PBT": "MPKS", "JenisWarta": "Tiada", "Tahap_Seko": "Sekolah Rendah", "Koordinat_": 3.267214957, "Koordinat1": 101.4595322, "web_name": "SEKOLAH JENIS KEBANGSAAN (TAMIL) LADANG TUAN MEE", "web_code": "-", "web_type": "Tiada", "web_district": "Kuala Selangor", "web_ppd": "PPD KUALA SELANGOR", "web_level": "Sekolah Rendah", "web_address": "-", "web_pbt": "MPKS" }, "geometry": { "type": "Point", "coordinates": [ 101.459532200000069, 3.267214957000022 ] } },
{ "type": "Feature", "properties": { "Nama_Sekol": "SEKOLAH JENIS KEBANGSAAN (TAMIL) LDG BRAUNSTON", "PPD": "PPD KUALA SELANGOR", "PBT": "MPKS", "JenisWarta": "Tiada", "Tahap_Seko": "Sekolah Rendah", "Koordinat_": 3.249179848, "Koordinat1": 101.3167735, "web_name": "SEKOLAH JENIS KEBANGSAAN (TAMIL) LDG BRAUNSTON", "web_code": "-", "web_type": "Tiada", "web_district": "Kuala Selangor", "web_ppd": "PPD KUALA SELANGOR", "web_level": "Sekolah Rendah", "web_address": "-", "web_pbt": "MPKS" }, "geometry": { "type": "Point", "coordinates": [ 101.316773500000068, 3.24917984800004 ] } },
{ "type": "Feature", "properties": { "Nama_Sekol": "SEKOLAH JENIS KEBANGSAAN (TAMIL) LDG BUKIT CHERAKA", "PPD": "PPD KUALA SELANGOR", "PBT": "MPKS", "JenisWarta": "Tiada", "Tahap_Seko": "Sekolah Rendah", "Koordinat_": 3.226229, "Koordinat1": 101.368622, "web_name": "SEKOLAH JENIS KEBANGSAAN (TAMIL) LDG BUKIT CHERAKA", "web_code": "-", "web_type": "Tiada", "web_district": "Kuala Selangor", "web_ppd": "PPD KUALA SELANGOR", "web_level": "Sekolah Rendah", "web_address": "-", "web_pbt": "MPKS" }, "geometry": { "type": "Point", "coordinates": [ 101.368622, 3.226229 ] } },
{ "type": "Feature", "properties": { "Nama_Sekol": "SEKOLAH JENIS KEBANGSAAN (TAMIL) LDG COALFIELDS", "PPD": "PPD KUALA SELANGOR", "PBT": "MPKS", "JenisWarta": "Tiada", "Tahap_Seko": "Sekolah Rendah", "Koordinat_": 3.244800122, "Koordinat1": 101.4803694, "web_name": "SEKOLAH JENIS KEBANGSAAN (TAMIL) LDG COALFIELDS", "web_code": "-", "web_type": "Tiada", "web_district": "Kuala Selangor", "web_ppd": "PPD KUALA SELANGOR", "web_level": "Sekolah Rendah", "web_address": "-", "web_pbt": "MPKS" }, "geometry": { "type": "Point", "coordinates": [ 101.480369400000086, 3.244800122000072 ] } },
{ "type": "Feature", "properties": { "Nama_Sekol": "SEKOLAH JENIS KEBANGSAAN (TAMIL) LDG HOPEFUL", "PPD": "PPD KUALA SELANGOR", "PBT": "MPKS", "JenisWarta": "Tiada", "Tahap_Seko": "Sekolah Rendah", "Koordinat_": 3.447411085, "Koordinat1": 101.4598625, "web_name": "SEKOLAH JENIS KEBANGSAAN (TAMIL) LDG HOPEFUL", "web_code": "-", "web_type": "Tiada", "web_district": "Kuala Selangor", "web_ppd": "PPD KUALA SELANGOR", "web_level": "Sekolah Rendah", "web_address": "-", "web_pbt": "MPKS" }, "geometry": { "type": "Point", "coordinates": [ 101.459862500000042, 3.447411085000056 ] } },
{ "type": "Feature", "properties": { "Nama_Sekol": "SEKOLAH JENIS KEBANGSAAN (TAMIL) LDG KG BARU", "PPD": "PPD KUALA SELANGOR", "PBT": "MPKS", "JenisWarta": "Tiada", "Tahap_Seko": "Sekolah Rendah", "Koordinat_": 3.382606162, "Koordinat1": 101.3413265, "web_name": "SEKOLAH JENIS KEBANGSAAN (TAMIL) LDG KG BARU", "web_code": "-", "web_type": "Tiada", "web_district": "Kuala Selangor", "web_ppd": "PPD KUALA SELANGOR", "web_level": "Sekolah Rendah", "web_address": "-", "web_pbt": "MPKS" }, "geometry": { "type": "Point", "coordinates": [ 101.341326500000037, 3.382606162000059 ] } },
{ "type": "Feature", "properties": { "Nama_Sekol": "SEKOLAH JENIS KEBANGSAAN (TAMIL) LDG KUALA SELANGOR", "PPD": "PPD KUALA SELANGOR", "PBT": "MPKS", "JenisWarta": "Tiada", "Tahap_Seko": "Sekolah Rendah", "Koordinat_": 3.310245454, "Koordinat1": 101.3070787, "web_name": "SEKOLAH JENIS KEBANGSAAN (TAMIL) LDG KUALA SELANGOR", "web_code": "-", "web_type": "Tiada", "web_district": "Kuala Selangor", "web_ppd": "PPD KUALA SELANGOR", "web_level": "Sekolah Rendah", "web_address": "-", "web_pbt": "MPKS" }, "geometry": { "type": "Point", "coordinates": [ 101.307078700000034, 3.310245454000039 ] } },
{ "type": "Feature", "properties": { "Nama_Sekol": "SEKOLAH JENIS KEBANGSAAN (TAMIL) LDG MARY", "PPD": "PPD KUALA SELANGOR", "PBT": "MPHS", "JenisWarta": "Tiada", "Tahap_Seko": "Sekolah Rendah", "Koordinat_": 3.476188097, "Koordinat1": 101.4881417, "web_name": "SEKOLAH JENIS KEBANGSAAN (TAMIL) LDG MARY", "web_code": "-", "web_type": "Tiada", "web_district": "Kuala Selangor", "web_ppd": "PPD KUALA SELANGOR", "web_level": "Sekolah Rendah", "web_address": "-", "web_pbt": "MPHS" }, "geometry": { "type": "Point", "coordinates": [ 101.488141700000085, 3.476188097000033 ] } },
{ "type": "Feature", "properties": { "Nama_Sekol": "SEKOLAH JENIS KEBANGSAAN (TAMIL) LDG NIGEL GARDNER", "PPD": "PPD KUALA SELANGOR", "PBT": "MPHS", "JenisWarta": "Tiada", "Tahap_Seko": "Sekolah Rendah", "Koordinat_": 3.513481428, "Koordinat1": 101.497244, "web_name": "SEKOLAH JENIS KEBANGSAAN (TAMIL) LDG NIGEL GARDNER", "web_code": "-", "web_type": "Tiada", "web_district": "Kuala Selangor", "web_ppd": "PPD KUALA SELANGOR", "web_level": "Sekolah Rendah", "web_address": "-", "web_pbt": "MPHS" }, "geometry": { "type": "Point", "coordinates": [ 101.497244, 3.513481428000034 ] } },
{ "type": "Feature", "properties": { "Nama_Sekol": "SEKOLAH JENIS KEBANGSAAN (TAMIL) LDG RAJA MUSA", "PPD": "PPD KUALA SELANGOR", "PBT": "MPKS", "JenisWarta": "Tiada", "Tahap_Seko": "Sekolah Rendah", "Koordinat_": 3.413391306, "Koordinat1": 101.2818569, "web_name": "SEKOLAH JENIS KEBANGSAAN (TAMIL) LDG RAJA MUSA", "web_code": "-", "web_type": "Tiada", "web_district": "Kuala Selangor", "web_ppd": "PPD KUALA SELANGOR", "web_level": "Sekolah Rendah", "web_address": "-", "web_pbt": "MPKS" }, "geometry": { "type": "Point", "coordinates": [ 101.281856900000037, 3.413391306000051 ] } },
{ "type": "Feature", "properties": { "Nama_Sekol": "SEKOLAH JENIS KEBANGSAAN (TAMIL) LDG RIVERSIDE", "PPD": "PPD KUALA SELANGOR", "PBT": "MPKS", "JenisWarta": "Tiada", "Tahap_Seko": "Sekolah Rendah", "Koordinat_": 3.397139192, "Koordinat1": 101.2758129, "web_name": "SEKOLAH JENIS KEBANGSAAN (TAMIL) LDG RIVERSIDE", "web_code": "-", "web_type": "Tiada", "web_district": "Kuala Selangor", "web_ppd": "PPD KUALA SELANGOR", "web_level": "Sekolah Rendah", "web_address": "-", "web_pbt": "MPKS" }, "geometry": { "type": "Point", "coordinates": [ 101.275812900000062, 3.397139192000054 ] } },
{ "type": "Feature", "properties": { "Nama_Sekol": "SEKOLAH JENIS KEBANGSAAN (TAMIL) LDG SELANGOR RIVER", "PPD": "PPD KUALA SELANGOR", "PBT": "MPKS", "JenisWarta": "Tiada", "Tahap_Seko": "Sekolah Rendah", "Koordinat_": 3.35650519, "Koordinat1": 101.3257268, "web_name": "SEKOLAH JENIS KEBANGSAAN (TAMIL) LDG SELANGOR RIVER", "web_code": "-", "web_type": "Tiada", "web_district": "Kuala Selangor", "web_ppd": "PPD KUALA SELANGOR", "web_level": "Sekolah Rendah", "web_address": "-", "web_pbt": "MPKS" }, "geometry": { "type": "Point", "coordinates": [ 101.325726800000041, 3.356505190000064 ] } },
{ "type": "Feature", "properties": { "Nama_Sekol": "SEKOLAH JENIS KEBANGSAAN (TAMIL) LDG SG BULOH", "PPD": "PPD KUALA SELANGOR", "PBT": "MPKS", "JenisWarta": "Tiada", "Tahap_Seko": "Sekolah Rendah", "Koordinat_": 3.312146615, "Koordinat1": 101.3143477, "web_name": "SEKOLAH JENIS KEBANGSAAN (TAMIL) LDG SG BULOH", "web_code": "-", "web_type": "Tiada", "web_district": "Kuala Selangor", "web_ppd": "PPD KUALA SELANGOR", "web_level": "Sekolah Rendah", "web_address": "-", "web_pbt": "MPKS" }, "geometry": { "type": "Point", "coordinates": [ 101.314347700000042, 3.312146615000074 ] } },
{ "type": "Feature", "properties": { "Nama_Sekol": "SEKOLAH JENIS KEBANGSAAN (TAMIL) LDG SG RAMBAI", "PPD": "PPD KUALA SELANGOR", "PBT": "MPKS", "JenisWarta": "Tiada", "Tahap_Seko": "Sekolah Rendah", "Koordinat_": 3.345049773, "Koordinat1": 101.3662493, "web_name": "SEKOLAH JENIS KEBANGSAAN (TAMIL) LDG SG RAMBAI", "web_code": "-", "web_type": "Tiada", "web_district": "Kuala Selangor", "web_ppd": "PPD KUALA SELANGOR", "web_level": "Sekolah Rendah", "web_address": "-", "web_pbt": "MPKS" }, "geometry": { "type": "Point", "coordinates": [ 101.36624930000005, 3.345049773000028 ] } },
{ "type": "Feature", "properties": { "Nama_Sekol": "SEKOLAH JENIS KEBANGSAAN (TAMIL) VAGEESAR", "PPD": "PPD KUALA SELANGOR", "PBT": "MPKS", "JenisWarta": "TM_KPM", "Tahap_Seko": "Sekolah Rendah", "Koordinat_": 3.341462274, "Koordinat1": 101.2435922, "web_name": "SEKOLAH JENIS KEBANGSAAN (TAMIL) VAGEESAR", "web_code": "-", "web_type": "TM_KPM", "web_district": "Kuala Selangor", "web_ppd": "PPD KUALA SELANGOR", "web_level": "Sekolah Rendah", "web_address": "-", "web_pbt": "MPKS" }, "geometry": { "type": "Point", "coordinates": [ 101.24359220000008, 3.341462274000037 ] } },
{ "type": "Feature", "properties": { "Nama_Sekol": "SEKOLAH KEBANGSAAN ASSAM JAWA", "PPD": "PPD KUALA SELANGOR", "PBT": "MPKS", "JenisWarta": "Tiada", "Tahap_Seko": "Sekolah Rendah", "Koordinat_": 3.29246008, "Koordinat1": 101.2935054, "web_name": "SEKOLAH KEBANGSAAN ASSAM JAWA", "web_code": "-", "web_type": "Tiada", "web_district": "Kuala Selangor", "web_ppd": "PPD KUALA SELANGOR", "web_level": "Sekolah Rendah", "web_address": "-", "web_pbt": "MPKS" }, "geometry": { "type": "Point", "coordinates": [ 101.293505400000072, 3.292460080000069 ] } },
{ "type": "Feature", "properties": { "Nama_Sekol": "SEKOLAH KEBANGSAAN BANDAR BARU", "PPD": "PPD KUALA SELANGOR", "PBT": "MPKS", "JenisWarta": "TM_KPM", "Tahap_Seko": "Sekolah Rendah", "Koordinat_": 3.326232832, "Koordinat1": 101.2574859, "web_name": "SEKOLAH KEBANGSAAN BANDAR BARU", "web_code": "-", "web_type": "TM_KPM", "web_district": "Kuala Selangor", "web_ppd": "PPD KUALA SELANGOR", "web_level": "Sekolah Rendah", "web_address": "-", "web_pbt": "MPKS" }, "geometry": { "type": "Point", "coordinates": [ 101.257485900000063, 3.326232832000073 ] } },
{ "type": "Feature", "properties": { "Nama_Sekol": "SEKOLAH KEBANGSAAN BATU 9 JALAN BOMBA", "PPD": "PPD KUALA SELANGOR", "PBT": "MPKS", "JenisWarta": "TM_KPM", "Tahap_Seko": "Sekolah Rendah", "Koordinat_": 3.422309, "Koordinat1": 101.167211, "web_name": "SEKOLAH KEBANGSAAN BATU 9 JALAN BOMBA", "web_code": "-", "web_type": "TM_KPM", "web_district": "Kuala Selangor", "web_ppd": "PPD KUALA SELANGOR", "web_level": "Sekolah Rendah", "web_address": "-", "web_pbt": "MPKS" }, "geometry": { "type": "Point", "coordinates": [ 101.167211, 3.422309 ] } },
{ "type": "Feature", "properties": { "Nama_Sekol": "SEKOLAH KEBANGSAAN BERJAYA", "PPD": "PPD KUALA SELANGOR", "PBT": "MPKS", "JenisWarta": "TM_KPM", "Tahap_Seko": "Sekolah Rendah", "Koordinat_": 3.50239, "Koordinat1": 101.161745, "web_name": "SEKOLAH KEBANGSAAN BERJAYA", "web_code": "-", "web_type": "TM_KPM", "web_district": "Kuala Selangor", "web_ppd": "PPD KUALA SELANGOR", "web_level": "Sekolah Rendah", "web_address": "-", "web_pbt": "MPKS" }, "geometry": { "type": "Point", "coordinates": [ 101.161745, 3.50239 ] } },
{ "type": "Feature", "properties": { "Nama_Sekol": "SEKOLAH KEBANGSAAN BESTARI JAYA", "PPD": "PPD KUALA SELANGOR", "PBT": "MPKS", "JenisWarta": "Tiada", "Tahap_Seko": "Sekolah Rendah", "Koordinat_": 3.381999683, "Koordinat1": 101.3991644, "web_name": "SEKOLAH KEBANGSAAN BESTARI JAYA", "web_code": "-", "web_type": "Tiada", "web_district": "Kuala Selangor", "web_ppd": "PPD KUALA SELANGOR", "web_level": "Sekolah Rendah", "web_address": "-", "web_pbt": "MPKS" }, "geometry": { "type": "Point", "coordinates": [ 101.399164400000075, 3.38199968300006 ] } },
{ "type": "Feature", "properties": { "Nama_Sekol": "SEKOLAH KEBANGSAAN BKT BADONG", "PPD": "PPD KUALA SELANGOR", "PBT": "MPKS", "JenisWarta": "Tiada", "Tahap_Seko": "Sekolah Rendah", "Koordinat_": 3.33367, "Koordinat1": 101.414126, "web_name": "SEKOLAH KEBANGSAAN BKT BADONG", "web_code": "-", "web_type": "Tiada", "web_district": "Kuala Selangor", "web_ppd": "PPD KUALA SELANGOR", "web_level": "Sekolah Rendah", "web_address": "-", "web_pbt": "MPKS" }, "geometry": { "type": "Point", "coordinates": [ 101.414126, 3.33367 ] } },
{ "type": "Feature", "properties": { "Nama_Sekol": "SEKOLAH KEBANGSAAN BKT BELIMBING", "PPD": "PPD KUALA SELANGOR", "PBT": "MPKS", "JenisWarta": "Tiada", "Tahap_Seko": "Sekolah Rendah", "Koordinat_": 3.384737, "Koordinat1": 101.269313, "web_name": "SEKOLAH KEBANGSAAN BKT BELIMBING", "web_code": "-", "web_type": "Tiada", "web_district": "Kuala Selangor", "web_ppd": "PPD KUALA SELANGOR", "web_level": "Sekolah Rendah", "web_address": "-", "web_pbt": "MPKS" }, "geometry": { "type": "Point", "coordinates": [ 101.269313, 3.384737 ] } },
{ "type": "Feature", "properties": { "Nama_Sekol": "SEKOLAH KEBANGSAAN BKT KERAYONG", "PPD": "PPD KUALA SELANGOR", "PBT": "MPKS", "JenisWarta": "Tiada", "Tahap_Seko": "Sekolah Rendah", "Koordinat_": 3.210917877, "Koordinat1": 101.4007837, "web_name": "SEKOLAH KEBANGSAAN BKT KERAYONG", "web_code": "-", "web_type": "Tiada", "web_district": "Kuala Selangor", "web_ppd": "PPD KUALA SELANGOR", "web_level": "Sekolah Rendah", "web_address": "-", "web_pbt": "MPKS" }, "geometry": { "type": "Point", "coordinates": [ 101.400783700000034, 3.210917877000043 ] } },
{ "type": "Feature", "properties": { "Nama_Sekol": "SEKOLAH KEBANGSAAN DATO' MAHARAJA LELA", "PPD": "PPD KUALA SELANGOR", "PBT": "MPKS", "JenisWarta": "Tiada", "Tahap_Seko": "Sekolah Rendah", "Koordinat_": 3.271809, "Koordinat1": 101.35235, "web_name": "SEKOLAH KEBANGSAAN DATO' MAHARAJA LELA", "web_code": "-", "web_type": "Tiada", "web_district": "Kuala Selangor", "web_ppd": "PPD KUALA SELANGOR", "web_level": "Sekolah Rendah", "web_address": "-", "web_pbt": "MPKS" }, "geometry": { "type": "Point", "coordinates": [ 101.35235, 3.271809 ] } },
{ "type": "Feature", "properties": { "Nama_Sekol": "SEKOLAH KEBANGSAAN DATO' MANAN", "PPD": "PPD KUALA SELANGOR", "PBT": "MPKS", "JenisWarta": "Tiada", "Tahap_Seko": "Sekolah Rendah", "Koordinat_": 3.44014, "Koordinat1": 101.19716, "web_name": "SEKOLAH KEBANGSAAN DATO' MANAN", "web_code": "-", "web_type": "Tiada", "web_district": "Kuala Selangor", "web_ppd": "PPD KUALA SELANGOR", "web_level": "Sekolah Rendah", "web_address": "-", "web_pbt": "MPKS" }, "geometry": { "type": "Point", "coordinates": [ 101.19716, 3.44014 ] } },
{ "type": "Feature", "properties": { "Nama_Sekol": "SEKOLAH KEBANGSAAN DESA AMAN", "PPD": "PPD KUALA SELANGOR", "PBT": "MPKS", "JenisWarta": "TM_KPM", "Tahap_Seko": "Sekolah Rendah", "Koordinat_": 3.233673, "Koordinat1": 101.485367, "web_name": "SEKOLAH KEBANGSAAN DESA AMAN", "web_code": "-", "web_type": "TM_KPM", "web_district": "Kuala Selangor", "web_ppd": "PPD KUALA SELANGOR", "web_level": "Sekolah Rendah", "web_address": "-", "web_pbt": "MPKS" }, "geometry": { "type": "Point", "coordinates": [ 101.485367, 3.233673 ] } },
{ "type": "Feature", "properties": { "Nama_Sekol": "SEKOLAH KEBANGSAAN IJOK", "PPD": "PPD KUALA SELANGOR", "PBT": "MPKS", "JenisWarta": "Tiada", "Tahap_Seko": "Sekolah Rendah", "Koordinat_": 3.309637, "Koordinat1": 101.393168, "web_name": "SEKOLAH KEBANGSAAN IJOK", "web_code": "-", "web_type": "Tiada", "web_district": "Kuala Selangor", "web_ppd": "PPD KUALA SELANGOR", "web_level": "Sekolah Rendah", "web_address": "-", "web_pbt": "MPKS" }, "geometry": { "type": "Point", "coordinates": [ 101.393168, 3.309637 ] } },
{ "type": "Feature", "properties": { "Nama_Sekol": "SEKOLAH KEBANGSAAN JALAN RAJA MUSA", "PPD": "PPD KUALA SELANGOR", "PBT": "MPKS", "JenisWarta": "Tiada", "Tahap_Seko": "Sekolah Rendah", "Koordinat_": 3.40737, "Koordinat1": 101.318686, "web_name": "SEKOLAH KEBANGSAAN JALAN RAJA MUSA", "web_code": "-", "web_type": "Tiada", "web_district": "Kuala Selangor", "web_ppd": "PPD KUALA SELANGOR", "web_level": "Sekolah Rendah", "web_address": "-", "web_pbt": "MPKS" }, "geometry": { "type": "Point", "coordinates": [ 101.318686, 3.40737 ] } },
{ "type": "Feature", "properties": { "Nama_Sekol": "SEKOLAH KEBANGSAAN JAYA SETIA", "PPD": "PPD KUALA SELANGOR", "PBT": "MPKS", "JenisWarta": "TM_KPM", "Tahap_Seko": "Sekolah Rendah", "Koordinat_": 3.364442, "Koordinat1": 101.4215, "web_name": "SEKOLAH KEBANGSAAN JAYA SETIA", "web_code": "-", "web_type": "TM_KPM", "web_district": "Kuala Selangor", "web_ppd": "PPD KUALA SELANGOR", "web_level": "Sekolah Rendah", "web_address": "-", "web_pbt": "MPKS" }, "geometry": { "type": "Point", "coordinates": [ 101.4215, 3.364442 ] } },
{ "type": "Feature", "properties": { "Nama_Sekol": "SEKOLAH KEBANGSAAN JERAM", "PPD": "PPD KUALA SELANGOR", "PBT": "MPKS", "JenisWarta": "Tiada", "Tahap_Seko": "Sekolah Rendah", "Koordinat_": 3.222273086, "Koordinat1": 101.3202873, "web_name": "SEKOLAH KEBANGSAAN JERAM", "web_code": "-", "web_type": "Tiada", "web_district": "Kuala Selangor", "web_ppd": "PPD KUALA SELANGOR", "web_level": "Sekolah Rendah", "web_address": "-", "web_pbt": "MPKS" }, "geometry": { "type": "Point", "coordinates": [ 101.320287300000075, 3.22227308600003 ] } },
{ "type": "Feature", "properties": { "Nama_Sekol": "SEKOLAH KEBANGSAAN JERAM BT 20", "PPD": "PPD KUALA SELANGOR", "PBT": "MPKS", "JenisWarta": "Tiada", "Tahap_Seko": "Sekolah Rendah", "Koordinat_": 3.237118, "Koordinat1": 101.314512, "web_name": "SEKOLAH KEBANGSAAN JERAM BT 20", "web_code": "-", "web_type": "Tiada", "web_district": "Kuala Selangor", "web_ppd": "PPD KUALA SELANGOR", "web_level": "Sekolah Rendah", "web_address": "-", "web_pbt": "MPKS" }, "geometry": { "type": "Point", "coordinates": [ 101.314512, 3.237118 ] } },
{ "type": "Feature", "properties": { "Nama_Sekol": "SEKOLAH KEBANGSAAN KUALA SELANGOR", "PPD": "PPD KUALA SELANGOR", "PBT": "MPKS", "JenisWarta": "Tiada", "Tahap_Seko": "Sekolah Rendah", "Koordinat_": 3.365384097, "Koordinat1": 101.249477, "web_name": "SEKOLAH KEBANGSAAN KUALA SELANGOR", "web_code": "-", "web_type": "Tiada", "web_district": "Kuala Selangor", "web_ppd": "PPD KUALA SELANGOR", "web_level": "Sekolah Rendah", "web_address": "-", "web_pbt": "MPKS" }, "geometry": { "type": "Point", "coordinates": [ 101.249477, 3.36538409700006 ] } },
{ "type": "Feature", "properties": { "Nama_Sekol": "SEKOLAH KEBANGSAAN PARIT EMPAT", "PPD": "PPD KUALA SELANGOR", "PBT": "MPKS", "JenisWarta": "Tiada", "Tahap_Seko": "Sekolah Rendah", "Koordinat_": 3.482411, "Koordinat1": 101.119491, "web_name": "SEKOLAH KEBANGSAAN PARIT EMPAT", "web_code": "-", "web_type": "Tiada", "web_district": "Kuala Selangor", "web_ppd": "PPD KUALA SELANGOR", "web_level": "Sekolah Rendah", "web_address": "-", "web_pbt": "MPKS" }, "geometry": { "type": "Point", "coordinates": [ 101.119491, 3.482411 ] } },
{ "type": "Feature", "properties": { "Nama_Sekol": "SEKOLAH KEBANGSAAN PARIT MAHANG", "PPD": "PPD KUALA SELANGOR", "PBT": "MPKS", "JenisWarta": "Tiada", "Tahap_Seko": "Sekolah Rendah", "Koordinat_": 3.282097553, "Koordinat1": 101.375569, "web_name": "SEKOLAH KEBANGSAAN PARIT MAHANG", "web_code": "-", "web_type": "Tiada", "web_district": "Kuala Selangor", "web_ppd": "PPD KUALA SELANGOR", "web_level": "Sekolah Rendah", "web_address": "-", "web_pbt": "MPKS" }, "geometry": { "type": "Point", "coordinates": [ 101.375569, 3.282097553000028 ] } },
{ "type": "Feature", "properties": { "Nama_Sekol": "SEKOLAH KEBANGSAAN PARIT SERONG", "PPD": "PPD KUALA SELANGOR", "PBT": "MPKS", "JenisWarta": "TM_KPM", "Tahap_Seko": "Sekolah Rendah", "Koordinat_": 3.41811, "Koordinat1": 101.227014, "web_name": "SEKOLAH KEBANGSAAN PARIT SERONG", "web_code": "-", "web_type": "TM_KPM", "web_district": "Kuala Selangor", "web_ppd": "PPD KUALA SELANGOR", "web_level": "Sekolah Rendah", "web_address": "-", "web_pbt": "MPKS" }, "geometry": { "type": "Point", "coordinates": [ 101.227014, 3.41811 ] } },
{ "type": "Feature", "properties": { "Nama_Sekol": "SEKOLAH KEBANGSAAN PASANGAN", "PPD": "PPD KUALA SELANGOR", "PBT": "MPKS", "JenisWarta": "TM_KPM", "Tahap_Seko": "Sekolah Rendah", "Koordinat_": 3.362029632, "Koordinat1": 101.3081375, "web_name": "SEKOLAH KEBANGSAAN PASANGAN", "web_code": "-", "web_type": "TM_KPM", "web_district": "Kuala Selangor", "web_ppd": "PPD KUALA SELANGOR", "web_level": "Sekolah Rendah", "web_address": "-", "web_pbt": "MPKS" }, "geometry": { "type": "Point", "coordinates": [ 101.308137500000043, 3.362029632000031 ] } },
{ "type": "Feature", "properties": { "Nama_Sekol": "SEKOLAH KEBANGSAAN PUNCAK ALAM", "PPD": "PPD KUALA SELANGOR", "PBT": "MPKS", "JenisWarta": "Tiada", "Tahap_Seko": "Sekolah Rendah", "Koordinat_": 3.21219413, "Koordinat1": 101.4313019, "web_name": "SEKOLAH KEBANGSAAN PUNCAK ALAM", "web_code": "-", "web_type": "Tiada", "web_district": "Kuala Selangor", "web_ppd": "PPD KUALA SELANGOR", "web_level": "Sekolah Rendah", "web_address": "-", "web_pbt": "MPKS" }, "geometry": { "type": "Point", "coordinates": [ 101.431301900000051, 3.212194130000057 ] } },
{ "type": "Feature", "properties": { "Nama_Sekol": "SEKOLAH KEBANGSAAN PUNCAK ALAM 2", "PPD": "PPD KUALA SELANGOR", "PBT": "MPKS", "JenisWarta": "Tiada", "Tahap_Seko": "Sekolah Rendah", "Koordinat_": 3.226435608, "Koordinat1": 101.4257088, "web_name": "SEKOLAH KEBANGSAAN PUNCAK ALAM 2", "web_code": "-", "web_type": "Tiada", "web_district": "Kuala Selangor", "web_ppd": "PPD KUALA SELANGOR", "web_level": "Sekolah Rendah", "web_address": "-", "web_pbt": "MPKS" }, "geometry": { "type": "Point", "coordinates": [ 101.425708800000052, 3.226435608000031 ] } },
{ "type": "Feature", "properties": { "Nama_Sekol": "SEKOLAH KEBANGSAAN PUNCAK ALAM 3", "PPD": "PPD KUALA SELANGOR", "PBT": "MPKS", "JenisWarta": "Tiada", "Tahap_Seko": "Sekolah Rendah", "Koordinat_": 3.245488371, "Koordinat1": 101.4249328, "web_name": "SEKOLAH KEBANGSAAN PUNCAK ALAM 3", "web_code": "-", "web_type": "Tiada", "web_district": "Kuala Selangor", "web_ppd": "PPD KUALA SELANGOR", "web_level": "Sekolah Rendah", "web_address": "-", "web_pbt": "MPKS" }, "geometry": { "type": "Point", "coordinates": [ 101.424932800000079, 3.245488371000022 ] } },
{ "type": "Feature", "properties": { "Nama_Sekol": "SEKOLAH KEBANGSAAN RANTAU PANJANG", "PPD": "PPD KUALA SELANGOR", "PBT": "MPKS", "JenisWarta": "TM_KPM", "Tahap_Seko": "Sekolah Rendah", "Koordinat_": 3.398677, "Koordinat1": 101.440596, "web_name": "SEKOLAH KEBANGSAAN RANTAU PANJANG", "web_code": "-", "web_type": "TM_KPM", "web_district": "Kuala Selangor", "web_ppd": "PPD KUALA SELANGOR", "web_level": "Sekolah Rendah", "web_address": "-", "web_pbt": "MPKS" }, "geometry": { "type": "Point", "coordinates": [ 101.440596, 3.398677 ] } },
{ "type": "Feature", "properties": { "Nama_Sekol": "SEKOLAH KEBANGSAAN SAUJANA UTAMA IJOK", "PPD": "PPD KUALA SELANGOR", "PBT": "MPKS", "JenisWarta": "Tiada", "Tahap_Seko": "Sekolah Rendah", "Koordinat_": 3.21034, "Koordinat1": 101.477773, "web_name": "SEKOLAH KEBANGSAAN SAUJANA UTAMA IJOK", "web_code": "-", "web_type": "Tiada", "web_district": "Kuala Selangor", "web_ppd": "PPD KUALA SELANGOR", "web_level": "Sekolah Rendah", "web_address": "-", "web_pbt": "MPKS" }, "geometry": { "type": "Point", "coordinates": [ 101.477773, 3.21034 ] } },
{ "type": "Feature", "properties": { "Nama_Sekol": "SEKOLAH KEBANGSAAN SAWAH SEMPADAN", "PPD": "PPD KUALA SELANGOR", "PBT": "MPKS", "JenisWarta": "TM_KPM", "Tahap_Seko": "Sekolah Rendah", "Koordinat_": 3.462373, "Koordinat1": 101.221411, "web_name": "SEKOLAH KEBANGSAAN SAWAH SEMPADAN", "web_code": "-", "web_type": "TM_KPM", "web_district": "Kuala Selangor", "web_ppd": "PPD KUALA SELANGOR", "web_level": "Sekolah Rendah", "web_address": "-", "web_pbt": "MPKS" }, "geometry": { "type": "Point", "coordinates": [ 101.221411, 3.462373 ] } },
{ "type": "Feature", "properties": { "Nama_Sekol": "SEKOLAH KEBANGSAAN SERI GAMBUT", "PPD": "PPD KUALA SELANGOR", "PBT": "MPKS", "JenisWarta": "Tiada", "Tahap_Seko": "Sekolah Rendah", "Koordinat_": 3.492167, "Koordinat1": 101.205912, "web_name": "SEKOLAH KEBANGSAAN SERI GAMBUT", "web_code": "-", "web_type": "Tiada", "web_district": "Kuala Selangor", "web_ppd": "PPD KUALA SELANGOR", "web_level": "Sekolah Rendah", "web_address": "-", "web_pbt": "MPKS" }, "geometry": { "type": "Point", "coordinates": [ 101.205912, 3.492167 ] } },
{ "type": "Feature", "properties": { "Nama_Sekol": "SEKOLAH KEBANGSAAN SERI PRISTANA", "PPD": "PPD KUALA SELANGOR", "PBT": "MPKS", "JenisWarta": "Tiada", "Tahap_Seko": "Sekolah Rendah", "Koordinat_": 3.208437455, "Koordinat1": 101.4711313, "web_name": "SEKOLAH KEBANGSAAN SERI PRISTANA", "web_code": "-", "web_type": "Tiada", "web_district": "Kuala Selangor", "web_ppd": "PPD KUALA SELANGOR", "web_level": "Sekolah Rendah", "web_address": "-", "web_pbt": "MPKS" }, "geometry": { "type": "Point", "coordinates": [ 101.471131300000081, 3.208437455000023 ] } },
{ "type": "Feature", "properties": { "Nama_Sekol": "SEKOLAH KEBANGSAAN SRI TIRAM", "PPD": "PPD KUALA SELANGOR", "PBT": "MPKS", "JenisWarta": "Tiada", "Tahap_Seko": "Sekolah Rendah", "Koordinat_": 3.447643, "Koordinat1": 101.239162, "web_name": "SEKOLAH KEBANGSAAN SRI TIRAM", "web_code": "-", "web_type": "Tiada", "web_district": "Kuala Selangor", "web_ppd": "PPD KUALA SELANGOR", "web_level": "Sekolah Rendah", "web_address": "-", "web_pbt": "MPKS" }, "geometry": { "type": "Point", "coordinates": [ 101.239162, 3.447643 ] } },
{ "type": "Feature", "properties": { "Nama_Sekol": "SEKOLAH KEBANGSAAN SULTAN ABDUL AZIZ", "PPD": "PPD KUALA SELANGOR", "PBT": "MPKS", "JenisWarta": "Tiada", "Tahap_Seko": "Sekolah Rendah", "Koordinat_": 3.359411, "Koordinat1": 101.30177, "web_name": "SEKOLAH KEBANGSAAN SULTAN ABDUL AZIZ", "web_code": "-", "web_type": "Tiada", "web_district": "Kuala Selangor", "web_ppd": "PPD KUALA SELANGOR", "web_level": "Sekolah Rendah", "web_address": "-", "web_pbt": "MPKS" }, "geometry": { "type": "Point", "coordinates": [ 101.30177, 3.359411 ] } },
{ "type": "Feature", "properties": { "Nama_Sekol": "SEKOLAH KEBANGSAAN SUNGAI BURONG", "PPD": "PPD KUALA SELANGOR", "PBT": "MPKS", "JenisWarta": "Tiada", "Tahap_Seko": "Sekolah Rendah", "Koordinat_": 3.461977, "Koordinat1": 101.137842, "web_name": "SEKOLAH KEBANGSAAN SUNGAI BURONG", "web_code": "-", "web_type": "Tiada", "web_district": "Kuala Selangor", "web_ppd": "PPD KUALA SELANGOR", "web_level": "Sekolah Rendah", "web_address": "-", "web_pbt": "MPKS" }, "geometry": { "type": "Point", "coordinates": [ 101.137842, 3.461977 ] } },
{ "type": "Feature", "properties": { "Nama_Sekol": "SEKOLAH KEBANGSAAN SUNGAI SIREH", "PPD": "PPD KUALA SELANGOR", "PBT": "MPKS", "JenisWarta": "Tiada", "Tahap_Seko": "Sekolah Rendah", "Koordinat_": 3.470091, "Koordinat1": 101.17226, "web_name": "SEKOLAH KEBANGSAAN SUNGAI SIREH", "web_code": "-", "web_type": "Tiada", "web_district": "Kuala Selangor", "web_ppd": "PPD KUALA SELANGOR", "web_level": "Sekolah Rendah", "web_address": "-", "web_pbt": "MPKS" }, "geometry": { "type": "Point", "coordinates": [ 101.17226, 3.470091 ] } },
{ "type": "Feature", "properties": { "Nama_Sekol": "SEKOLAH KEBANGSAAN SUNGAI TERAP", "PPD": "PPD KUALA SELANGOR", "PBT": "MPKS", "JenisWarta": "Tiada", "Tahap_Seko": "Sekolah Rendah", "Koordinat_": 3.389634, "Koordinat1": 101.222259, "web_name": "SEKOLAH KEBANGSAAN SUNGAI TERAP", "web_code": "-", "web_type": "Tiada", "web_district": "Kuala Selangor", "web_ppd": "PPD KUALA SELANGOR", "web_level": "Sekolah Rendah", "web_address": "-", "web_pbt": "MPKS" }, "geometry": { "type": "Point", "coordinates": [ 101.222259, 3.389634 ] } },
{ "type": "Feature", "properties": { "Nama_Sekol": "SEKOLAH KEBANGSAAN TAMBAK JAWA", "PPD": "PPD KUALA SELANGOR", "PBT": "MPKS", "JenisWarta": "Tiada", "Tahap_Seko": "Sekolah Rendah", "Koordinat_": 3.182316979, "Koordinat1": 101.315069, "web_name": "SEKOLAH KEBANGSAAN TAMBAK JAWA", "web_code": "-", "web_type": "Tiada", "web_district": "Kuala Selangor", "web_ppd": "PPD KUALA SELANGOR", "web_level": "Sekolah Rendah", "web_address": "-", "web_pbt": "MPKS" }, "geometry": { "type": "Point", "coordinates": [ 101.315069, 3.182316979000063 ] } },
{ "type": "Feature", "properties": { "Nama_Sekol": "SEKOLAH KEBANGSAAN TANJONG KARANG", "PPD": "PPD KUALA SELANGOR", "PBT": "MPKS", "JenisWarta": "Tiada", "Tahap_Seko": "Sekolah Rendah", "Koordinat_": 3.419862, "Koordinat1": 101.1864, "web_name": "SEKOLAH KEBANGSAAN TANJONG KARANG", "web_code": "-", "web_type": "Tiada", "web_district": "Kuala Selangor", "web_ppd": "PPD KUALA SELANGOR", "web_level": "Sekolah Rendah", "web_address": "-", "web_pbt": "MPKS" }, "geometry": { "type": "Point", "coordinates": [ 101.1864, 3.419862 ] } },
{ "type": "Feature", "properties": { "Nama_Sekol": "SEKOLAH KEBANGSAAN TANJUNG KERAMAT", "PPD": "PPD KUALA SELANGOR", "PBT": "MPKS", "JenisWarta": "Tiada", "Tahap_Seko": "Sekolah Rendah", "Koordinat_": 3.345641935, "Koordinat1": 101.2443024, "web_name": "SEKOLAH KEBANGSAAN TANJUNG KERAMAT", "web_code": "-", "web_type": "Tiada", "web_district": "Kuala Selangor", "web_ppd": "PPD KUALA SELANGOR", "web_level": "Sekolah Rendah", "web_address": "-", "web_pbt": "MPKS" }, "geometry": { "type": "Point", "coordinates": [ 101.244302400000038, 3.34564193500006 ] } },
{ "type": "Feature", "properties": { "Nama_Sekol": "KOLEJ TINGKATAN ENAM SULTAN ABDUL AZIZ", "PPD": "PPD KUALA SELANGOR", "PBT": "MPKS", "JenisWarta": "TM_KPM", "Tahap_Seko": "Sekolah Menengah", "Koordinat_": 3.342789, "Koordinat1": 101.243484, "web_name": "KOLEJ TINGKATAN ENAM SULTAN ABDUL AZIZ", "web_code": "-", "web_type": "TM_KPM", "web_district": "Kuala Selangor", "web_ppd": "PPD KUALA SELANGOR", "web_level": "Sekolah Menengah", "web_address": "-", "web_pbt": "MPKS" }, "geometry": { "type": "Point", "coordinates": [ 101.243484, 3.342789 ] } },
{ "type": "Feature", "properties": { "Nama_Sekol": "KOLEJ VOKASIONAL KUALA SELANGOR", "PPD": "PPD KUALA SELANGOR", "PBT": "MPKS", "JenisWarta": "TM_KPM", "Tahap_Seko": "Sekolah Menengah", "Koordinat_": 3.383193714, "Koordinat1": 101.3981696, "web_name": "KOLEJ VOKASIONAL KUALA SELANGOR", "web_code": "-", "web_type": "TM_KPM", "web_district": "Kuala Selangor", "web_ppd": "PPD KUALA SELANGOR", "web_level": "Sekolah Menengah", "web_address": "-", "web_pbt": "MPKS" }, "geometry": { "type": "Point", "coordinates": [ 101.398169600000074, 3.383193714000072 ] } },
{ "type": "Feature", "properties": { "Nama_Sekol": "SAM JERAM", "PPD": "PPD KUALA SELANGOR", "PBT": "MPKS", "JenisWarta": "Tiada", "Tahap_Seko": "Sekolah Menengah", "Koordinat_": 3.240890784, "Koordinat1": 101.3155612, "web_name": "SAM JERAM", "web_code": "-", "web_type": "Tiada", "web_district": "Kuala Selangor", "web_ppd": "PPD KUALA SELANGOR", "web_level": "Sekolah Menengah", "web_address": "-", "web_pbt": "MPKS" }, "geometry": { "type": "Point", "coordinates": [ 101.315561200000047, 3.240890784000044 ] } },
{ "type": "Feature", "properties": { "Nama_Sekol": "SAM TANJONG KARANG", "PPD": "PPD KUALA SELANGOR", "PBT": "MPKS", "JenisWarta": "Tiada", "Tahap_Seko": "Sekolah Menengah", "Koordinat_": 3.429263247, "Koordinat1": 101.1601236, "web_name": "SAM TANJONG KARANG", "web_code": "-", "web_type": "Tiada", "web_district": "Kuala Selangor", "web_ppd": "PPD KUALA SELANGOR", "web_level": "Sekolah Menengah", "web_address": "-", "web_pbt": "MPKS" }, "geometry": { "type": "Point", "coordinates": [ 101.160123600000077, 3.429263247000051 ] } },
{ "type": "Feature", "properties": { "Nama_Sekol": "SEKOLAH MENENGAH KEBANGSAAN AGAMA KUALA SELANGOR", "PPD": "PPD KUALA SELANGOR", "PBT": "MPKS", "JenisWarta": "Tiada", "Tahap_Seko": "Sekolah Menengah", "Koordinat_": 3.3606217, "Koordinat1": 101.24729, "web_name": "SEKOLAH MENENGAH KEBANGSAAN AGAMA KUALA SELANGOR", "web_code": "-", "web_type": "Tiada", "web_district": "Kuala Selangor", "web_ppd": "PPD KUALA SELANGOR", "web_level": "Sekolah Menengah", "web_address": "-", "web_pbt": "MPKS" }, "geometry": { "type": "Point", "coordinates": [ 101.24729, 3.360621700000024 ] } },
{ "type": "Feature", "properties": { "Nama_Sekol": "SEKOLAH MENENGAH KEBANGSAAN BANDAR SAUJANA UTAMA (2)", "PPD": "PPD KUALA SELANGOR", "PBT": "MPKS", "JenisWarta": "Tiada", "Tahap_Seko": "Sekolah Menengah", "Koordinat_": 3.208874862, "Koordinat1": 101.4868448, "web_name": "SEKOLAH MENENGAH KEBANGSAAN BANDAR SAUJANA UTAMA (2)", "web_code": "-", "web_type": "Tiada", "web_district": "Kuala Selangor", "web_ppd": "PPD KUALA SELANGOR", "web_level": "Sekolah Menengah", "web_address": "-", "web_pbt": "MPKS" }, "geometry": { "type": "Point", "coordinates": [ 101.486844800000085, 3.208874862000073 ] } },
{ "type": "Feature", "properties": { "Nama_Sekol": "SEKOLAH MENENGAH KEBANGSAAN BUKIT KUCHING TENGAH", "PPD": "PPD KUALA SELANGOR", "PBT": "MPKS", "JenisWarta": "Tiada", "Tahap_Seko": "Sekolah Menengah", "Koordinat_": 3.257633441, "Koordinat1": 101.3438824, "web_name": "SEKOLAH MENENGAH KEBANGSAAN BUKIT KUCHING TENGAH", "web_code": "-", "web_type": "Tiada", "web_district": "Kuala Selangor", "web_ppd": "PPD KUALA SELANGOR", "web_level": "Sekolah Menengah", "web_address": "-", "web_pbt": "MPKS" }, "geometry": { "type": "Point", "coordinates": [ 101.343882400000041, 3.257633441000053 ] } },
{ "type": "Feature", "properties": { "Nama_Sekol": "SEKOLAH MENENGAH KEBANGSAAN DATO HARUN", "PPD": "PPD KUALA SELANGOR", "PBT": "MPKS", "JenisWarta": "TM_KPM", "Tahap_Seko": "Sekolah Menengah", "Koordinat_": 3.42600629, "Koordinat1": 101.1699097, "web_name": "SEKOLAH MENENGAH KEBANGSAAN DATO HARUN", "web_code": "-", "web_type": "TM_KPM", "web_district": "Kuala Selangor", "web_ppd": "PPD KUALA SELANGOR", "web_level": "Sekolah Menengah", "web_address": "-", "web_pbt": "MPKS" }, "geometry": { "type": "Point", "coordinates": [ 101.169909700000062, 3.426006290000032 ] } },
{ "type": "Feature", "properties": { "Nama_Sekol": "SEKOLAH MENENGAH KEBANGSAAN JERAM", "PPD": "PPD KUALA SELANGOR", "PBT": "MPKS", "JenisWarta": "TM_KPM", "Tahap_Seko": "Sekolah Menengah", "Koordinat_": 3.226456, "Koordinat1": 101.369902, "web_name": "SEKOLAH MENENGAH KEBANGSAAN JERAM", "web_code": "-", "web_type": "TM_KPM", "web_district": "Kuala Selangor", "web_ppd": "PPD KUALA SELANGOR", "web_level": "Sekolah Menengah", "web_address": "-", "web_pbt": "MPKS" }, "geometry": { "type": "Point", "coordinates": [ 101.369902, 3.226456 ] } },
{ "type": "Feature", "properties": { "Nama_Sekol": "SEKOLAH MENENGAH KEBANGSAAN KUALA SELANGOR", "PPD": "PPD KUALA SELANGOR", "PBT": "MPKS", "JenisWarta": "Tiada", "Tahap_Seko": "Sekolah Menengah", "Koordinat_": 3.3327804, "Koordinat1": 101.2703932, "web_name": "SEKOLAH MENENGAH KEBANGSAAN KUALA SELANGOR", "web_code": "-", "web_type": "Tiada", "web_district": "Kuala Selangor", "web_ppd": "PPD KUALA SELANGOR", "web_level": "Sekolah Menengah", "web_address": "-", "web_pbt": "MPKS" }, "geometry": { "type": "Point", "coordinates": [ 101.270393200000058, 3.332780400000047 ] } },
{ "type": "Feature", "properties": { "Nama_Sekol": "SEKOLAH MENENGAH KEBANGSAAN PENGKALAN PERMATANG", "PPD": "PPD KUALA SELANGOR", "PBT": "MPKS", "JenisWarta": "Tiada", "Tahap_Seko": "Sekolah Menengah", "Koordinat_": 3.362763526, "Koordinat1": 101.2438165, "web_name": "SEKOLAH MENENGAH KEBANGSAAN PENGKALAN PERMATANG", "web_code": "-", "web_type": "Tiada", "web_district": "Kuala Selangor", "web_ppd": "PPD KUALA SELANGOR", "web_level": "Sekolah Menengah", "web_address": "-", "web_pbt": "MPKS" }, "geometry": { "type": "Point", "coordinates": [ 101.243816500000037, 3.362763526000037 ] } },
{ "type": "Feature", "properties": { "Nama_Sekol": "SEKOLAH MENENGAH KEBANGSAAN PUNCAK ALAM", "PPD": "PPD KUALA SELANGOR", "PBT": "MPKS", "JenisWarta": "Tiada", "Tahap_Seko": "Sekolah Menengah", "Koordinat_": 3.211037403, "Koordinat1": 101.4307161, "web_name": "SEKOLAH MENENGAH KEBANGSAAN PUNCAK ALAM", "web_code": "-", "web_type": "Tiada", "web_district": "Kuala Selangor", "web_ppd": "PPD KUALA SELANGOR", "web_level": "Sekolah Menengah", "web_address": "-", "web_pbt": "MPKS" }, "geometry": { "type": "Point", "coordinates": [ 101.430716100000041, 3.211037403000034 ] } },
{ "type": "Feature", "properties": { "Nama_Sekol": "SEKOLAH MENENGAH KEBANGSAAN PUNCAK ALAM 3", "PPD": "PPD KUALA SELANGOR", "PBT": "MPKS", "JenisWarta": "Tiada", "Tahap_Seko": "Sekolah Menengah", "Koordinat_": 3.246780872, "Koordinat1": 101.4240034, "web_name": "SEKOLAH MENENGAH KEBANGSAAN PUNCAK ALAM 3", "web_code": "-", "web_type": "Tiada", "web_district": "Kuala Selangor", "web_ppd": "PPD KUALA SELANGOR", "web_level": "Sekolah Menengah", "web_address": "-", "web_pbt": "MPKS" }, "geometry": { "type": "Point", "coordinates": [ 101.424003400000061, 3.246780872000045 ] } },
{ "type": "Feature", "properties": { "Nama_Sekol": "SEKOLAH MENENGAH KEBANGSAAN RAJA MUDA MUSA", "PPD": "PPD KUALA SELANGOR", "PBT": "MPKS", "JenisWarta": "Tiada", "Tahap_Seko": "Sekolah Menengah", "Koordinat_": 3.374204, "Koordinat1": 101.408919, "web_name": "SEKOLAH MENENGAH KEBANGSAAN RAJA MUDA MUSA", "web_code": "-", "web_type": "Tiada", "web_district": "Kuala Selangor", "web_ppd": "PPD KUALA SELANGOR", "web_level": "Sekolah Menengah", "web_address": "-", "web_pbt": "MPKS" }, "geometry": { "type": "Point", "coordinates": [ 101.408919, 3.374204 ] } },
{ "type": "Feature", "properties": { "Nama_Sekol": "SEKOLAH MENENGAH KEBANGSAAN RANTAU PANJANG", "PPD": "PPD KUALA SELANGOR", "PBT": "MPKS", "JenisWarta": "TM_KPM", "Tahap_Seko": "Sekolah Menengah", "Koordinat_": 3.388867189, "Koordinat1": 101.4378436, "web_name": "SEKOLAH MENENGAH KEBANGSAAN RANTAU PANJANG", "web_code": "-", "web_type": "TM_KPM", "web_district": "Kuala Selangor", "web_ppd": "PPD KUALA SELANGOR", "web_level": "Sekolah Menengah", "web_address": "-", "web_pbt": "MPKS" }, "geometry": { "type": "Point", "coordinates": [ 101.437843600000065, 3.388867189000052 ] } },
{ "type": "Feature", "properties": { "Nama_Sekol": "SEKOLAH MENENGAH KEBANGSAAN SAUJANA UTAMA", "PPD": "PPD KUALA SELANGOR", "PBT": "MPKS", "JenisWarta": "Tiada", "Tahap_Seko": "Sekolah Menengah", "Koordinat_": 3.208473, "Koordinat1": 101.477883, "web_name": "SEKOLAH MENENGAH KEBANGSAAN SAUJANA UTAMA", "web_code": "-", "web_type": "Tiada", "web_district": "Kuala Selangor", "web_ppd": "PPD KUALA SELANGOR", "web_level": "Sekolah Menengah", "web_address": "-", "web_pbt": "MPKS" }, "geometry": { "type": "Point", "coordinates": [ 101.477883, 3.208473 ] } },
{ "type": "Feature", "properties": { "Nama_Sekol": "SEKOLAH MENENGAH KEBANGSAAN SERI DESA", "PPD": "PPD KUALA SELANGOR", "PBT": "MPKS", "JenisWarta": "Tiada", "Tahap_Seko": "Sekolah Menengah", "Koordinat_": 3.420989, "Koordinat1": 101.164538, "web_name": "SEKOLAH MENENGAH KEBANGSAAN SERI DESA", "web_code": "-", "web_type": "Tiada", "web_district": "Kuala Selangor", "web_ppd": "PPD KUALA SELANGOR", "web_level": "Sekolah Menengah", "web_address": "-", "web_pbt": "MPKS" }, "geometry": { "type": "Point", "coordinates": [ 101.164538, 3.420989 ] } },
{ "type": "Feature", "properties": { "Nama_Sekol": "SEKOLAH MENENGAH KEBANGSAAN SERI TANJUNG", "PPD": "PPD KUALA SELANGOR", "PBT": "MPKS", "JenisWarta": "Tiada", "Tahap_Seko": "Sekolah Menengah", "Koordinat_": 3.345781, "Koordinat1": 101.242458, "web_name": "SEKOLAH MENENGAH KEBANGSAAN SERI TANJUNG", "web_code": "-", "web_type": "Tiada", "web_district": "Kuala Selangor", "web_ppd": "PPD KUALA SELANGOR", "web_level": "Sekolah Menengah", "web_address": "-", "web_pbt": "MPKS" }, "geometry": { "type": "Point", "coordinates": [ 101.242458, 3.345781 ] } },
{ "type": "Feature", "properties": { "Nama_Sekol": "SEKOLAH MENENGAH KEBANGSAAN SG. BURONG", "PPD": "PPD KUALA SELANGOR", "PBT": "MPKS", "JenisWarta": "Tiada", "Tahap_Seko": "Sekolah Menengah", "Koordinat_": 3.454619632, "Koordinat1": 101.1311056, "web_name": "SEKOLAH MENENGAH KEBANGSAAN SG. BURONG", "web_code": "-", "web_type": "Tiada", "web_district": "Kuala Selangor", "web_ppd": "PPD KUALA SELANGOR", "web_level": "Sekolah Menengah", "web_address": "-", "web_pbt": "MPKS" }, "geometry": { "type": "Point", "coordinates": [ 101.131105600000069, 3.45461963200006 ] } },
{ "type": "Feature", "properties": { "Nama_Sekol": "SEKOLAH MENENGAH KEBANGSAAN SULTAN SULAIMAN SHAH", "PPD": "PPD KUALA SELANGOR", "PBT": "MPKS", "JenisWarta": "TM_KPM", "Tahap_Seko": "Sekolah Menengah", "Koordinat_": 3.375734, "Koordinat1": 101.406769, "web_name": "SEKOLAH MENENGAH KEBANGSAAN SULTAN SULAIMAN SHAH", "web_code": "-", "web_type": "TM_KPM", "web_district": "Kuala Selangor", "web_ppd": "PPD KUALA SELANGOR", "web_level": "Sekolah Menengah", "web_address": "-", "web_pbt": "MPKS" }, "geometry": { "type": "Point", "coordinates": [ 101.406769, 3.375734 ] } },
{ "type": "Feature", "properties": { "Nama_Sekol": "SEKOLAH MENENGAH KEBANGSAAN TIRAM JAYA", "PPD": "PPD KUALA SELANGOR", "PBT": "MPKS", "JenisWarta": "TM_KPM", "Tahap_Seko": "Sekolah Menengah", "Koordinat_": 3.434425, "Koordinat1": 101.236525, "web_name": "SEKOLAH MENENGAH KEBANGSAAN TIRAM JAYA", "web_code": "-", "web_type": "TM_KPM", "web_district": "Kuala Selangor", "web_ppd": "PPD KUALA SELANGOR", "web_level": "Sekolah Menengah", "web_address": "-", "web_pbt": "MPKS" }, "geometry": { "type": "Point", "coordinates": [ 101.236525, 3.434425 ] } },
{ "type": "Feature", "properties": { "Nama_Sekol": "SEKOLAH MENENGAH SAINS KUALA SELANGOR", "PPD": "PPD KUALA SELANGOR", "PBT": "MPKS", "JenisWarta": "TM_KPM", "Tahap_Seko": "Sekolah Menengah", "Koordinat_": 3.322362, "Koordinat1": 101.258152, "web_name": "SEKOLAH MENENGAH SAINS KUALA SELANGOR", "web_code": "-", "web_type": "TM_KPM", "web_district": "Kuala Selangor", "web_ppd": "PPD KUALA SELANGOR", "web_level": "Sekolah Menengah", "web_address": "-", "web_pbt": "MPKS" }, "geometry": { "type": "Point", "coordinates": [ 101.258152, 3.322362 ] } },
{ "type": "Feature", "properties": { "Nama_Sekol": "SEKOLAH JENIS KEBANGSAAN (CINA) BATANG KALI", "PPD": "PPD HULU SELANGOR", "PBT": "MPHS", "JenisWarta": "TM_KPM", "Tahap_Seko": "Sekolah Rendah", "Koordinat_": 3.462562, "Koordinat1": 101.639021, "web_name": "SEKOLAH JENIS KEBANGSAAN (CINA) BATANG KALI", "web_code": "-", "web_type": "TM_KPM", "web_district": "Hulu Selangor", "web_ppd": "PPD HULU SELANGOR", "web_level": "Sekolah Rendah", "web_address": "-", "web_pbt": "MPHS" }, "geometry": { "type": "Point", "coordinates": [ 101.639021, 3.462562 ] } },
{ "type": "Feature", "properties": { "Nama_Sekol": "SEKOLAH JENIS KEBANGSAAN (CINA) BKT TANGGA", "PPD": "PPD HULU SELANGOR", "PBT": "MPHS", "JenisWarta": "TM_KPM", "Tahap_Seko": "Sekolah Rendah", "Koordinat_": 3.408702, "Koordinat1": 101.572993, "web_name": "SEKOLAH JENIS KEBANGSAAN (CINA) BKT TANGGA", "web_code": "-", "web_type": "TM_KPM", "web_district": "Hulu Selangor", "web_ppd": "PPD HULU SELANGOR", "web_level": "Sekolah Rendah", "web_address": "-", "web_pbt": "MPHS" }, "geometry": { "type": "Point", "coordinates": [ 101.572993, 3.408702 ] } },
{ "type": "Feature", "properties": { "Nama_Sekol": "SEKOLAH JENIS KEBANGSAAN (CINA) CHOONG CHEE", "PPD": "PPD HULU SELANGOR", "PBT": "MPHS", "JenisWarta": "Tiada", "Tahap_Seko": "Sekolah Rendah", "Koordinat_": 3.451174, "Koordinat1": 101.643172, "web_name": "SEKOLAH JENIS KEBANGSAAN (CINA) CHOONG CHEE", "web_code": "-", "web_type": "Tiada", "web_district": "Hulu Selangor", "web_ppd": "PPD HULU SELANGOR", "web_level": "Sekolah Rendah", "web_address": "-", "web_pbt": "MPHS" }, "geometry": { "type": "Point", "coordinates": [ 101.643172, 3.451174 ] } },
{ "type": "Feature", "properties": { "Nama_Sekol": "SEKOLAH JENIS KEBANGSAAN (CINA) KALUMPANG", "PPD": "PPD HULU SELANGOR", "PBT": "MPHS", "JenisWarta": "TM_KPM", "Tahap_Seko": "Sekolah Rendah", "Koordinat_": 3.634807222, "Koordinat1": 101.5702155, "web_name": "SEKOLAH JENIS KEBANGSAAN (CINA) KALUMPANG", "web_code": "-", "web_type": "TM_KPM", "web_district": "Hulu Selangor", "web_ppd": "PPD HULU SELANGOR", "web_level": "Sekolah Rendah", "web_address": "-", "web_pbt": "MPHS" }, "geometry": { "type": "Point", "coordinates": [ 101.570215500000074, 3.634807222000063 ] } },
{ "type": "Feature", "properties": { "Nama_Sekol": "SEKOLAH JENIS KEBANGSAAN (CINA) KAMPUNG GURNEY", "PPD": "PPD HULU SELANGOR", "PBT": "MPHS", "JenisWarta": "W.S62", "Tahap_Seko": "Sekolah Rendah", "Koordinat_": 3.421394, "Koordinat1": 101.662604, "web_name": "SEKOLAH JENIS KEBANGSAAN (CINA) KAMPUNG GURNEY", "web_code": "-", "web_type": "W.S62", "web_district": "Hulu Selangor", "web_ppd": "PPD HULU SELANGOR", "web_level": "Sekolah Rendah", "web_address": "-", "web_pbt": "MPHS" }, "geometry": { "type": "Point", "coordinates": [ 101.662604, 3.421394 ] } },
{ "type": "Feature", "properties": { "Nama_Sekol": "SEKOLAH JENIS KEBANGSAAN (CINA) KERLING", "PPD": "PPD HULU SELANGOR", "PBT": "MPHS", "JenisWarta": "Tiada", "Tahap_Seko": "Sekolah Rendah", "Koordinat_": 3.592347, "Koordinat1": 101.609042, "web_name": "SEKOLAH JENIS KEBANGSAAN (CINA) KERLING", "web_code": "-", "web_type": "Tiada", "web_district": "Hulu Selangor", "web_ppd": "PPD HULU SELANGOR", "web_level": "Sekolah Rendah", "web_address": "-", "web_pbt": "MPHS" }, "geometry": { "type": "Point", "coordinates": [ 101.609042, 3.592347 ] } },
{ "type": "Feature", "properties": { "Nama_Sekol": "SEKOLAH JENIS KEBANGSAAN (CINA) KHING MING", "PPD": "PPD HULU SELANGOR", "PBT": "MPHS", "JenisWarta": "W.S62", "Tahap_Seko": "Sekolah Rendah", "Koordinat_": 3.563096719, "Koordinat1": 101.6537811, "web_name": "SEKOLAH JENIS KEBANGSAAN (CINA) KHING MING", "web_code": "-", "web_type": "W.S62", "web_district": "Hulu Selangor", "web_ppd": "PPD HULU SELANGOR", "web_level": "Sekolah Rendah", "web_address": "-", "web_pbt": "MPHS" }, "geometry": { "type": "Point", "coordinates": [ 101.65378110000006, 3.563096719000043 ] } },
{ "type": "Feature", "properties": { "Nama_Sekol": "SEKOLAH JENIS KEBANGSAAN (CINA) RASA", "PPD": "PPD HULU SELANGOR", "PBT": "MPHS", "JenisWarta": "W.S62", "Tahap_Seko": "Sekolah Rendah", "Koordinat_": 3.4924956, "Koordinat1": 101.6339649, "web_name": "SEKOLAH JENIS KEBANGSAAN (CINA) RASA", "web_code": "-", "web_type": "W.S62", "web_district": "Hulu Selangor", "web_ppd": "PPD HULU SELANGOR", "web_level": "Sekolah Rendah", "web_address": "-", "web_pbt": "MPHS" }, "geometry": { "type": "Point", "coordinates": [ 101.63396490000008, 3.492495600000041 ] } },
{ "type": "Feature", "properties": { "Nama_Sekol": "SEKOLAH JENIS KEBANGSAAN (CINA) SERENDAH", "PPD": "PPD HULU SELANGOR", "PBT": "MPHS", "JenisWarta": "TM_KPM", "Tahap_Seko": "Sekolah Rendah", "Koordinat_": 3.365823, "Koordinat1": 101.603355, "web_name": "SEKOLAH JENIS KEBANGSAAN (CINA) SERENDAH", "web_code": "-", "web_type": "TM_KPM", "web_district": "Hulu Selangor", "web_ppd": "PPD HULU SELANGOR", "web_level": "Sekolah Rendah", "web_address": "-", "web_pbt": "MPHS" }, "geometry": { "type": "Point", "coordinates": [ 101.603355, 3.365823 ] } },
{ "type": "Feature", "properties": { "Nama_Sekol": "SEKOLAH JENIS KEBANGSAAN (TAMIL) BUKIT BERUNTUNG", "PPD": "PPD HULU SELANGOR", "PBT": "MPHS", "JenisWarta": "Tiada", "Tahap_Seko": "Sekolah Rendah", "Koordinat_": 3.403384, "Koordinat1": 101.554519, "web_name": "SEKOLAH JENIS KEBANGSAAN (TAMIL) BUKIT BERUNTUNG", "web_code": "-", "web_type": "Tiada", "web_district": "Hulu Selangor", "web_ppd": "PPD HULU SELANGOR", "web_level": "Sekolah Rendah", "web_address": "-", "web_pbt": "MPHS" }, "geometry": { "type": "Point", "coordinates": [ 101.554519, 3.403384 ] } },
{ "type": "Feature", "properties": { "Nama_Sekol": "SEKOLAH JENIS KEBANGSAAN (TAMIL) KUALA KUBU BHARU", "PPD": "PPD HULU SELANGOR", "PBT": "MPHS", "JenisWarta": "TM_KPM", "Tahap_Seko": "Sekolah Rendah", "Koordinat_": 3.56525, "Koordinat1": 101.65907, "web_name": "SEKOLAH JENIS KEBANGSAAN (TAMIL) KUALA KUBU BHARU", "web_code": "-", "web_type": "TM_KPM", "web_district": "Hulu Selangor", "web_ppd": "PPD HULU SELANGOR", "web_level": "Sekolah Rendah", "web_address": "-", "web_pbt": "MPHS" }, "geometry": { "type": "Point", "coordinates": [ 101.65907, 3.56525 ] } },
{ "type": "Feature", "properties": { "Nama_Sekol": "SEKOLAH JENIS KEBANGSAAN (TAMIL) LADANG BATANG KALI", "PPD": "PPD HULU SELANGOR", "PBT": "MPHS", "JenisWarta": "Tiada", "Tahap_Seko": "Sekolah Rendah", "Koordinat_": 3.46746, "Koordinat1": 101.64993, "web_name": "SEKOLAH JENIS KEBANGSAAN (TAMIL) LADANG BATANG KALI", "web_code": "-", "web_type": "Tiada", "web_district": "Hulu Selangor", "web_ppd": "PPD HULU SELANGOR", "web_level": "Sekolah Rendah", "web_address": "-", "web_pbt": "MPHS" }, "geometry": { "type": "Point", "coordinates": [ 101.64993, 3.46746 ] } },
{ "type": "Feature", "properties": { "Nama_Sekol": "SEKOLAH JENIS KEBANGSAAN (TAMIL) LADANG KALUMPANG", "PPD": "PPD HULU SELANGOR", "PBT": "MPHS", "JenisWarta": "Tiada", "Tahap_Seko": "Sekolah Rendah", "Koordinat_": 3.66445, "Koordinat1": 101.53346, "web_name": "SEKOLAH JENIS KEBANGSAAN (TAMIL) LADANG KALUMPANG", "web_code": "-", "web_type": "Tiada", "web_district": "Hulu Selangor", "web_ppd": "PPD HULU SELANGOR", "web_level": "Sekolah Rendah", "web_address": "-", "web_pbt": "MPHS" }, "geometry": { "type": "Point", "coordinates": [ 101.53346, 3.66445 ] } },
{ "type": "Feature", "properties": { "Nama_Sekol": "SEKOLAH JENIS KEBANGSAAN (TAMIL) LADANG KERLING", "PPD": "PPD HULU SELANGOR", "PBT": "MPHS", "JenisWarta": "Tiada", "Tahap_Seko": "Sekolah Rendah", "Koordinat_": 3.567144411, "Koordinat1": 101.5869337, "web_name": "SEKOLAH JENIS KEBANGSAAN (TAMIL) LADANG KERLING", "web_code": "-", "web_type": "Tiada", "web_district": "Hulu Selangor", "web_ppd": "PPD HULU SELANGOR", "web_level": "Sekolah Rendah", "web_address": "-", "web_pbt": "MPHS" }, "geometry": { "type": "Point", "coordinates": [ 101.586933700000031, 3.567144411000072 ] } },
{ "type": "Feature", "properties": { "Nama_Sekol": "SEKOLAH JENIS KEBANGSAAN (TAMIL) LDG CHANGKAT ASA", "PPD": "PPD HULU SELANGOR", "PBT": "MPHS", "JenisWarta": "Tiada", "Tahap_Seko": "Sekolah Rendah", "Koordinat_": 3.682657, "Koordinat1": 101.494698, "web_name": "SEKOLAH JENIS KEBANGSAAN (TAMIL) LDG CHANGKAT ASA", "web_code": "-", "web_type": "Tiada", "web_district": "Hulu Selangor", "web_ppd": "PPD HULU SELANGOR", "web_level": "Sekolah Rendah", "web_address": "-", "web_pbt": "MPHS" }, "geometry": { "type": "Point", "coordinates": [ 101.494698, 3.682657 ] } },
{ "type": "Feature", "properties": { "Nama_Sekol": "SEKOLAH JENIS KEBANGSAAN (TAMIL) LDG ESCOT", "PPD": "PPD HULU SELANGOR", "PBT": "MPHS", "JenisWarta": "Tiada", "Tahap_Seko": "Sekolah Rendah", "Koordinat_": 3.67087, "Koordinat1": 101.5421, "web_name": "SEKOLAH JENIS KEBANGSAAN (TAMIL) LDG ESCOT", "web_code": "-", "web_type": "Tiada", "web_district": "Hulu Selangor", "web_ppd": "PPD HULU SELANGOR", "web_level": "Sekolah Rendah", "web_address": "-", "web_pbt": "MPHS" }, "geometry": { "type": "Point", "coordinates": [ 101.5421, 3.67087 ] } },
{ "type": "Feature", "properties": { "Nama_Sekol": "SEKOLAH JENIS KEBANGSAAN (TAMIL) LDG LIMA BELAS", "PPD": "PPD HULU SELANGOR", "PBT": "MPHS", "JenisWarta": "Tiada", "Tahap_Seko": "Sekolah Rendah", "Koordinat_": 3.770316, "Koordinat1": 101.35461, "web_name": "SEKOLAH JENIS KEBANGSAAN (TAMIL) LDG LIMA BELAS", "web_code": "-", "web_type": "Tiada", "web_district": "Hulu Selangor", "web_ppd": "PPD HULU SELANGOR", "web_level": "Sekolah Rendah", "web_address": "-", "web_pbt": "MPHS" }, "geometry": { "type": "Point", "coordinates": [ 101.35461, 3.770316 ] } },
{ "type": "Feature", "properties": { "Nama_Sekol": "SEKOLAH JENIS KEBANGSAAN (TAMIL) LDG SG CHOH", "PPD": "PPD HULU SELANGOR", "PBT": "MPHS", "JenisWarta": "Tiada", "Tahap_Seko": "Sekolah Rendah", "Koordinat_": 3.367473, "Koordinat1": 101.565473, "web_name": "SEKOLAH JENIS KEBANGSAAN (TAMIL) LDG SG CHOH", "web_code": "-", "web_type": "Tiada", "web_district": "Hulu Selangor", "web_ppd": "PPD HULU SELANGOR", "web_level": "Sekolah Rendah", "web_address": "-", "web_pbt": "MPHS" }, "geometry": { "type": "Point", "coordinates": [ 101.565473, 3.367473 ] } },
{ "type": "Feature", "properties": { "Nama_Sekol": "SEKOLAH KEBANGSAAN AMPANG PECAH", "PPD": "PPD HULU SELANGOR", "PBT": "MPHS", "JenisWarta": "TM_KPM", "Tahap_Seko": "Sekolah Rendah", "Koordinat_": 3.54232, "Koordinat1": 101.662273, "web_name": "SEKOLAH KEBANGSAAN AMPANG PECAH", "web_code": "-", "web_type": "TM_KPM", "web_district": "Hulu Selangor", "web_ppd": "PPD HULU SELANGOR", "web_level": "Sekolah Rendah", "web_address": "-", "web_pbt": "MPHS" }, "geometry": { "type": "Point", "coordinates": [ 101.662273, 3.54232 ] } },
{ "type": "Feature", "properties": { "Nama_Sekol": "SEKOLAH KEBANGSAAN ANTARA GAPI", "PPD": "PPD HULU SELANGOR", "PBT": "MPHS", "JenisWarta": "TM_KPM", "Tahap_Seko": "Sekolah Rendah", "Koordinat_": 3.422072, "Koordinat1": 101.630251, "web_name": "SEKOLAH KEBANGSAAN ANTARA GAPI", "web_code": "-", "web_type": "TM_KPM", "web_district": "Hulu Selangor", "web_ppd": "PPD HULU SELANGOR", "web_level": "Sekolah Rendah", "web_address": "-", "web_pbt": "MPHS" }, "geometry": { "type": "Point", "coordinates": [ 101.630251, 3.422072 ] } },
{ "type": "Feature", "properties": { "Nama_Sekol": "SEKOLAH KEBANGSAAN BANDAR BARU BATANG KALI", "PPD": "PPD HULU SELANGOR", "PBT": "MPHS", "JenisWarta": "TM_KPM", "Tahap_Seko": "Sekolah Rendah", "Koordinat_": 3.459212, "Koordinat1": 101.654313, "web_name": "SEKOLAH KEBANGSAAN BANDAR BARU BATANG KALI", "web_code": "-", "web_type": "TM_KPM", "web_district": "Hulu Selangor", "web_ppd": "PPD HULU SELANGOR", "web_level": "Sekolah Rendah", "web_address": "-", "web_pbt": "MPHS" }, "geometry": { "type": "Point", "coordinates": [ 101.654313, 3.459212 ] } },
{ "type": "Feature", "properties": { "Nama_Sekol": "SEKOLAH KEBANGSAAN BANDAR SUNGAI BUAYA", "PPD": "PPD HULU SELANGOR", "PBT": "MPHS", "JenisWarta": "Tiada", "Tahap_Seko": "Sekolah Rendah", "Koordinat_": 3.373264, "Koordinat1": 101.528799, "web_name": "SEKOLAH KEBANGSAAN BANDAR SUNGAI BUAYA", "web_code": "-", "web_type": "Tiada", "web_district": "Hulu Selangor", "web_ppd": "PPD HULU SELANGOR", "web_level": "Sekolah Rendah", "web_address": "-", "web_pbt": "MPHS" }, "geometry": { "type": "Point", "coordinates": [ 101.528799, 3.373264 ] } },
{ "type": "Feature", "properties": { "Nama_Sekol": "SEKOLAH KEBANGSAAN BATANG KALI", "PPD": "PPD HULU SELANGOR", "PBT": "MPHS", "JenisWarta": "W.S62", "Tahap_Seko": "Sekolah Rendah", "Koordinat_": 3.468095889, "Koordinat1": 101.6447128, "web_name": "SEKOLAH KEBANGSAAN BATANG KALI", "web_code": "-", "web_type": "W.S62", "web_district": "Hulu Selangor", "web_ppd": "PPD HULU SELANGOR", "web_level": "Sekolah Rendah", "web_address": "-", "web_pbt": "MPHS" }, "geometry": { "type": "Point", "coordinates": [ 101.644712800000036, 3.46809588900004 ] } },
{ "type": "Feature", "properties": { "Nama_Sekol": "SEKOLAH KEBANGSAAN BUKIT BERUNTUNG", "PPD": "PPD HULU SELANGOR", "PBT": "MPHS", "JenisWarta": "TM_KPM", "Tahap_Seko": "Sekolah Rendah", "Koordinat_": 3.403768, "Koordinat1": 101.555914, "web_name": "SEKOLAH KEBANGSAAN BUKIT BERUNTUNG", "web_code": "-", "web_type": "TM_KPM", "web_district": "Hulu Selangor", "web_ppd": "PPD HULU SELANGOR", "web_level": "Sekolah Rendah", "web_address": "-", "web_pbt": "MPHS" }, "geometry": { "type": "Point", "coordinates": [ 101.555914, 3.403768 ] } },
{ "type": "Feature", "properties": { "Nama_Sekol": "SEKOLAH KEBANGSAAN BUKIT BERUNTUNG 2", "PPD": "PPD HULU SELANGOR", "PBT": "MPHS", "JenisWarta": "TM_KPM", "Tahap_Seko": "Sekolah Rendah", "Koordinat_": 3.419026645, "Koordinat1": 101.5685943, "web_name": "SEKOLAH KEBANGSAAN BUKIT BERUNTUNG 2", "web_code": "-", "web_type": "TM_KPM", "web_district": "Hulu Selangor", "web_ppd": "PPD HULU SELANGOR", "web_level": "Sekolah Rendah", "web_address": "-", "web_pbt": "MPHS" }, "geometry": { "type": "Point", "coordinates": [ 101.568594300000086, 3.419026645000031 ] } },
{ "type": "Feature", "properties": { "Nama_Sekol": "SEKOLAH KEBANGSAAN BUKIT SENTOSA", "PPD": "PPD HULU SELANGOR", "PBT": "MPHS", "JenisWarta": "Tiada", "Tahap_Seko": "Sekolah Rendah", "Koordinat_": 3.4145, "Koordinat1": 101.585415, "web_name": "SEKOLAH KEBANGSAAN BUKIT SENTOSA", "web_code": "-", "web_type": "Tiada", "web_district": "Hulu Selangor", "web_ppd": "PPD HULU SELANGOR", "web_level": "Sekolah Rendah", "web_address": "-", "web_pbt": "MPHS" }, "geometry": { "type": "Point", "coordinates": [ 101.585415, 3.4145 ] } },
{ "type": "Feature", "properties": { "Nama_Sekol": "SEKOLAH KEBANGSAAN GEDANGSA", "PPD": "PPD HULU SELANGOR", "PBT": "MPHS", "JenisWarta": "TM_KPM", "Tahap_Seko": "Sekolah Rendah", "Koordinat_": 3.738678, "Koordinat1": 101.381104, "web_name": "SEKOLAH KEBANGSAAN GEDANGSA", "web_code": "-", "web_type": "TM_KPM", "web_district": "Hulu Selangor", "web_ppd": "PPD HULU SELANGOR", "web_level": "Sekolah Rendah", "web_address": "-", "web_pbt": "MPHS" }, "geometry": { "type": "Point", "coordinates": [ 101.381104, 3.738678 ] } },
{ "type": "Feature", "properties": { "Nama_Sekol": "SEKOLAH KEBANGSAAN GESIR TENGAH", "PPD": "PPD HULU SELANGOR", "PBT": "MPHS", "JenisWarta": "Tiada", "Tahap_Seko": "Sekolah Rendah", "Koordinat_": 3.72511, "Koordinat1": 101.428665, "web_name": "SEKOLAH KEBANGSAAN GESIR TENGAH", "web_code": "-", "web_type": "Tiada", "web_district": "Hulu Selangor", "web_ppd": "PPD HULU SELANGOR", "web_level": "Sekolah Rendah", "web_address": "-", "web_pbt": "MPHS" }, "geometry": { "type": "Point", "coordinates": [ 101.428665, 3.72511 ] } },
{ "type": "Feature", "properties": { "Nama_Sekol": "SEKOLAH KEBANGSAAN HULU BERNAM", "PPD": "PPD HULU SELANGOR", "PBT": "MPHS", "JenisWarta": "W.S62", "Tahap_Seko": "Sekolah Rendah", "Koordinat_": 3.67213, "Koordinat1": 101.52273, "web_name": "SEKOLAH KEBANGSAAN HULU BERNAM", "web_code": "-", "web_type": "W.S62", "web_district": "Hulu Selangor", "web_ppd": "PPD HULU SELANGOR", "web_level": "Sekolah Rendah", "web_address": "-", "web_pbt": "MPHS" }, "geometry": { "type": "Point", "coordinates": [ 101.52273, 3.67213 ] } },
{ "type": "Feature", "properties": { "Nama_Sekol": "SEKOLAH KEBANGSAAN KALUMPANG", "PPD": "PPD HULU SELANGOR", "PBT": "MPHS", "JenisWarta": "Tiada", "Tahap_Seko": "Sekolah Rendah", "Koordinat_": 3.638178885, "Koordinat1": 101.565227, "web_name": "SEKOLAH KEBANGSAAN KALUMPANG", "web_code": "-", "web_type": "Tiada", "web_district": "Hulu Selangor", "web_ppd": "PPD HULU SELANGOR", "web_level": "Sekolah Rendah", "web_address": "-", "web_pbt": "MPHS" }, "geometry": { "type": "Point", "coordinates": [ 101.565227, 3.638178885000059 ] } },
{ "type": "Feature", "properties": { "Nama_Sekol": "SEKOLAH KEBANGSAAN KAMPUNG SOEHARTO", "PPD": "PPD HULU SELANGOR", "PBT": "MPHS", "JenisWarta": "Tiada", "Tahap_Seko": "Sekolah Rendah", "Koordinat_": 3.683769, "Koordinat1": 101.389151, "web_name": "SEKOLAH KEBANGSAAN KAMPUNG SOEHARTO", "web_code": "-", "web_type": "Tiada", "web_district": "Hulu Selangor", "web_ppd": "PPD HULU SELANGOR", "web_level": "Sekolah Rendah", "web_address": "-", "web_pbt": "MPHS" }, "geometry": { "type": "Point", "coordinates": [ 101.389151, 3.683769 ] } },
{ "type": "Feature", "properties": { "Nama_Sekol": "SEKOLAH KEBANGSAAN KERLING", "PPD": "PPD HULU SELANGOR", "PBT": "MPHS", "JenisWarta": "TM_KPM", "Tahap_Seko": "Sekolah Rendah", "Koordinat_": 3.588839808, "Koordinat1": 101.6025762, "web_name": "SEKOLAH KEBANGSAAN KERLING", "web_code": "-", "web_type": "TM_KPM", "web_district": "Hulu Selangor", "web_ppd": "PPD HULU SELANGOR", "web_level": "Sekolah Rendah", "web_address": "-", "web_pbt": "MPHS" }, "geometry": { "type": "Point", "coordinates": [ 101.602576200000044, 3.588839808000046 ] } },
{ "type": "Feature", "properties": { "Nama_Sekol": "SEKOLAH KEBANGSAAN KG KUANTAN", "PPD": "PPD HULU SELANGOR", "PBT": "MPHS", "JenisWarta": "TM_KPM", "Tahap_Seko": "Sekolah Rendah", "Koordinat_": 3.467885, "Koordinat1": 101.673883, "web_name": "SEKOLAH KEBANGSAAN KG KUANTAN", "web_code": "-", "web_type": "TM_KPM", "web_district": "Hulu Selangor", "web_ppd": "PPD HULU SELANGOR", "web_level": "Sekolah Rendah", "web_address": "-", "web_pbt": "MPHS" }, "geometry": { "type": "Point", "coordinates": [ 101.673883, 3.467885 ] } },
{ "type": "Feature", "properties": { "Nama_Sekol": "SEKOLAH KEBANGSAAN KUALA KUBU BARU SATU", "PPD": "PPD HULU SELANGOR", "PBT": "MPHS", "JenisWarta": "W.S62", "Tahap_Seko": "Sekolah Rendah", "Koordinat_": 3.567455761, "Koordinat1": 101.6579539, "web_name": "SEKOLAH KEBANGSAAN KUALA KUBU BARU SATU", "web_code": "-", "web_type": "W.S62", "web_district": "Hulu Selangor", "web_ppd": "PPD HULU SELANGOR", "web_level": "Sekolah Rendah", "web_address": "-", "web_pbt": "MPHS" }, "geometry": { "type": "Point", "coordinates": [ 101.657953900000052, 3.567455761000076 ] } },
{ "type": "Feature", "properties": { "Nama_Sekol": "SEKOLAH KEBANGSAAN KUALA KUBU BHARU", "PPD": "PPD HULU SELANGOR", "PBT": "MPHS", "JenisWarta": "W.S62", "Tahap_Seko": "Sekolah Rendah", "Koordinat_": 3.563492896, "Koordinat1": 101.6526607, "web_name": "SEKOLAH KEBANGSAAN KUALA KUBU BHARU", "web_code": "-", "web_type": "W.S62", "web_district": "Hulu Selangor", "web_ppd": "PPD HULU SELANGOR", "web_level": "Sekolah Rendah", "web_address": "-", "web_pbt": "MPHS" }, "geometry": { "type": "Point", "coordinates": [ 101.652660700000069, 3.563492896000071 ] } },
{ "type": "Feature", "properties": { "Nama_Sekol": "SEKOLAH KEBANGSAAN KUALA KUBU BHARU DUA", "PPD": "PPD HULU SELANGOR", "PBT": "MPHS", "JenisWarta": "TM_KPM", "Tahap_Seko": "Sekolah Rendah", "Koordinat_": 3.56817, "Koordinat1": 101.657818, "web_name": "SEKOLAH KEBANGSAAN KUALA KUBU BHARU DUA", "web_code": "-", "web_type": "TM_KPM", "web_district": "Hulu Selangor", "web_ppd": "PPD HULU SELANGOR", "web_level": "Sekolah Rendah", "web_address": "-", "web_pbt": "MPHS" }, "geometry": { "type": "Point", "coordinates": [ 101.657818, 3.56817 ] } },
{ "type": "Feature", "properties": { "Nama_Sekol": "SEKOLAH KEBANGSAAN LEMBAH BERINGIN", "PPD": "PPD HULU SELANGOR", "PBT": "MPHS", "JenisWarta": "TM_KPM", "Tahap_Seko": "Sekolah Rendah", "Koordinat_": 3.581064, "Koordinat1": 101.533007, "web_name": "SEKOLAH KEBANGSAAN LEMBAH BERINGIN", "web_code": "-", "web_type": "TM_KPM", "web_district": "Hulu Selangor", "web_ppd": "PPD HULU SELANGOR", "web_level": "Sekolah Rendah", "web_address": "-", "web_pbt": "MPHS" }, "geometry": { "type": "Point", "coordinates": [ 101.533007, 3.581064 ] } },
{ "type": "Feature", "properties": { "Nama_Sekol": "SEKOLAH KEBANGSAAN RASA", "PPD": "PPD HULU SELANGOR", "PBT": "MPHS", "JenisWarta": "W.S62", "Tahap_Seko": "Sekolah Rendah", "Koordinat_": 3.501454029, "Koordinat1": 101.6352135, "web_name": "SEKOLAH KEBANGSAAN RASA", "web_code": "-", "web_type": "W.S62", "web_district": "Hulu Selangor", "web_ppd": "PPD HULU SELANGOR", "web_level": "Sekolah Rendah", "web_address": "-", "web_pbt": "MPHS" }, "geometry": { "type": "Point", "coordinates": [ 101.635213500000077, 3.501454029000058 ] } },
{ "type": "Feature", "properties": { "Nama_Sekol": "SEKOLAH KEBANGSAAN SERENDAH", "PPD": "PPD HULU SELANGOR", "PBT": "MPHS", "JenisWarta": "TM_KPM", "Tahap_Seko": "Sekolah Rendah", "Koordinat_": 3.369404, "Koordinat1": 101.614235, "web_name": "SEKOLAH KEBANGSAAN SERENDAH", "web_code": "-", "web_type": "TM_KPM", "web_district": "Hulu Selangor", "web_ppd": "PPD HULU SELANGOR", "web_level": "Sekolah Rendah", "web_address": "-", "web_pbt": "MPHS" }, "geometry": { "type": "Point", "coordinates": [ 101.614235, 3.369404 ] } },
{ "type": "Feature", "properties": { "Nama_Sekol": "SEKOLAH KEBANGSAAN SERI FAJAR", "PPD": "PPD HULU SELANGOR", "PBT": "MPHS", "JenisWarta": "Tiada", "Tahap_Seko": "Sekolah Rendah", "Koordinat_": 3.564111, "Koordinat1": 101.436285, "web_name": "SEKOLAH KEBANGSAAN SERI FAJAR", "web_code": "-", "web_type": "Tiada", "web_district": "Hulu Selangor", "web_ppd": "PPD HULU SELANGOR", "web_level": "Sekolah Rendah", "web_address": "-", "web_pbt": "MPHS" }, "geometry": { "type": "Point", "coordinates": [ 101.436285, 3.564111 ] } },
{ "type": "Feature", "properties": { "Nama_Sekol": "SEKOLAH KEBANGSAAN SG CHOH", "PPD": "PPD HULU SELANGOR", "PBT": "MPHS", "JenisWarta": "Tiada", "Tahap_Seko": "Sekolah Rendah", "Koordinat_": 3.344554, "Koordinat1": 101.589304, "web_name": "SEKOLAH KEBANGSAAN SG CHOH", "web_code": "-", "web_type": "Tiada", "web_district": "Hulu Selangor", "web_ppd": "PPD HULU SELANGOR", "web_level": "Sekolah Rendah", "web_address": "-", "web_pbt": "MPHS" }, "geometry": { "type": "Point", "coordinates": [ 101.589304, 3.344554 ] } },
{ "type": "Feature", "properties": { "Nama_Sekol": "SEKOLAH KEBANGSAAN SG SELISEK", "PPD": "PPD HULU SELANGOR", "PBT": "MPHS", "JenisWarta": "W.S62", "Tahap_Seko": "Sekolah Rendah", "Koordinat_": 3.731886737, "Koordinat1": 101.4456659, "web_name": "SEKOLAH KEBANGSAAN SG SELISEK", "web_code": "-", "web_type": "W.S62", "web_district": "Hulu Selangor", "web_ppd": "PPD HULU SELANGOR", "web_level": "Sekolah Rendah", "web_address": "-", "web_pbt": "MPHS" }, "geometry": { "type": "Point", "coordinates": [ 101.445665900000051, 3.731886737000025 ] } },
{ "type": "Feature", "properties": { "Nama_Sekol": "SEKOLAH KEBANGSAAN SG TENGI", "PPD": "PPD HULU SELANGOR", "PBT": "MPHS", "JenisWarta": "Tiada", "Tahap_Seko": "Sekolah Rendah", "Koordinat_": 3.618264865, "Koordinat1": 101.4229542, "web_name": "SEKOLAH KEBANGSAAN SG TENGI", "web_code": "-", "web_type": "Tiada", "web_district": "Hulu Selangor", "web_ppd": "PPD HULU SELANGOR", "web_level": "Sekolah Rendah", "web_address": "-", "web_pbt": "MPHS" }, "geometry": { "type": "Point", "coordinates": [ 101.422954200000049, 3.618264865000071 ] } },
{ "type": "Feature", "properties": { "Nama_Sekol": "SEKOLAH KEBANGSAAN SRI KELEDANG", "PPD": "PPD HULU SELANGOR", "PBT": "MPHS", "JenisWarta": "Tiada", "Tahap_Seko": "Sekolah Rendah", "Koordinat_": 3.783979, "Koordinat1": 101.332122, "web_name": "SEKOLAH KEBANGSAAN SRI KELEDANG", "web_code": "-", "web_type": "Tiada", "web_district": "Hulu Selangor", "web_ppd": "PPD HULU SELANGOR", "web_level": "Sekolah Rendah", "web_address": "-", "web_pbt": "MPHS" }, "geometry": { "type": "Point", "coordinates": [ 101.332122, 3.783979 ] } },
{ "type": "Feature", "properties": { "Nama_Sekol": "SEKOLAH KEBANGSAAN SUNGAI BUAYA", "PPD": "PPD HULU SELANGOR", "PBT": "MPHS", "JenisWarta": "TM_KPM", "Tahap_Seko": "Sekolah Rendah", "Koordinat_": 3.392225, "Koordinat1": 101.527215, "web_name": "SEKOLAH KEBANGSAAN SUNGAI BUAYA", "web_code": "-", "web_type": "TM_KPM", "web_district": "Hulu Selangor", "web_ppd": "PPD HULU SELANGOR", "web_level": "Sekolah Rendah", "web_address": "-", "web_pbt": "MPHS" }, "geometry": { "type": "Point", "coordinates": [ 101.527215, 3.392225 ] } },
{ "type": "Feature", "properties": { "Nama_Sekol": "SEKOLAH KEBANGSAAN TAMAN BUNGA RAYA (1)", "PPD": "PPD HULU SELANGOR", "PBT": "MPHS", "JenisWarta": "Tiada", "Tahap_Seko": "Sekolah Rendah", "Koordinat_": 3.438814, "Koordinat1": 101.551522, "web_name": "SEKOLAH KEBANGSAAN TAMAN BUNGA RAYA (1)", "web_code": "-", "web_type": "Tiada", "web_district": "Hulu Selangor", "web_ppd": "PPD HULU SELANGOR", "web_level": "Sekolah Rendah", "web_address": "-", "web_pbt": "MPHS" }, "geometry": { "type": "Point", "coordinates": [ 101.551522, 3.438814 ] } },
{ "type": "Feature", "properties": { "Nama_Sekol": "SEKOLAH KEBANGSAAN TAMAN BUNGA RAYA 2", "PPD": "PPD HULU SELANGOR", "PBT": "MPHS", "JenisWarta": "Tiada", "Tahap_Seko": "Sekolah Rendah", "Koordinat_": 3.445529, "Koordinat1": 101.551978, "web_name": "SEKOLAH KEBANGSAAN TAMAN BUNGA RAYA 2", "web_code": "-", "web_type": "Tiada", "web_district": "Hulu Selangor", "web_ppd": "PPD HULU SELANGOR", "web_level": "Sekolah Rendah", "web_address": "-", "web_pbt": "MPHS" }, "geometry": { "type": "Point", "coordinates": [ 101.551978, 3.445529 ] } },
{ "type": "Feature", "properties": { "Nama_Sekol": "SEKOLAH KEBANGSAAN TUN ABDUL RAZAK", "PPD": "PPD HULU SELANGOR", "PBT": "MPHS", "JenisWarta": "Tiada", "Tahap_Seko": "Sekolah Rendah", "Koordinat_": 3.5732813, "Koordinat1": 101.6546609, "web_name": "SEKOLAH KEBANGSAAN TUN ABDUL RAZAK", "web_code": "-", "web_type": "Tiada", "web_district": "Hulu Selangor", "web_ppd": "PPD HULU SELANGOR", "web_level": "Sekolah Rendah", "web_address": "-", "web_pbt": "MPHS" }, "geometry": { "type": "Point", "coordinates": [ 101.654660900000067, 3.573281300000076 ] } },
{ "type": "Feature", "properties": { "Nama_Sekol": "SEKOLAH KEBANGSAAN ULU YAM BHARU", "PPD": "PPD HULU SELANGOR", "PBT": "MPHS", "JenisWarta": "W.S62", "Tahap_Seko": "Sekolah Rendah", "Koordinat_": 3.43767313, "Koordinat1": 101.6601369, "web_name": "SEKOLAH KEBANGSAAN ULU YAM BHARU", "web_code": "-", "web_type": "W.S62", "web_district": "Hulu Selangor", "web_ppd": "PPD HULU SELANGOR", "web_level": "Sekolah Rendah", "web_address": "-", "web_pbt": "MPHS" }, "geometry": { "type": "Point", "coordinates": [ 101.660136900000055, 3.437673130000064 ] } },
{ "type": "Feature", "properties": { "Nama_Sekol": "SEKOLAH KEBANGSAAN ULU YAM LAMA", "PPD": "PPD HULU SELANGOR", "PBT": "MPHS", "JenisWarta": "W.S62", "Tahap_Seko": "Sekolah Rendah", "Koordinat_": 3.455346795, "Koordinat1": 101.6390581, "web_name": "SEKOLAH KEBANGSAAN ULU YAM LAMA", "web_code": "-", "web_type": "W.S62", "web_district": "Hulu Selangor", "web_ppd": "PPD HULU SELANGOR", "web_level": "Sekolah Rendah", "web_address": "-", "web_pbt": "MPHS" }, "geometry": { "type": "Point", "coordinates": [ 101.639058100000057, 3.455346795000025 ] } },
{ "type": "Feature", "properties": { "Nama_Sekol": "SAM SUNGAI SELISEK", "PPD": "PPD HULU SELANGOR", "PBT": "MPHS", "JenisWarta": "Tiada", "Tahap_Seko": "Sekolah Menengah", "Koordinat_": 3.738546, "Koordinat1": 101.443938, "web_name": "SAM SUNGAI SELISEK", "web_code": "-", "web_type": "Tiada", "web_district": "Hulu Selangor", "web_ppd": "PPD HULU SELANGOR", "web_level": "Sekolah Menengah", "web_address": "-", "web_pbt": "MPHS" }, "geometry": { "type": "Point", "coordinates": [ 101.443938, 3.738546 ] } },
{ "type": "Feature", "properties": { "Nama_Sekol": "SAMT KUALA KUBU BHARU", "PPD": "PPD HULU SELANGOR", "PBT": "MPHS", "JenisWarta": "Tiada", "Tahap_Seko": "Sekolah Menengah", "Koordinat_": 3.55808, "Koordinat1": 101.64256, "web_name": "SAMT KUALA KUBU BHARU", "web_code": "-", "web_type": "Tiada", "web_district": "Hulu Selangor", "web_ppd": "PPD HULU SELANGOR", "web_level": "Sekolah Menengah", "web_address": "-", "web_pbt": "MPHS" }, "geometry": { "type": "Point", "coordinates": [ 101.64256, 3.55808 ] } },
{ "type": "Feature", "properties": { "Nama_Sekol": "SEKOLAH MENENGAH KEBANGSAAN AMPANG PECAH", "PPD": "PPD HULU SELANGOR", "PBT": "MPHS", "JenisWarta": "TM_KPM", "Tahap_Seko": "Sekolah Menengah", "Koordinat_": 3.54161, "Koordinat1": 101.66351, "web_name": "SEKOLAH MENENGAH KEBANGSAAN AMPANG PECAH", "web_code": "-", "web_type": "TM_KPM", "web_district": "Hulu Selangor", "web_ppd": "PPD HULU SELANGOR", "web_level": "Sekolah Menengah", "web_address": "-", "web_pbt": "MPHS" }, "geometry": { "type": "Point", "coordinates": [ 101.66351, 3.54161 ] } },
{ "type": "Feature", "properties": { "Nama_Sekol": "SEKOLAH MENENGAH KEBANGSAAN BANDAR BARU BATANG KALI", "PPD": "PPD HULU SELANGOR", "PBT": "MPHS", "JenisWarta": "Tiada", "Tahap_Seko": "Sekolah Menengah", "Koordinat_": 3.458035, "Koordinat1": 101.653516, "web_name": "SEKOLAH MENENGAH KEBANGSAAN BANDAR BARU BATANG KALI", "web_code": "-", "web_type": "Tiada", "web_district": "Hulu Selangor", "web_ppd": "PPD HULU SELANGOR", "web_level": "Sekolah Menengah", "web_address": "-", "web_pbt": "MPHS" }, "geometry": { "type": "Point", "coordinates": [ 101.653516, 3.458035 ] } },
{ "type": "Feature", "properties": { "Nama_Sekol": "SEKOLAH MENENGAH KEBANGSAAN BANDAR SUNGAI BUAYA", "PPD": "PPD HULU SELANGOR", "PBT": "MPHS", "JenisWarta": "Tiada", "Tahap_Seko": "Sekolah Menengah", "Koordinat_": 3.373289, "Koordinat1": 101.530315, "web_name": "SEKOLAH MENENGAH KEBANGSAAN BANDAR SUNGAI BUAYA", "web_code": "-", "web_type": "Tiada", "web_district": "Hulu Selangor", "web_ppd": "PPD HULU SELANGOR", "web_level": "Sekolah Menengah", "web_address": "-", "web_pbt": "MPHS" }, "geometry": { "type": "Point", "coordinates": [ 101.530315, 3.373289 ] } },
{ "type": "Feature", "properties": { "Nama_Sekol": "SEKOLAH MENENGAH KEBANGSAAN BUKIT SENTOSA", "PPD": "PPD HULU SELANGOR", "PBT": "MPHS", "JenisWarta": "TM_KPM", "Tahap_Seko": "Sekolah Menengah", "Koordinat_": 3.402360838, "Koordinat1": 101.5678117, "web_name": "SEKOLAH MENENGAH KEBANGSAAN BUKIT SENTOSA", "web_code": "-", "web_type": "TM_KPM", "web_district": "Hulu Selangor", "web_ppd": "PPD HULU SELANGOR", "web_level": "Sekolah Menengah", "web_address": "-", "web_pbt": "MPHS" }, "geometry": { "type": "Point", "coordinates": [ 101.56781170000005, 3.40236083800005 ] } },
{ "type": "Feature", "properties": { "Nama_Sekol": "SEKOLAH MENENGAH KEBANGSAAN BUKIT SENTOSA 2", "PPD": "PPD HULU SELANGOR", "PBT": "MPHS", "JenisWarta": "TM_KPM", "Tahap_Seko": "Sekolah Menengah", "Koordinat_": 3.415811, "Koordinat1": 101.586566, "web_name": "SEKOLAH MENENGAH KEBANGSAAN BUKIT SENTOSA 2", "web_code": "-", "web_type": "TM_KPM", "web_district": "Hulu Selangor", "web_ppd": "PPD HULU SELANGOR", "web_level": "Sekolah Menengah", "web_address": "-", "web_pbt": "MPHS" }, "geometry": { "type": "Point", "coordinates": [ 101.586566, 3.415811 ] } },
{ "type": "Feature", "properties": { "Nama_Sekol": "SEKOLAH MENENGAH KEBANGSAAN DATO' HJ KAMARUDDIN", "PPD": "PPD HULU SELANGOR", "PBT": "MPHS", "JenisWarta": "W.S62", "Tahap_Seko": "Sekolah Menengah", "Koordinat_": 3.566785, "Koordinat1": 101.658517, "web_name": "SEKOLAH MENENGAH KEBANGSAAN DATO' HJ KAMARUDDIN", "web_code": "-", "web_type": "W.S62", "web_district": "Hulu Selangor", "web_ppd": "PPD HULU SELANGOR", "web_level": "Sekolah Menengah", "web_address": "-", "web_pbt": "MPHS" }, "geometry": { "type": "Point", "coordinates": [ 101.658517, 3.566785 ] } },
{ "type": "Feature", "properties": { "Nama_Sekol": "SEKOLAH MENENGAH KEBANGSAAN GEDANGSA", "PPD": "PPD HULU SELANGOR", "PBT": "MPHS", "JenisWarta": "Tiada", "Tahap_Seko": "Sekolah Menengah", "Koordinat_": 3.733314709, "Koordinat1": 101.384254, "web_name": "SEKOLAH MENENGAH KEBANGSAAN GEDANGSA", "web_code": "-", "web_type": "Tiada", "web_district": "Hulu Selangor", "web_ppd": "PPD HULU SELANGOR", "web_level": "Sekolah Menengah", "web_address": "-", "web_pbt": "MPHS" }, "geometry": { "type": "Point", "coordinates": [ 101.384254, 3.733314709000069 ] } },
{ "type": "Feature", "properties": { "Nama_Sekol": "SEKOLAH MENENGAH KEBANGSAAN KALUMPANG", "PPD": "PPD HULU SELANGOR", "PBT": "MPHS", "JenisWarta": "TM_KPM", "Tahap_Seko": "Sekolah Menengah", "Koordinat_": 3.63572, "Koordinat1": 101.56629, "web_name": "SEKOLAH MENENGAH KEBANGSAAN KALUMPANG", "web_code": "-", "web_type": "TM_KPM", "web_district": "Hulu Selangor", "web_ppd": "PPD HULU SELANGOR", "web_level": "Sekolah Menengah", "web_address": "-", "web_pbt": "MPHS" }, "geometry": { "type": "Point", "coordinates": [ 101.56629, 3.63572 ] } },
{ "type": "Feature", "properties": { "Nama_Sekol": "SEKOLAH MENENGAH KEBANGSAAN KAMPONG SOEHARTO", "PPD": "PPD HULU SELANGOR", "PBT": "MPHS", "JenisWarta": "Tiada", "Tahap_Seko": "Sekolah Menengah", "Koordinat_": 3.684866, "Koordinat1": 101.390202, "web_name": "SEKOLAH MENENGAH KEBANGSAAN KAMPONG SOEHARTO", "web_code": "-", "web_type": "Tiada", "web_district": "Hulu Selangor", "web_ppd": "PPD HULU SELANGOR", "web_level": "Sekolah Menengah", "web_address": "-", "web_pbt": "MPHS" }, "geometry": { "type": "Point", "coordinates": [ 101.390202, 3.684866 ] } },
{ "type": "Feature", "properties": { "Nama_Sekol": "SEKOLAH MENENGAH KEBANGSAAN KUALA KUBU BHARU", "PPD": "PPD HULU SELANGOR", "PBT": "MPHS", "JenisWarta": "Tiada", "Tahap_Seko": "Sekolah Menengah", "Koordinat_": 3.569301485, "Koordinat1": 101.6629877, "web_name": "SEKOLAH MENENGAH KEBANGSAAN KUALA KUBU BHARU", "web_code": "-", "web_type": "Tiada", "web_district": "Hulu Selangor", "web_ppd": "PPD HULU SELANGOR", "web_level": "Sekolah Menengah", "web_address": "-", "web_pbt": "MPHS" }, "geometry": { "type": "Point", "coordinates": [ 101.662987700000087, 3.56930148500004 ] } },
{ "type": "Feature", "properties": { "Nama_Sekol": "SEKOLAH MENENGAH KEBANGSAAN SERENDAH", "PPD": "PPD HULU SELANGOR", "PBT": "MPHS", "JenisWarta": "TM_KPM", "Tahap_Seko": "Sekolah Menengah", "Koordinat_": 3.368135617, "Koordinat1": 101.6143608, "web_name": "SEKOLAH MENENGAH KEBANGSAAN SERENDAH", "web_code": "-", "web_type": "TM_KPM", "web_district": "Hulu Selangor", "web_ppd": "PPD HULU SELANGOR", "web_level": "Sekolah Menengah", "web_address": "-", "web_pbt": "MPHS" }, "geometry": { "type": "Point", "coordinates": [ 101.614360800000043, 3.368135617000064 ] } },
{ "type": "Feature", "properties": { "Nama_Sekol": "SEKOLAH MENENGAH KEBANGSAAN SUNGAI CHOH", "PPD": "PPD HULU SELANGOR", "PBT": "MPHS", "JenisWarta": "TM_KPM", "Tahap_Seko": "Sekolah Menengah", "Koordinat_": 3.350339, "Koordinat1": 101.585898, "web_name": "SEKOLAH MENENGAH KEBANGSAAN SUNGAI CHOH", "web_code": "-", "web_type": "TM_KPM", "web_district": "Hulu Selangor", "web_ppd": "PPD HULU SELANGOR", "web_level": "Sekolah Menengah", "web_address": "-", "web_pbt": "MPHS" }, "geometry": { "type": "Point", "coordinates": [ 101.585898, 3.350339 ] } },
{ "type": "Feature", "properties": { "Nama_Sekol": "SEKOLAH MENENGAH KEBANGSAAN SYED MASHOR", "PPD": "PPD HULU SELANGOR", "PBT": "MPHS", "JenisWarta": "Tiada", "Tahap_Seko": "Sekolah Menengah", "Koordinat_": 3.465148, "Koordinat1": 101.647508, "web_name": "SEKOLAH MENENGAH KEBANGSAAN SYED MASHOR", "web_code": "-", "web_type": "Tiada", "web_district": "Hulu Selangor", "web_ppd": "PPD HULU SELANGOR", "web_level": "Sekolah Menengah", "web_address": "-", "web_pbt": "MPHS" }, "geometry": { "type": "Point", "coordinates": [ 101.647508, 3.465148 ] } },
{ "type": "Feature", "properties": { "Nama_Sekol": "SEKOLAH MENENGAH KEBANGSAAN TAMAN BUNGA RAYA (1)", "PPD": "PPD HULU SELANGOR", "PBT": "MPHS", "JenisWarta": "Tiada", "Tahap_Seko": "Sekolah Menengah", "Koordinat_": 3.439168, "Koordinat1": 101.552568, "web_name": "SEKOLAH MENENGAH KEBANGSAAN TAMAN BUNGA RAYA (1)", "web_code": "-", "web_type": "Tiada", "web_district": "Hulu Selangor", "web_ppd": "PPD HULU SELANGOR", "web_level": "Sekolah Menengah", "web_address": "-", "web_pbt": "MPHS" }, "geometry": { "type": "Point", "coordinates": [ 101.552568, 3.439168 ] } },
{ "type": "Feature", "properties": { "Nama_Sekol": "SEKOLAH MENENGAH SAINS HULU SELANGOR", "PPD": "PPD HULU SELANGOR", "PBT": "MPHS", "JenisWarta": "Tiada", "Tahap_Seko": "Sekolah Menengah", "Koordinat_": 3.408276, "Koordinat1": 101.660777, "web_name": "SEKOLAH MENENGAH SAINS HULU SELANGOR", "web_code": "-", "web_type": "Tiada", "web_district": "Hulu Selangor", "web_ppd": "PPD HULU SELANGOR", "web_level": "Sekolah Menengah", "web_address": "-", "web_pbt": "MPHS" }, "geometry": { "type": "Point", "coordinates": [ 101.660777, 3.408276 ] } },
{ "type": "Feature", "properties": { "Nama_Sekol": "SEKOLAH JENIS KEBANGSAAN (CINA) CHEONG HUA", "PPD": "PPD SABAK BERNAM", "PBT": "MDSB", "JenisWarta": "TM_KPM", "Tahap_Seko": "Sekolah Rendah", "Koordinat_": 3.778957, "Koordinat1": 100.882619, "web_name": "SEKOLAH JENIS KEBANGSAAN (CINA) CHEONG HUA", "web_code": "-", "web_type": "TM_KPM", "web_district": "Sabak Bernam", "web_ppd": "PPD SABAK BERNAM", "web_level": "Sekolah Rendah", "web_address": "-", "web_pbt": "MDSB" }, "geometry": { "type": "Point", "coordinates": [ 100.882619, 3.778957 ] } },
{ "type": "Feature", "properties": { "Nama_Sekol": "SEKOLAH JENIS KEBANGSAAN (CINA) HAI PING", "PPD": "PPD SABAK BERNAM", "PBT": "MDSB", "JenisWarta": "TM_KPM", "Tahap_Seko": "Sekolah Rendah", "Koordinat_": 3.692386, "Koordinat1": 100.937543, "web_name": "SEKOLAH JENIS KEBANGSAAN (CINA) HAI PING", "web_code": "-", "web_type": "TM_KPM", "web_district": "Sabak Bernam", "web_ppd": "PPD SABAK BERNAM", "web_level": "Sekolah Rendah", "web_address": "-", "web_pbt": "MDSB" }, "geometry": { "type": "Point", "coordinates": [ 100.937543, 3.692386 ] } },
{ "type": "Feature", "properties": { "Nama_Sekol": "SEKOLAH JENIS KEBANGSAAN (CINA) KIAN SIT", "PPD": "PPD SABAK BERNAM", "PBT": "MDSB", "JenisWarta": "Tiada", "Tahap_Seko": "Sekolah Rendah", "Koordinat_": 3.526499588, "Koordinat1": 101.1409293, "web_name": "SEKOLAH JENIS KEBANGSAAN (CINA) KIAN SIT", "web_code": "-", "web_type": "Tiada", "web_district": "Sabak Bernam", "web_ppd": "PPD SABAK BERNAM", "web_level": "Sekolah Rendah", "web_address": "-", "web_pbt": "MDSB" }, "geometry": { "type": "Point", "coordinates": [ 101.140929300000039, 3.526499588000036 ] } },
{ "type": "Feature", "properties": { "Nama_Sekol": "SEKOLAH JENIS KEBANGSAAN (CINA) LUM HUA", "PPD": "PPD SABAK BERNAM", "PBT": "MDSB", "JenisWarta": "Tiada", "Tahap_Seko": "Sekolah Rendah", "Koordinat_": 3.768501, "Koordinat1": 100.985555, "web_name": "SEKOLAH JENIS KEBANGSAAN (CINA) LUM HUA", "web_code": "-", "web_type": "Tiada", "web_district": "Sabak Bernam", "web_ppd": "PPD SABAK BERNAM", "web_level": "Sekolah Rendah", "web_address": "-", "web_pbt": "MDSB" }, "geometry": { "type": "Point", "coordinates": [ 100.985555, 3.768501 ] } },
{ "type": "Feature", "properties": { "Nama_Sekol": "SEKOLAH JENIS KEBANGSAAN (CINA) MOON TECK", "PPD": "PPD SABAK BERNAM", "PBT": "MDSB", "JenisWarta": "Tiada", "Tahap_Seko": "Sekolah Rendah", "Koordinat_": 3.842803, "Koordinat1": 100.894826, "web_name": "SEKOLAH JENIS KEBANGSAAN (CINA) MOON TECK", "web_code": "-", "web_type": "Tiada", "web_district": "Sabak Bernam", "web_ppd": "PPD SABAK BERNAM", "web_level": "Sekolah Rendah", "web_address": "-", "web_pbt": "MDSB" }, "geometry": { "type": "Point", "coordinates": [ 100.894826, 3.842803 ] } },
{ "type": "Feature", "properties": { "Nama_Sekol": "SEKOLAH JENIS KEBANGSAAN (CINA) PHOOI MIN", "PPD": "PPD SABAK BERNAM", "PBT": "MDSB", "JenisWarta": "TM_KPM", "Tahap_Seko": "Sekolah Rendah", "Koordinat_": 3.790437, "Koordinat1": 100.831832, "web_name": "SEKOLAH JENIS KEBANGSAAN (CINA) PHOOI MIN", "web_code": "-", "web_type": "TM_KPM", "web_district": "Sabak Bernam", "web_ppd": "PPD SABAK BERNAM", "web_level": "Sekolah Rendah", "web_address": "-", "web_pbt": "MDSB" }, "geometry": { "type": "Point", "coordinates": [ 100.831832, 3.790437 ] } },
{ "type": "Feature", "properties": { "Nama_Sekol": "SEKOLAH JENIS KEBANGSAAN (CINA) PHOOI TEE", "PPD": "PPD SABAK BERNAM", "PBT": "MDSB", "JenisWarta": "TM_KPM", "Tahap_Seko": "Sekolah Rendah", "Koordinat_": 3.730107996, "Koordinat1": 100.922151, "web_name": "SEKOLAH JENIS KEBANGSAAN (CINA) PHOOI TEE", "web_code": "-", "web_type": "TM_KPM", "web_district": "Sabak Bernam", "web_ppd": "PPD SABAK BERNAM", "web_level": "Sekolah Rendah", "web_address": "-", "web_pbt": "MDSB" }, "geometry": { "type": "Point", "coordinates": [ 100.922151, 3.730107996000072 ] } },
{ "type": "Feature", "properties": { "Nama_Sekol": "SEKOLAH JENIS KEBANGSAAN (CINA) POAY CHNEH", "PPD": "PPD SABAK BERNAM", "PBT": "MDSB", "JenisWarta": "Tiada", "Tahap_Seko": "Sekolah Rendah", "Koordinat_": 3.834686, "Koordinat1": 100.843893, "web_name": "SEKOLAH JENIS KEBANGSAAN (CINA) POAY CHNEH", "web_code": "-", "web_type": "Tiada", "web_district": "Sabak Bernam", "web_ppd": "PPD SABAK BERNAM", "web_level": "Sekolah Rendah", "web_address": "-", "web_pbt": "MDSB" }, "geometry": { "type": "Point", "coordinates": [ 100.843893, 3.834686 ] } },
{ "type": "Feature", "properties": { "Nama_Sekol": "SEKOLAH JENIS KEBANGSAAN (CINA) SIN MIN", "PPD": "PPD SABAK BERNAM", "PBT": "MDSB", "JenisWarta": "Tiada", "Tahap_Seko": "Sekolah Rendah", "Koordinat_": 3.676287, "Koordinat1": 100.980806, "web_name": "SEKOLAH JENIS KEBANGSAAN (CINA) SIN MIN", "web_code": "-", "web_type": "Tiada", "web_district": "Sabak Bernam", "web_ppd": "PPD SABAK BERNAM", "web_level": "Sekolah Rendah", "web_address": "-", "web_pbt": "MDSB" }, "geometry": { "type": "Point", "coordinates": [ 100.980806, 3.676287 ] } },
{ "type": "Feature", "properties": { "Nama_Sekol": "SEKOLAH JENIS KEBANGSAAN (CINA) YOKE KUAN", "PPD": "PPD SABAK BERNAM", "PBT": "MDSB", "JenisWarta": "166(4)", "Tahap_Seko": "Sekolah Rendah", "Koordinat_": 3.510263, "Koordinat1": 101.104313, "web_name": "SEKOLAH JENIS KEBANGSAAN (CINA) YOKE KUAN", "web_code": "-", "web_type": "166(4)", "web_district": "Sabak Bernam", "web_ppd": "PPD SABAK BERNAM", "web_level": "Sekolah Rendah", "web_address": "-", "web_pbt": "MDSB" }, "geometry": { "type": "Point", "coordinates": [ 101.104313, 3.510263 ] } },
{ "type": "Feature", "properties": { "Nama_Sekol": "SEKOLAH JENIS KEBANGSAAN (TAMIL) LADANG SABAK BERNAM", "PPD": "PPD SABAK BERNAM", "PBT": "MDSB", "JenisWarta": "Tiada", "Tahap_Seko": "Sekolah Rendah", "Koordinat_": 3.755704671, "Koordinat1": 100.9872058, "web_name": "SEKOLAH JENIS KEBANGSAAN (TAMIL) LADANG SABAK BERNAM", "web_code": "-", "web_type": "Tiada", "web_district": "Sabak Bernam", "web_ppd": "PPD SABAK BERNAM", "web_level": "Sekolah Rendah", "web_address": "-", "web_pbt": "MDSB" }, "geometry": { "type": "Point", "coordinates": [ 100.987205800000083, 3.755704671000046 ] } },
{ "type": "Feature", "properties": { "Nama_Sekol": "SEKOLAH JENIS KEBANGSAAN (TAMIL) LADANG SUNGAI BERNAM", "PPD": "PPD SABAK BERNAM", "PBT": "MDSB", "JenisWarta": "Tiada", "Tahap_Seko": "Sekolah Rendah", "Koordinat_": 3.843465773, "Koordinat1": 100.9346605, "web_name": "SEKOLAH JENIS KEBANGSAAN (TAMIL) LADANG SUNGAI BERNAM", "web_code": "-", "web_type": "Tiada", "web_district": "Sabak Bernam", "web_ppd": "PPD SABAK BERNAM", "web_level": "Sekolah Rendah", "web_address": "-", "web_pbt": "MDSB" }, "geometry": { "type": "Point", "coordinates": [ 100.934660500000064, 3.843465773000048 ] } },
{ "type": "Feature", "properties": { "Nama_Sekol": "SEKOLAH KEBANGSAAN BAGAN TERAP", "PPD": "PPD SABAK BERNAM", "PBT": "MDSB", "JenisWarta": "TM_KPM", "Tahap_Seko": "Sekolah Rendah", "Koordinat_": 3.746608, "Koordinat1": 101.056466, "web_name": "SEKOLAH KEBANGSAAN BAGAN TERAP", "web_code": "-", "web_type": "TM_KPM", "web_district": "Sabak Bernam", "web_ppd": "PPD SABAK BERNAM", "web_level": "Sekolah Rendah", "web_address": "-", "web_pbt": "MDSB" }, "geometry": { "type": "Point", "coordinates": [ 101.056466, 3.746608 ] } },
{ "type": "Feature", "properties": { "Nama_Sekol": "SEKOLAH KEBANGSAAN BATU 38", "PPD": "PPD SABAK BERNAM", "PBT": "MDSB", "JenisWarta": "Tiada", "Tahap_Seko": "Sekolah Rendah", "Koordinat_": 3.753136498, "Koordinat1": 100.9564914, "web_name": "SEKOLAH KEBANGSAAN BATU 38", "web_code": "-", "web_type": "Tiada", "web_district": "Sabak Bernam", "web_ppd": "PPD SABAK BERNAM", "web_level": "Sekolah Rendah", "web_address": "-", "web_pbt": "MDSB" }, "geometry": { "type": "Point", "coordinates": [ 100.956491400000061, 3.75313649800006 ] } },
{ "type": "Feature", "properties": { "Nama_Sekol": "SEKOLAH KEBANGSAAN BINJAI JAYA", "PPD": "PPD SABAK BERNAM", "PBT": "MDSB", "JenisWarta": "TM_KPM", "Tahap_Seko": "Sekolah Rendah", "Koordinat_": 3.716473, "Koordinat1": 101.125883, "web_name": "SEKOLAH KEBANGSAAN BINJAI JAYA", "web_code": "-", "web_type": "TM_KPM", "web_district": "Sabak Bernam", "web_ppd": "PPD SABAK BERNAM", "web_level": "Sekolah Rendah", "web_address": "-", "web_pbt": "MDSB" }, "geometry": { "type": "Point", "coordinates": [ 101.125883, 3.716473 ] } },
{ "type": "Feature", "properties": { "Nama_Sekol": "SEKOLAH KEBANGSAAN DOKTOR ABDUL LATIFF", "PPD": "PPD SABAK BERNAM", "PBT": "MDSB", "JenisWarta": "W.S62", "Tahap_Seko": "Sekolah Rendah", "Koordinat_": 3.770656738, "Koordinat1": 100.987934, "web_name": "SEKOLAH KEBANGSAAN DOKTOR ABDUL LATIFF", "web_code": "-", "web_type": "W.S62", "web_district": "Sabak Bernam", "web_ppd": "PPD SABAK BERNAM", "web_level": "Sekolah Rendah", "web_address": "-", "web_pbt": "MDSB" }, "geometry": { "type": "Point", "coordinates": [ 100.987934, 3.770656738000071 ] } },
{ "type": "Feature", "properties": { "Nama_Sekol": "SEKOLAH KEBANGSAAN KAMPONG BANTING", "PPD": "PPD SABAK BERNAM", "PBT": "MDSB", "JenisWarta": "166(4)", "Tahap_Seko": "Sekolah Rendah", "Koordinat_": 3.758059, "Koordinat1": 100.923882, "web_name": "SEKOLAH KEBANGSAAN KAMPONG BANTING", "web_code": "-", "web_type": "166(4)", "web_district": "Sabak Bernam", "web_ppd": "PPD SABAK BERNAM", "web_level": "Sekolah Rendah", "web_address": "-", "web_pbt": "MDSB" }, "geometry": { "type": "Point", "coordinates": [ 100.923882, 3.758059 ] } },
{ "type": "Feature", "properties": { "Nama_Sekol": "SEKOLAH KEBANGSAAN KG BAHARU", "PPD": "PPD SABAK BERNAM", "PBT": "MDSB", "JenisWarta": "W.S62", "Tahap_Seko": "Sekolah Rendah", "Koordinat_": 3.792256, "Koordinat1": 100.949141, "web_name": "SEKOLAH KEBANGSAAN KG BAHARU", "web_code": "-", "web_type": "W.S62", "web_district": "Sabak Bernam", "web_ppd": "PPD SABAK BERNAM", "web_level": "Sekolah Rendah", "web_address": "-", "web_pbt": "MDSB" }, "geometry": { "type": "Point", "coordinates": [ 100.949141, 3.792256 ] } },
{ "type": "Feature", "properties": { "Nama_Sekol": "SEKOLAH KEBANGSAAN KHIR JOHARI", "PPD": "PPD SABAK BERNAM", "PBT": "MDSB", "JenisWarta": "W.S62", "Tahap_Seko": "Sekolah Rendah", "Koordinat_": 3.769087, "Koordinat1": 100.986643, "web_name": "SEKOLAH KEBANGSAAN KHIR JOHARI", "web_code": "-", "web_type": "W.S62", "web_district": "Sabak Bernam", "web_ppd": "PPD SABAK BERNAM", "web_level": "Sekolah Rendah", "web_address": "-", "web_pbt": "MDSB" }, "geometry": { "type": "Point", "coordinates": [ 100.986643, 3.769087 ] } },
{ "type": "Feature", "properties": { "Nama_Sekol": "SEKOLAH KEBANGSAAN LOBOK PUSING", "PPD": "PPD SABAK BERNAM", "PBT": "MDSB", "JenisWarta": "W.S62", "Tahap_Seko": "Sekolah Rendah", "Koordinat_": 3.760864, "Koordinat1": 101.073706, "web_name": "SEKOLAH KEBANGSAAN LOBOK PUSING", "web_code": "-", "web_type": "W.S62", "web_district": "Sabak Bernam", "web_ppd": "PPD SABAK BERNAM", "web_level": "Sekolah Rendah", "web_address": "-", "web_pbt": "MDSB" }, "geometry": { "type": "Point", "coordinates": [ 101.073706, 3.760864 ] } },
{ "type": "Feature", "properties": { "Nama_Sekol": "SEKOLAH KEBANGSAAN PANCHANG PEDENA", "PPD": "PPD SABAK BERNAM", "PBT": "MDSB", "JenisWarta": "W.S62", "Tahap_Seko": "Sekolah Rendah", "Koordinat_": 3.69692635, "Koordinat1": 100.9577808, "web_name": "SEKOLAH KEBANGSAAN PANCHANG PEDENA", "web_code": "-", "web_type": "W.S62", "web_district": "Sabak Bernam", "web_ppd": "PPD SABAK BERNAM", "web_level": "Sekolah Rendah", "web_address": "-", "web_pbt": "MDSB" }, "geometry": { "type": "Point", "coordinates": [ 100.95778080000008, 3.696926350000069 ] } },
{ "type": "Feature", "properties": { "Nama_Sekol": "SEKOLAH KEBANGSAAN PARIT 13", "PPD": "PPD SABAK BERNAM", "PBT": "MDSB", "JenisWarta": "TM_KPM", "Tahap_Seko": "Sekolah Rendah", "Koordinat_": 3.620446, "Koordinat1": 101.085477, "web_name": "SEKOLAH KEBANGSAAN PARIT 13", "web_code": "-", "web_type": "TM_KPM", "web_district": "Sabak Bernam", "web_ppd": "PPD SABAK BERNAM", "web_level": "Sekolah Rendah", "web_address": "-", "web_pbt": "MDSB" }, "geometry": { "type": "Point", "coordinates": [ 101.085477, 3.620446 ] } },
{ "type": "Feature", "properties": { "Nama_Sekol": "SEKOLAH KEBANGSAAN PARIT 4", "PPD": "PPD SABAK BERNAM", "PBT": "MDSB", "JenisWarta": "166(4)", "Tahap_Seko": "Sekolah Rendah", "Koordinat_": 3.661696, "Koordinat1": 101.049441, "web_name": "SEKOLAH KEBANGSAAN PARIT 4", "web_code": "-", "web_type": "166(4)", "web_district": "Sabak Bernam", "web_ppd": "PPD SABAK BERNAM", "web_level": "Sekolah Rendah", "web_address": "-", "web_pbt": "MDSB" }, "geometry": { "type": "Point", "coordinates": [ 101.049441, 3.661696 ] } },
{ "type": "Feature", "properties": { "Nama_Sekol": "SEKOLAH KEBANGSAAN PARIT 6", "PPD": "PPD SABAK BERNAM", "PBT": "MDSB", "JenisWarta": "TM_KPM", "Tahap_Seko": "Sekolah Rendah", "Koordinat_": 3.712373233, "Koordinat1": 101.0066673, "web_name": "SEKOLAH KEBANGSAAN PARIT 6", "web_code": "-", "web_type": "TM_KPM", "web_district": "Sabak Bernam", "web_ppd": "PPD SABAK BERNAM", "web_level": "Sekolah Rendah", "web_address": "-", "web_pbt": "MDSB" }, "geometry": { "type": "Point", "coordinates": [ 101.006667300000061, 3.712373233000051 ] } },
{ "type": "Feature", "properties": { "Nama_Sekol": "SEKOLAH KEBANGSAAN PARIT 9", "PPD": "PPD SABAK BERNAM", "PBT": "MDSB", "JenisWarta": "Tiada", "Tahap_Seko": "Sekolah Rendah", "Koordinat_": 3.563050895, "Koordinat1": 101.1055349, "web_name": "SEKOLAH KEBANGSAAN PARIT 9", "web_code": "-", "web_type": "Tiada", "web_district": "Sabak Bernam", "web_ppd": "PPD SABAK BERNAM", "web_level": "Sekolah Rendah", "web_address": "-", "web_pbt": "MDSB" }, "geometry": { "type": "Point", "coordinates": [ 101.105534900000066, 3.56305089500006 ] } },
{ "type": "Feature", "properties": { "Nama_Sekol": "SEKOLAH KEBANGSAAN PARIT BAHARU", "PPD": "PPD SABAK BERNAM", "PBT": "MDSB", "JenisWarta": "Tiada", "Tahap_Seko": "Sekolah Rendah", "Koordinat_": 3.815562, "Koordinat1": 100.8444, "web_name": "SEKOLAH KEBANGSAAN PARIT BAHARU", "web_code": "-", "web_type": "Tiada", "web_district": "Sabak Bernam", "web_ppd": "PPD SABAK BERNAM", "web_level": "Sekolah Rendah", "web_address": "-", "web_pbt": "MDSB" }, "geometry": { "type": "Point", "coordinates": [ 100.8444, 3.815562 ] } },
{ "type": "Feature", "properties": { "Nama_Sekol": "SEKOLAH KEBANGSAAN PASIR PANJANG", "PPD": "PPD SABAK BERNAM", "PBT": "MDSB", "JenisWarta": "Tiada", "Tahap_Seko": "Sekolah Rendah", "Koordinat_": 3.565999424, "Koordinat1": 101.0715352, "web_name": "SEKOLAH KEBANGSAAN PASIR PANJANG", "web_code": "-", "web_type": "Tiada", "web_district": "Sabak Bernam", "web_ppd": "PPD SABAK BERNAM", "web_level": "Sekolah Rendah", "web_address": "-", "web_pbt": "MDSB" }, "geometry": { "type": "Point", "coordinates": [ 101.071535200000085, 3.56599942400004 ] } },
{ "type": "Feature", "properties": { "Nama_Sekol": "SEKOLAH KEBANGSAAN SAPINTAS", "PPD": "PPD SABAK BERNAM", "PBT": "MDSB", "JenisWarta": "Tiada", "Tahap_Seko": "Sekolah Rendah", "Koordinat_": 3.780450318, "Koordinat1": 101.0284857, "web_name": "SEKOLAH KEBANGSAAN SAPINTAS", "web_code": "-", "web_type": "Tiada", "web_district": "Sabak Bernam", "web_ppd": "PPD SABAK BERNAM", "web_level": "Sekolah Rendah", "web_address": "-", "web_pbt": "MDSB" }, "geometry": { "type": "Point", "coordinates": [ 101.028485700000033, 3.780450318000021 ] } },
{ "type": "Feature", "properties": { "Nama_Sekol": "SEKOLAH KEBANGSAAN SEKENDI", "PPD": "PPD SABAK BERNAM", "PBT": "MDSB", "JenisWarta": "Tiada", "Tahap_Seko": "Sekolah Rendah", "Koordinat_": 3.727484033, "Koordinat1": 100.9386425, "web_name": "SEKOLAH KEBANGSAAN SEKENDI", "web_code": "-", "web_type": "Tiada", "web_district": "Sabak Bernam", "web_ppd": "PPD SABAK BERNAM", "web_level": "Sekolah Rendah", "web_address": "-", "web_pbt": "MDSB" }, "geometry": { "type": "Point", "coordinates": [ 100.938642500000071, 3.727484033000053 ] } },
{ "type": "Feature", "properties": { "Nama_Sekol": "SEKOLAH KEBANGSAAN SERI BAHAGIA", "PPD": "PPD SABAK BERNAM", "PBT": "MDSB", "JenisWarta": "TM_KPM", "Tahap_Seko": "Sekolah Rendah", "Koordinat_": 3.728774833, "Koordinat1": 101.0291147, "web_name": "SEKOLAH KEBANGSAAN SERI BAHAGIA", "web_code": "-", "web_type": "TM_KPM", "web_district": "Sabak Bernam", "web_ppd": "PPD SABAK BERNAM", "web_level": "Sekolah Rendah", "web_address": "-", "web_pbt": "MDSB" }, "geometry": { "type": "Point", "coordinates": [ 101.029114700000036, 3.728774833000045 ] } },
{ "type": "Feature", "properties": { "Nama_Sekol": "SEKOLAH KEBANGSAAN SERI CEMPAKA", "PPD": "PPD SABAK BERNAM", "PBT": "MDSB", "JenisWarta": "TM_KPM", "Tahap_Seko": "Sekolah Rendah", "Koordinat_": 3.798316, "Koordinat1": 100.829079, "web_name": "SEKOLAH KEBANGSAAN SERI CEMPAKA", "web_code": "-", "web_type": "TM_KPM", "web_district": "Sabak Bernam", "web_ppd": "PPD SABAK BERNAM", "web_level": "Sekolah Rendah", "web_address": "-", "web_pbt": "MDSB" }, "geometry": { "type": "Point", "coordinates": [ 100.829079, 3.798316 ] } },
{ "type": "Feature", "properties": { "Nama_Sekol": "SEKOLAH KEBANGSAAN SERI MAKMUR", "PPD": "PPD SABAK BERNAM", "PBT": "MDSB", "JenisWarta": "166(4)", "Tahap_Seko": "Sekolah Rendah", "Koordinat_": 3.68189, "Koordinat1": 100.990214, "web_name": "SEKOLAH KEBANGSAAN SERI MAKMUR", "web_code": "-", "web_type": "166(4)", "web_district": "Sabak Bernam", "web_ppd": "PPD SABAK BERNAM", "web_level": "Sekolah Rendah", "web_address": "-", "web_pbt": "MDSB" }, "geometry": { "type": "Point", "coordinates": [ 100.990214, 3.68189 ] } },
{ "type": "Feature", "properties": { "Nama_Sekol": "SEKOLAH KEBANGSAAN SERI MAWAR", "PPD": "PPD SABAK BERNAM", "PBT": "MDSB", "JenisWarta": "W.S62", "Tahap_Seko": "Sekolah Rendah", "Koordinat_": 3.840793, "Koordinat1": 100.898946, "web_name": "SEKOLAH KEBANGSAAN SERI MAWAR", "web_code": "-", "web_type": "W.S62", "web_district": "Sabak Bernam", "web_ppd": "PPD SABAK BERNAM", "web_level": "Sekolah Rendah", "web_address": "-", "web_pbt": "MDSB" }, "geometry": { "type": "Point", "coordinates": [ 100.898946, 3.840793 ] } },
{ "type": "Feature", "properties": { "Nama_Sekol": "SEKOLAH KEBANGSAAN SERI SEKINCHAN", "PPD": "PPD SABAK BERNAM", "PBT": "MDSB", "JenisWarta": "TM_KPM", "Tahap_Seko": "Sekolah Rendah", "Koordinat_": 3.510993, "Koordinat1": 101.100959, "web_name": "SEKOLAH KEBANGSAAN SERI SEKINCHAN", "web_code": "-", "web_type": "TM_KPM", "web_district": "Sabak Bernam", "web_ppd": "PPD SABAK BERNAM", "web_level": "Sekolah Rendah", "web_address": "-", "web_pbt": "MDSB" }, "geometry": { "type": "Point", "coordinates": [ 101.100959, 3.510993 ] } },
{ "type": "Feature", "properties": { "Nama_Sekol": "SEKOLAH KEBANGSAAN SERI UTAMA", "PPD": "PPD SABAK BERNAM", "PBT": "MDSB", "JenisWarta": "TM_KPM", "Tahap_Seko": "Sekolah Rendah", "Koordinat_": 3.68027, "Koordinat1": 100.98681, "web_name": "SEKOLAH KEBANGSAAN SERI UTAMA", "web_code": "-", "web_type": "TM_KPM", "web_district": "Sabak Bernam", "web_ppd": "PPD SABAK BERNAM", "web_level": "Sekolah Rendah", "web_address": "-", "web_pbt": "MDSB" }, "geometry": { "type": "Point", "coordinates": [ 100.98681, 3.68027 ] } },
{ "type": "Feature", "properties": { "Nama_Sekol": "SEKOLAH KEBANGSAAN SG HJ DORANI", "PPD": "PPD SABAK BERNAM", "PBT": "MDSB", "JenisWarta": "166(4)", "Tahap_Seko": "Sekolah Rendah", "Koordinat_": 3.644553, "Koordinat1": 101.02531, "web_name": "SEKOLAH KEBANGSAAN SG HJ DORANI", "web_code": "-", "web_type": "166(4)", "web_district": "Sabak Bernam", "web_ppd": "PPD SABAK BERNAM", "web_level": "Sekolah Rendah", "web_address": "-", "web_pbt": "MDSB" }, "geometry": { "type": "Point", "coordinates": [ 101.02531, 3.644553 ] } },
{ "type": "Feature", "properties": { "Nama_Sekol": "SEKOLAH KEBANGSAAN SG LEMAN", "PPD": "PPD SABAK BERNAM", "PBT": "MDSB", "JenisWarta": "Tiada", "Tahap_Seko": "Sekolah Rendah", "Koordinat_": 3.532957, "Koordinat1": 101.088181, "web_name": "SEKOLAH KEBANGSAAN SG LEMAN", "web_code": "-", "web_type": "Tiada", "web_district": "Sabak Bernam", "web_ppd": "PPD SABAK BERNAM", "web_level": "Sekolah Rendah", "web_address": "-", "web_pbt": "MDSB" }, "geometry": { "type": "Point", "coordinates": [ 101.088181, 3.532957 ] } },
{ "type": "Feature", "properties": { "Nama_Sekol": "SEKOLAH KEBANGSAAN SG LIMAU", "PPD": "PPD SABAK BERNAM", "PBT": "MDSB", "JenisWarta": "Tiada", "Tahap_Seko": "Sekolah Rendah", "Koordinat_": 3.66128, "Koordinat1": 101.004702, "web_name": "SEKOLAH KEBANGSAAN SG LIMAU", "web_code": "-", "web_type": "Tiada", "web_district": "Sabak Bernam", "web_ppd": "PPD SABAK BERNAM", "web_level": "Sekolah Rendah", "web_address": "-", "web_pbt": "MDSB" }, "geometry": { "type": "Point", "coordinates": [ 101.004702, 3.66128 ] } },
{ "type": "Feature", "properties": { "Nama_Sekol": "SEKOLAH KEBANGSAAN SIMPANG 4 BNO", "PPD": "PPD SABAK BERNAM", "PBT": "MDSB", "JenisWarta": "TM_KPM", "Tahap_Seko": "Sekolah Rendah", "Koordinat_": 3.773455, "Koordinat1": 100.8815, "web_name": "SEKOLAH KEBANGSAAN SIMPANG 4 BNO", "web_code": "-", "web_type": "TM_KPM", "web_district": "Sabak Bernam", "web_ppd": "PPD SABAK BERNAM", "web_level": "Sekolah Rendah", "web_address": "-", "web_pbt": "MDSB" }, "geometry": { "type": "Point", "coordinates": [ 100.8815, 3.773455 ] } },
{ "type": "Feature", "properties": { "Nama_Sekol": "SEKOLAH KEBANGSAAN SIMPANG LIMA", "PPD": "PPD SABAK BERNAM", "PBT": "MDSB", "JenisWarta": "166(4)", "Tahap_Seko": "Sekolah Rendah", "Koordinat_": 3.625674557, "Koordinat1": 101.0536757, "web_name": "SEKOLAH KEBANGSAAN SIMPANG LIMA", "web_code": "-", "web_type": "166(4)", "web_district": "Sabak Bernam", "web_ppd": "PPD SABAK BERNAM", "web_level": "Sekolah Rendah", "web_address": "-", "web_pbt": "MDSB" }, "geometry": { "type": "Point", "coordinates": [ 101.053675700000042, 3.625674557000025 ] } },
{ "type": "Feature", "properties": { "Nama_Sekol": "SEKOLAH KEBANGSAAN SUNGAI NIBONG", "PPD": "PPD SABAK BERNAM", "PBT": "MDSB", "JenisWarta": "Tiada", "Tahap_Seko": "Sekolah Rendah", "Koordinat_": 3.598559, "Koordinat1": 101.072077, "web_name": "SEKOLAH KEBANGSAAN SUNGAI NIBONG", "web_code": "-", "web_type": "Tiada", "web_district": "Sabak Bernam", "web_ppd": "PPD SABAK BERNAM", "web_level": "Sekolah Rendah", "web_address": "-", "web_pbt": "MDSB" }, "geometry": { "type": "Point", "coordinates": [ 101.072077, 3.598559 ] } },
{ "type": "Feature", "properties": { "Nama_Sekol": "SEKOLAH KEBANGSAAN SUNGAI TENGAR", "PPD": "PPD SABAK BERNAM", "PBT": "MDSB", "JenisWarta": "W.S62", "Tahap_Seko": "Sekolah Rendah", "Koordinat_": 3.823441, "Koordinat1": 100.880277, "web_name": "SEKOLAH KEBANGSAAN SUNGAI TENGAR", "web_code": "-", "web_type": "W.S62", "web_district": "Sabak Bernam", "web_ppd": "PPD SABAK BERNAM", "web_level": "Sekolah Rendah", "web_address": "-", "web_pbt": "MDSB" }, "geometry": { "type": "Point", "coordinates": [ 100.880277, 3.823441 ] } },
{ "type": "Feature", "properties": { "Nama_Sekol": "SEKOLAH KEBANGSAAN TANJONG JAWA", "PPD": "PPD SABAK BERNAM", "PBT": "MDSB", "JenisWarta": "Tiada", "Tahap_Seko": "Sekolah Rendah", "Koordinat_": 3.816090092, "Koordinat1": 100.972219, "web_name": "SEKOLAH KEBANGSAAN TANJONG JAWA", "web_code": "-", "web_type": "Tiada", "web_district": "Sabak Bernam", "web_ppd": "PPD SABAK BERNAM", "web_level": "Sekolah Rendah", "web_address": "-", "web_pbt": "MDSB" }, "geometry": { "type": "Point", "coordinates": [ 100.972219, 3.816090092000024 ] } },
{ "type": "Feature", "properties": { "Nama_Sekol": "SEKOLAH KEBANGSAAN TEBOK JAWA", "PPD": "PPD SABAK BERNAM", "PBT": "MDSB", "JenisWarta": "TM_KPM", "Tahap_Seko": "Sekolah Rendah", "Koordinat_": 3.781412613, "Koordinat1": 100.9118647, "web_name": "SEKOLAH KEBANGSAAN TEBOK JAWA", "web_code": "-", "web_type": "TM_KPM", "web_district": "Sabak Bernam", "web_ppd": "PPD SABAK BERNAM", "web_level": "Sekolah Rendah", "web_address": "-", "web_pbt": "MDSB" }, "geometry": { "type": "Point", "coordinates": [ 100.911864700000081, 3.781412613000043 ] } },
{ "type": "Feature", "properties": { "Nama_Sekol": "SEKOLAH KEBANGSAAN TELUK RU", "PPD": "PPD SABAK BERNAM", "PBT": "MDSB", "JenisWarta": "TM_KPM", "Tahap_Seko": "Sekolah Rendah", "Koordinat_": 3.791657, "Koordinat1": 100.854635, "web_name": "SEKOLAH KEBANGSAAN TELUK RU", "web_code": "-", "web_type": "TM_KPM", "web_district": "Sabak Bernam", "web_ppd": "PPD SABAK BERNAM", "web_level": "Sekolah Rendah", "web_address": "-", "web_pbt": "MDSB" }, "geometry": { "type": "Point", "coordinates": [ 100.854635, 3.791657 ] } },
{ "type": "Feature", "properties": { "Nama_Sekol": "SEKOLAH KEBANGSAAN TOK KHALIFAH", "PPD": "PPD SABAK BERNAM", "PBT": "MDSB", "JenisWarta": "Tiada", "Tahap_Seko": "Sekolah Rendah", "Koordinat_": 3.728323733, "Koordinat1": 101.0731972, "web_name": "SEKOLAH KEBANGSAAN TOK KHALIFAH", "web_code": "-", "web_type": "Tiada", "web_district": "Sabak Bernam", "web_ppd": "PPD SABAK BERNAM", "web_level": "Sekolah Rendah", "web_address": "-", "web_pbt": "MDSB" }, "geometry": { "type": "Point", "coordinates": [ 101.073197200000038, 3.728323733000025 ] } },
{ "type": "Feature", "properties": { "Nama_Sekol": "SEKOLAH KEBANGSAAN TUN DOKTOR ISMAIL", "PPD": "PPD SABAK BERNAM", "PBT": "MDSB", "JenisWarta": "TM_KPM", "Tahap_Seko": "Sekolah Rendah", "Koordinat_": 3.727658, "Koordinat1": 100.978575, "web_name": "SEKOLAH KEBANGSAAN TUN DOKTOR ISMAIL", "web_code": "-", "web_type": "TM_KPM", "web_district": "Sabak Bernam", "web_ppd": "PPD SABAK BERNAM", "web_level": "Sekolah Rendah", "web_address": "-", "web_pbt": "MDSB" }, "geometry": { "type": "Point", "coordinates": [ 100.978575, 3.727658 ] } },
{ "type": "Feature", "properties": { "Nama_Sekol": "KOLEJ TINGKATAN ENAM TUNKU ABDUL RAHMAN PUTRA", "PPD": "PPD SABAK BERNAM", "PBT": "MDSB", "JenisWarta": "TM_KPM", "Tahap_Seko": "Sekolah Menengah", "Koordinat_": 3.76668, "Koordinat1": 100.988817, "web_name": "KOLEJ TINGKATAN ENAM TUNKU ABDUL RAHMAN PUTRA", "web_code": "-", "web_type": "TM_KPM", "web_district": "Sabak Bernam", "web_ppd": "PPD SABAK BERNAM", "web_level": "Sekolah Menengah", "web_address": "-", "web_pbt": "MDSB" }, "geometry": { "type": "Point", "coordinates": [ 100.988817, 3.76668 ] } },
{ "type": "Feature", "properties": { "Nama_Sekol": "SAM BAGAN TERAP", "PPD": "PPD SABAK BERNAM", "PBT": "MDSB", "JenisWarta": "Tiada", "Tahap_Seko": "Sekolah Menengah", "Koordinat_": 3.74806295, "Koordinat1": 101.0591818, "web_name": "SAM BAGAN TERAP", "web_code": "-", "web_type": "Tiada", "web_district": "Sabak Bernam", "web_ppd": "PPD SABAK BERNAM", "web_level": "Sekolah Menengah", "web_address": "-", "web_pbt": "MDSB" }, "geometry": { "type": "Point", "coordinates": [ 101.059181800000033, 3.748062950000076 ] } },
{ "type": "Feature", "properties": { "Nama_Sekol": "SAM MUHAMMADIAH", "PPD": "PPD SABAK BERNAM", "PBT": "MDSB", "JenisWarta": "Tiada", "Tahap_Seko": "Sekolah Menengah", "Koordinat_": 3.761176688, "Koordinat1": 100.9766441, "web_name": "SAM MUHAMMADIAH", "web_code": "-", "web_type": "Tiada", "web_district": "Sabak Bernam", "web_ppd": "PPD SABAK BERNAM", "web_level": "Sekolah Menengah", "web_address": "-", "web_pbt": "MDSB" }, "geometry": { "type": "Point", "coordinates": [ 100.976644100000044, 3.761176688000035 ] } },
{ "type": "Feature", "properties": { "Nama_Sekol": "SAM PARIT BARU", "PPD": "PPD SABAK BERNAM", "PBT": "MDSB", "JenisWarta": "Tiada", "Tahap_Seko": "Sekolah Menengah", "Koordinat_": 3.804577927, "Koordinat1": 100.8461934, "web_name": "SAM PARIT BARU", "web_code": "-", "web_type": "Tiada", "web_district": "Sabak Bernam", "web_ppd": "PPD SABAK BERNAM", "web_level": "Sekolah Menengah", "web_address": "-", "web_pbt": "MDSB" }, "geometry": { "type": "Point", "coordinates": [ 100.846193400000061, 3.804577927000025 ] } },
{ "type": "Feature", "properties": { "Nama_Sekol": "SAM PASIR PANJANG", "PPD": "PPD SABAK BERNAM", "PBT": "MDSB", "JenisWarta": "Tiada", "Tahap_Seko": "Sekolah Menengah", "Koordinat_": 3.573441205, "Koordinat1": 101.0661077, "web_name": "SAM PASIR PANJANG", "web_code": "-", "web_type": "Tiada", "web_district": "Sabak Bernam", "web_ppd": "PPD SABAK BERNAM", "web_level": "Sekolah Menengah", "web_address": "-", "web_pbt": "MDSB" }, "geometry": { "type": "Point", "coordinates": [ 101.066107700000032, 3.573441205000051 ] } },
{ "type": "Feature", "properties": { "Nama_Sekol": "SAM SUNGAI HAJI DORANI", "PPD": "PPD SABAK BERNAM", "PBT": "MDSB", "JenisWarta": "Tiada", "Tahap_Seko": "Sekolah Menengah", "Koordinat_": 3.637469, "Koordinat1": 101.023593, "web_name": "SAM SUNGAI HAJI DORANI", "web_code": "-", "web_type": "Tiada", "web_district": "Sabak Bernam", "web_ppd": "PPD SABAK BERNAM", "web_level": "Sekolah Menengah", "web_address": "-", "web_pbt": "MDSB" }, "geometry": { "type": "Point", "coordinates": [ 101.023593, 3.637469 ] } },
{ "type": "Feature", "properties": { "Nama_Sekol": "SAM TENGKU AMPUAN JEMAAH", "PPD": "PPD SABAK BERNAM", "PBT": "MDSB", "JenisWarta": "Tiada", "Tahap_Seko": "Sekolah Menengah", "Koordinat_": 3.674097301, "Koordinat1": 100.9797862, "web_name": "SAM TENGKU AMPUAN JEMAAH", "web_code": "-", "web_type": "Tiada", "web_district": "Sabak Bernam", "web_ppd": "PPD SABAK BERNAM", "web_level": "Sekolah Menengah", "web_address": "-", "web_pbt": "MDSB" }, "geometry": { "type": "Point", "coordinates": [ 100.979786200000035, 3.674097301000074 ] } },
{ "type": "Feature", "properties": { "Nama_Sekol": "SAMT SULTAN SALAHUDDIN ABD AZIZ SHAH", "PPD": "PPD SABAK BERNAM", "PBT": "MDSB", "JenisWarta": "Tiada", "Tahap_Seko": "Sekolah Menengah", "Koordinat_": 3.753040079, "Koordinat1": 100.955065, "web_name": "SAMT SULTAN SALAHUDDIN ABD AZIZ SHAH", "web_code": "-", "web_type": "Tiada", "web_district": "Sabak Bernam", "web_ppd": "PPD SABAK BERNAM", "web_level": "Sekolah Menengah", "web_address": "-", "web_pbt": "MDSB" }, "geometry": { "type": "Point", "coordinates": [ 100.955065, 3.753040079000073 ] } },
{ "type": "Feature", "properties": { "Nama_Sekol": "SEKOLAH BERASRAMA PENUH INTEGRASI SABAK BERNAM", "PPD": "PPD SABAK BERNAM", "PBT": "MDSB", "JenisWarta": "TM_KPM", "Tahap_Seko": "Sekolah Menengah", "Koordinat_": 3.804206628, "Koordinat1": 100.8160574, "web_name": "SEKOLAH BERASRAMA PENUH INTEGRASI SABAK BERNAM", "web_code": "-", "web_type": "TM_KPM", "web_district": "Sabak Bernam", "web_ppd": "PPD SABAK BERNAM", "web_level": "Sekolah Menengah", "web_address": "-", "web_pbt": "MDSB" }, "geometry": { "type": "Point", "coordinates": [ 100.816057400000034, 3.804206628000031 ] } },
{ "type": "Feature", "properties": { "Nama_Sekol": "SEKOLAH MENENGAH KEBANGSAAN AGAMA TUN RAHAH", "PPD": "PPD SABAK BERNAM", "PBT": "MDSB", "JenisWarta": "TM_KPM", "Tahap_Seko": "Sekolah Menengah", "Koordinat_": 3.617719049, "Koordinat1": 101.049781, "web_name": "SEKOLAH MENENGAH KEBANGSAAN AGAMA TUN RAHAH", "web_code": "-", "web_type": "TM_KPM", "web_district": "Sabak Bernam", "web_ppd": "PPD SABAK BERNAM", "web_level": "Sekolah Menengah", "web_address": "-", "web_pbt": "MDSB" }, "geometry": { "type": "Point", "coordinates": [ 101.049781, 3.617719049000073 ] } },
{ "type": "Feature", "properties": { "Nama_Sekol": "SEKOLAH MENENGAH KEBANGSAAN BAGAN TERAP", "PPD": "PPD SABAK BERNAM", "PBT": "MDSB", "JenisWarta": "TM_KPM", "Tahap_Seko": "Sekolah Menengah", "Koordinat_": 3.747170594, "Koordinat1": 101.0570818, "web_name": "SEKOLAH MENENGAH KEBANGSAAN BAGAN TERAP", "web_code": "-", "web_type": "TM_KPM", "web_district": "Sabak Bernam", "web_ppd": "PPD SABAK BERNAM", "web_level": "Sekolah Menengah", "web_address": "-", "web_pbt": "MDSB" }, "geometry": { "type": "Point", "coordinates": [ 101.057081800000049, 3.747170594000067 ] } },
{ "type": "Feature", "properties": { "Nama_Sekol": "SEKOLAH MENENGAH KEBANGSAAN DATO MUSTAFFA", "PPD": "PPD SABAK BERNAM", "PBT": "MDSB", "JenisWarta": "Tiada", "Tahap_Seko": "Sekolah Menengah", "Koordinat_": 3.566551, "Koordinat1": 101.07197, "web_name": "SEKOLAH MENENGAH KEBANGSAAN DATO MUSTAFFA", "web_code": "-", "web_type": "Tiada", "web_district": "Sabak Bernam", "web_ppd": "PPD SABAK BERNAM", "web_level": "Sekolah Menengah", "web_address": "-", "web_pbt": "MDSB" }, "geometry": { "type": "Point", "coordinates": [ 101.07197, 3.566551 ] } },
{ "type": "Feature", "properties": { "Nama_Sekol": "SEKOLAH MENENGAH KEBANGSAAN MUNSHI ABDULLAH", "PPD": "PPD SABAK BERNAM", "PBT": "MDSB", "JenisWarta": "TM_KPM", "Tahap_Seko": "Sekolah Menengah", "Koordinat_": 3.812666881, "Koordinat1": 100.8970934, "web_name": "SEKOLAH MENENGAH KEBANGSAAN MUNSHI ABDULLAH", "web_code": "-", "web_type": "TM_KPM", "web_district": "Sabak Bernam", "web_ppd": "PPD SABAK BERNAM", "web_level": "Sekolah Menengah", "web_address": "-", "web_pbt": "MDSB" }, "geometry": { "type": "Point", "coordinates": [ 100.897093400000074, 3.812666881000041 ] } },
{ "type": "Feature", "properties": { "Nama_Sekol": "SEKOLAH MENENGAH KEBANGSAAN SERI BEDENA", "PPD": "PPD SABAK BERNAM", "PBT": "MDSB", "JenisWarta": "TM_KPM", "Tahap_Seko": "Sekolah Menengah", "Koordinat_": 3.678599, "Koordinat1": 100.98352, "web_name": "SEKOLAH MENENGAH KEBANGSAAN SERI BEDENA", "web_code": "-", "web_type": "TM_KPM", "web_district": "Sabak Bernam", "web_ppd": "PPD SABAK BERNAM", "web_level": "Sekolah Menengah", "web_address": "-", "web_pbt": "MDSB" }, "geometry": { "type": "Point", "coordinates": [ 100.98352, 3.678599 ] } },
{ "type": "Feature", "properties": { "Nama_Sekol": "SEKOLAH MENENGAH KEBANGSAAN SUNGAI BESAR", "PPD": "PPD SABAK BERNAM", "PBT": "MDSB", "JenisWarta": "TM_KPM", "Tahap_Seko": "Sekolah Menengah", "Koordinat_": 3.677788, "Koordinat1": 100.992263, "web_name": "SEKOLAH MENENGAH KEBANGSAAN SUNGAI BESAR", "web_code": "-", "web_type": "TM_KPM", "web_district": "Sabak Bernam", "web_ppd": "PPD SABAK BERNAM", "web_level": "Sekolah Menengah", "web_address": "-", "web_pbt": "MDSB" }, "geometry": { "type": "Point", "coordinates": [ 100.992263, 3.677788 ] } },
{ "type": "Feature", "properties": { "Nama_Sekol": "SEKOLAH MENENGAH KEBANGSAAN UNGKU AZIZ", "PPD": "PPD SABAK BERNAM", "PBT": "MDSB", "JenisWarta": "TM_KPM", "Tahap_Seko": "Sekolah Menengah", "Koordinat_": 3.769653, "Koordinat1": 100.988777, "web_name": "SEKOLAH MENENGAH KEBANGSAAN UNGKU AZIZ", "web_code": "-", "web_type": "TM_KPM", "web_district": "Sabak Bernam", "web_ppd": "PPD SABAK BERNAM", "web_level": "Sekolah Menengah", "web_address": "-", "web_pbt": "MDSB" }, "geometry": { "type": "Point", "coordinates": [ 100.988777, 3.769653 ] } },
{ "type": "Feature", "properties": { "Nama_Sekol": "SEKOLAH MENENGAH KEBANGSAAN YOKE KUAN", "PPD": "PPD SABAK BERNAM", "PBT": "MDSB", "JenisWarta": "Tiada", "Tahap_Seko": "Sekolah Menengah", "Koordinat_": 3.511549704, "Koordinat1": 101.1025751, "web_name": "SEKOLAH MENENGAH KEBANGSAAN YOKE KUAN", "web_code": "-", "web_type": "Tiada", "web_district": "Sabak Bernam", "web_ppd": "PPD SABAK BERNAM", "web_level": "Sekolah Menengah", "web_address": "-", "web_pbt": "MDSB" }, "geometry": { "type": "Point", "coordinates": [ 101.102575100000081, 3.511549704000061 ] } }
]
}
